{"group_ID": 1, "generation_ID": 10, "individual_ID": 5, "rank": 8, "number_of_nan": 4, "search_time": 42.199999999999996, "ancestors": [6, 11, 20, 10, 21, 1, 14, 13, 4], "ancestor_ranks": [1, 0, 0, 1, 1, 4, 3, 4, 5], "is_for_training": true, "weight_of_cost_no_call_goal_pre": 3.8589015638023647, "weight_of_cost_no_call_goal_post": 1.1657012862467722, "weight_of_cost_call_goal": 11.305111349828953, "weight_of_cost_call_goal_pre": 3.402628133007966, "weight_of_cost_call_goal_post": 1.136812656647967}