{"group_ID": 0, "generation_ID": 8, "individual_ID": 17, "rank": 18, "number_of_nan": 10, "search_time": 27.200000000000003, "ancestors": [1, 10, 0, 0, 0, 0, 20], "ancestor_ranks": [0, 0, 0, 0, 0, 0, 7], "is_for_training": true, "weight_of_cost_no_call_goal_pre": 2.018029498439271, "weight_of_cost_no_call_goal_post": 0.7160745754227065, "weight_of_cost_call_goal": 10.900818769834734, "weight_of_cost_call_goal_pre": 2.6193960414556896, "weight_of_cost_call_goal_post": 0.5898052691648011}