{"group_ID": 0, "generation_ID": 8, "individual_ID": 10, "rank": 5, "number_of_nan": 2, "search_time": 56.599999999999994, "ancestors": [1, 10, 0, 0, 0, 0, 0], "ancestor_ranks": [0, 0, 0, 0, 0, 0, 0], "is_for_training": true, "weight_of_cost_no_call_goal_pre": 2.610895452741931, "weight_of_cost_no_call_goal_post": 0.9217063107180531, "weight_of_cost_call_goal": 10.65960321924573, "weight_of_cost_call_goal_pre": 2.497057355245193, "weight_of_cost_call_goal_post": 0.7713450044695308}