{"group_ID": 1, "generation_ID": 10, "individual_ID": 18, "rank": 21, "number_of_nan": 18, "search_time": 3.7, "ancestors": [6, 11, 20, 10, 21, 1, 14, 13, 14], "ancestor_ranks": [1, 0, 0, 1, 1, 4, 3, 4, 8], "is_for_training": true, "weight_of_cost_no_call_goal_pre": 3.2719018868741254, "weight_of_cost_no_call_goal_post": 1.5959367645160332, "weight_of_cost_call_goal": 16.079984914528982, "weight_of_cost_call_goal_pre": 3.267837681767811, "weight_of_cost_call_goal_post": 1.4677366961955678}