{"group_ID": 1, "generation_ID": 9, "individual_ID": 12, "rank": 19, "number_of_nan": 18, "search_time": 7.4, "ancestors": [6, 11, 20, 0, 12, 16, 1, 2], "ancestor_ranks": [1, 0, 0, 2, 6, 1, 2, 2], "is_for_training": true, "weight_of_cost_no_call_goal_pre": 3.175722669806764, "weight_of_cost_no_call_goal_post": 1.1665055065547107, "weight_of_cost_call_goal": 10.200594461608043, "weight_of_cost_call_goal_pre": 3.9858589839775176, "weight_of_cost_call_goal_post": 1.272745809301514}