{"group_ID": 0, "generation_ID": 9, "individual_ID": 17, "rank": 17, "number_of_nan": 5, "search_time": 35.7, "ancestors": [1, 0, 1, 1, 3, 4, 17, 3], "ancestor_ranks": [0, 1, 1, 3, 4, 7, 3, 7], "is_for_training": true, "weight_of_cost_no_call_goal_pre": 3.4964682161477687, "weight_of_cost_no_call_goal_post": 0.7245802010624849, "weight_of_cost_call_goal": 8.439377109547756, "weight_of_cost_call_goal_pre": 3.561096217871108, "weight_of_cost_call_goal_post": 0.7406024287451294}