{"group_ID": 1, "generation_ID": 10, "individual_ID": 8, "rank": 11, "number_of_nan": 4, "search_time": 45.3, "ancestors": [6, 11, 20, 10, 21, 1, 14, 13, 14], "ancestor_ranks": [1, 0, 0, 1, 1, 4, 3, 4, 8], "is_for_training": true, "weight_of_cost_no_call_goal_pre": 4.042843228190963, "weight_of_cost_no_call_goal_post": 0.9270668884361905, "weight_of_cost_call_goal": 13.495175177427654, "weight_of_cost_call_goal_pre": 4.063292566659988, "weight_of_cost_call_goal_post": 1.3357840671386714}