{"group_ID": 0, "generation_ID": 8, "individual_ID": 12, "rank": 14, "number_of_nan": 4, "search_time": 50.4, "ancestors": [1, 0, 1, 1, 3, 14, 2], "ancestor_ranks": [0, 1, 1, 3, 4, 2, 2], "is_for_training": true, "weight_of_cost_no_call_goal_pre": 2.4402266129611156, "weight_of_cost_no_call_goal_post": 0.9666198787601514, "weight_of_cost_call_goal": 10.51171039907152, "weight_of_cost_call_goal_pre": 3.4096227599833346, "weight_of_cost_call_goal_post": 0.7835961485150837}