{"group_ID": 1, "generation_ID": 9, "individual_ID": 20, "rank": 4, "number_of_nan": 4, "search_time": 40.9, "ancestors": [6, 11, 20, 0, 12, 16, 21, 0], "ancestor_ranks": [1, 0, 0, 2, 6, 1, 0, 0], "is_for_training": true, "weight_of_cost_no_call_goal_pre": 2.3900231236788834, "weight_of_cost_no_call_goal_post": 1.2536675030481648, "weight_of_cost_call_goal": 7.989796875794635, "weight_of_cost_call_goal_pre": 2.3458111491387656, "weight_of_cost_call_goal_post": 1.4987675232236108}