{"group_ID": 1, "generation_ID": 4, "individual_ID": 2, "rank": 7, "number_of_nan": 9, "search_time": 23.799999999999997, "ancestors": [6, 21, 21], "ancestor_ranks": [1, 1, 2], "is_for_training": true, "weight_of_cost_no_call_goal_pre": 3.6964687739383835, "weight_of_cost_no_call_goal_post": 1.1931681028994976, "weight_of_cost_call_goal": 11.354419353592482, "weight_of_cost_call_goal_pre": 3.3364450034871704, "weight_of_cost_call_goal_post": 1.1563868397073378}