{"group_ID": 1, "generation_ID": 9, "individual_ID": 10, "rank": 15, "number_of_nan": 15, "search_time": 24.800000000000004, "ancestors": [6, 11, 20, 0, 12, 16, 21, 0], "ancestor_ranks": [1, 0, 0, 2, 6, 1, 0, 0], "is_for_training": true, "weight_of_cost_no_call_goal_pre": 2.51473779204122, "weight_of_cost_no_call_goal_post": 1.2924779723117965, "weight_of_cost_call_goal": 7.850839348928158, "weight_of_cost_call_goal_pre": 2.737470496592267, "weight_of_cost_call_goal_post": 1.2308992773950418}