{"group_ID": 0, "generation_ID": 9, "individual_ID": 16, "rank": 18, "number_of_nan": 8, "search_time": 32.0, "ancestors": [1, 0, 1, 1, 3, 14, 2, 2], "ancestor_ranks": [0, 1, 1, 3, 4, 2, 2, 6], "is_for_training": true, "weight_of_cost_no_call_goal_pre": 2.8346988104336965, "weight_of_cost_no_call_goal_post": 0.8516077074743995, "weight_of_cost_call_goal": 11.023869678414476, "weight_of_cost_call_goal_pre": 2.5251511740616257, "weight_of_cost_call_goal_post": 0.9521232199401634}