{"group_ID": 1, "generation_ID": 9, "individual_ID": 7, "rank": 9, "number_of_nan": 4, "search_time": 45.8, "ancestors": [6, 11, 20, 10, 21, 1, 4, 6], "ancestor_ranks": [1, 0, 0, 1, 1, 4, 6, 7], "is_for_training": true, "weight_of_cost_no_call_goal_pre": 3.583896578471039, "weight_of_cost_no_call_goal_post": 1.0831380102019412, "weight_of_cost_call_goal": 11.490371620276266, "weight_of_cost_call_goal_pre": 4.028514596252574, "weight_of_cost_call_goal_post": 1.1698111280368857}