{"group_ID": 0, "generation_ID": 10, "individual_ID": 20, "rank": 15, "number_of_nan": 4, "search_time": 45.2, "ancestors": [1, 0, 1, 21, 14, 1, 1, 11, 10], "ancestor_ranks": [0, 1, 1, 4, 1, 1, 1, 0, 0], "is_for_training": true, "weight_of_cost_no_call_goal_pre": 1.9296294089407402, "weight_of_cost_no_call_goal_post": 1.0238768521925707, "weight_of_cost_call_goal": 10.500397390507398, "weight_of_cost_call_goal_pre": 2.105777189744989, "weight_of_cost_call_goal_post": 0.882350219963044}