{"group_ID": 0, "generation_ID": 8, "individual_ID": 14, "rank": 19, "number_of_nan": 17, "search_time": 17.1, "ancestors": [1, 10, 0, 0, 0, 10, 3], "ancestor_ranks": [0, 0, 0, 0, 0, 3, 4], "is_for_training": true, "weight_of_cost_no_call_goal_pre": 2.2366827452597526, "weight_of_cost_no_call_goal_post": 0.8774759185401806, "weight_of_cost_call_goal": 13.527334718653563, "weight_of_cost_call_goal_pre": 1.828211478305705, "weight_of_cost_call_goal_post": 0.720127526950083}