{"group_ID": 1, "generation_ID": 7, "individual_ID": 14, "rank": 3, "number_of_nan": 3, "search_time": 55.9, "ancestors": [6, 11, 20, 10, 21, 1], "ancestor_ranks": [1, 0, 0, 1, 1, 4], "is_for_training": true, "weight_of_cost_no_call_goal_pre": 3.6905979044403985, "weight_of_cost_no_call_goal_post": 1.2664301759095808, "weight_of_cost_call_goal": 13.335658254333111, "weight_of_cost_call_goal_pre": 3.919605713641938, "weight_of_cost_call_goal_post": 1.0559984102026214}