{"group_ID": 0, "generation_ID": 9, "individual_ID": 12, "rank": 15, "number_of_nan": 5, "search_time": 32.7, "ancestors": [1, 0, 1, 21, 14, 1, 1, 1], "ancestor_ranks": [0, 1, 1, 4, 1, 1, 1, 2], "is_for_training": true, "weight_of_cost_no_call_goal_pre": 2.241730286182821, "weight_of_cost_no_call_goal_post": 0.7500175666231765, "weight_of_cost_call_goal": 11.616347818330429, "weight_of_cost_call_goal_pre": 1.6720231786072888, "weight_of_cost_call_goal_post": 0.6611545514063659}