{"group_ID": 0, "generation_ID": 10, "individual_ID": 16, "rank": 11, "number_of_nan": 3, "search_time": 47.89999999999999, "ancestors": [1, 0, 1, 1, 3, 4, 7, 19, 4], "ancestor_ranks": [0, 1, 1, 3, 4, 7, 9, 4, 6], "is_for_training": true, "weight_of_cost_no_call_goal_pre": 2.955192505283401, "weight_of_cost_no_call_goal_post": 1.1620546419053137, "weight_of_cost_call_goal": 8.036048155889228, "weight_of_cost_call_goal_pre": 2.1689662112285673, "weight_of_cost_call_goal_post": 0.9415274983381303}