{"group_ID": 0, "generation_ID": 7, "individual_ID": 1, "rank": 1, "number_of_nan": 2, "search_time": 53.099999999999994, "ancestors": [1, 0, 1, 21, 14, 1], "ancestor_ranks": [0, 1, 1, 4, 1, 1], "is_for_training": true, "weight_of_cost_no_call_goal_pre": 2.522685622105908, "weight_of_cost_no_call_goal_post": 0.9359744203986875, "weight_of_cost_call_goal": 10.289971648266903, "weight_of_cost_call_goal_pre": 2.0045553738809, "weight_of_cost_call_goal_post": 0.7950673177211682}