{"group_ID": 1, "generation_ID": 9, "individual_ID": 16, "rank": 20, "number_of_nan": 18, "search_time": 9.3, "ancestors": [6, 11, 20, 10, 21, 21, 3, 5], "ancestor_ranks": [1, 0, 0, 1, 1, 3, 5, 6], "is_for_training": true, "weight_of_cost_no_call_goal_pre": 3.4054667951899082, "weight_of_cost_no_call_goal_post": 1.0269038629203135, "weight_of_cost_call_goal": 11.557601975890876, "weight_of_cost_call_goal_pre": 4.747696500482613, "weight_of_cost_call_goal_post": 0.975676536669244}