{"group_ID": 0, "generation_ID": 9, "individual_ID": 14, "rank": 16, "number_of_nan": 5, "search_time": 34.800000000000004, "ancestors": [1, 0, 1, 1, 3, 4, 7, 19], "ancestor_ranks": [0, 1, 1, 3, 4, 7, 9, 4], "is_for_training": true, "weight_of_cost_no_call_goal_pre": 2.8651952196401647, "weight_of_cost_no_call_goal_post": 1.0491833890301943, "weight_of_cost_call_goal": 9.37071697951509, "weight_of_cost_call_goal_pre": 2.9222430191240267, "weight_of_cost_call_goal_post": 1.1604965586398956}