{"group_ID": 0, "generation_ID": 8, "individual_ID": 18, "rank": 15, "number_of_nan": 4, "search_time": 53.300000000000004, "ancestors": [7, 12, 14, 18, 2, 3, 6], "ancestor_ranks": [2, 4, 8, 2, 3, 6, 8], "is_for_training": true, "weight_of_cost_no_call_goal_pre": 4.276588670469476, "weight_of_cost_no_call_goal_post": 1.0350077289800108, "weight_of_cost_call_goal": 15.802690954777447, "weight_of_cost_call_goal_pre": 4.174519725608722, "weight_of_cost_call_goal_post": 0.8681820190898087}