{"group_ID": 0, "generation_ID": 3, "individual_ID": 12, "rank": 21, "number_of_nan": 18, "search_time": 13.100000000000001, "ancestors": [5, 1], "ancestor_ranks": [1, 2], "is_for_training": true, "weight_of_cost_no_call_goal_pre": 3.4412822043792755, "weight_of_cost_no_call_goal_post": 1.0491871247926965, "weight_of_cost_call_goal": 12.590478293323214, "weight_of_cost_call_goal_pre": 3.602809678057031, "weight_of_cost_call_goal_post": 1.0918526643219786}