{"group_ID": 1, "generation_ID": 8, "individual_ID": 18, "rank": 18, "number_of_nan": 9, "search_time": 28.299999999999997, "ancestors": [6, 11, 20, 0, 12, 16, 11], "ancestor_ranks": [1, 0, 0, 2, 6, 1, 8], "is_for_training": true, "weight_of_cost_no_call_goal_pre": 3.985287886895038, "weight_of_cost_no_call_goal_post": 1.4817058945192814, "weight_of_cost_call_goal": 7.660953095953624, "weight_of_cost_call_goal_pre": 3.572293912623259, "weight_of_cost_call_goal_post": 1.3791098493390233}