{"group_ID": 1, "generation_ID": 10, "individual_ID": 12, "rank": 1, "number_of_nan": 3, "search_time": 45.3, "ancestors": [6, 11, 20, 0, 12, 16, 1, 2, 2], "ancestor_ranks": [1, 0, 0, 2, 6, 1, 2, 2, 2], "is_for_training": true, "weight_of_cost_no_call_goal_pre": 3.8447513001520153, "weight_of_cost_no_call_goal_post": 1.339313380278037, "weight_of_cost_call_goal": 7.275320232812056, "weight_of_cost_call_goal_pre": 2.7648643779873505, "weight_of_cost_call_goal_post": 1.5068529782630595}