{"group_ID": 1, "generation_ID": 8, "individual_ID": 10, "rank": 20, "number_of_nan": 17, "search_time": 15.700000000000001, "ancestors": [6, 11, 20, 0, 12, 16, 21], "ancestor_ranks": [1, 0, 0, 2, 6, 1, 0], "is_for_training": true, "weight_of_cost_no_call_goal_pre": 2.694264138560245, "weight_of_cost_no_call_goal_post": 1.4577063290094774, "weight_of_cost_call_goal": 8.659079006028955, "weight_of_cost_call_goal_pre": 2.364836271727752, "weight_of_cost_call_goal_post": 1.4271273458703595}