{"group_ID": 1, "generation_ID": 10, "individual_ID": 7, "rank": 10, "number_of_nan": 4, "search_time": 43.7, "ancestors": [6, 11, 20, 10, 21, 21, 3, 5, 6], "ancestor_ranks": [1, 0, 0, 1, 1, 3, 5, 6, 7], "is_for_training": true, "weight_of_cost_no_call_goal_pre": 4.33546427412779, "weight_of_cost_no_call_goal_post": 1.2200529913768159, "weight_of_cost_call_goal": 11.614789225320065, "weight_of_cost_call_goal_pre": 4.199510516150022, "weight_of_cost_call_goal_post": 1.0084108398181408}