{"group_ID": 0, "generation_ID": 10, "individual_ID": 3, "rank": 4, "number_of_nan": 2, "search_time": 51.4, "ancestors": [1, 10, 0, 0, 0, 0, 0, 0, 11], "ancestor_ranks": [0, 0, 0, 0, 0, 0, 0, 1, 3], "is_for_training": true, "weight_of_cost_no_call_goal_pre": 2.830354716068621, "weight_of_cost_no_call_goal_post": 0.7183987820242513, "weight_of_cost_call_goal": 10.067085385714911, "weight_of_cost_call_goal_pre": 2.224822997761784, "weight_of_cost_call_goal_post": 0.6987247533445857}