{"group_ID": 0, "generation_ID": 10, "individual_ID": 12, "rank": 12, "number_of_nan": 3, "search_time": 54.099999999999994, "ancestors": [1, 10, 0, 0, 0, 0, 0, 0, 1], "ancestor_ranks": [0, 0, 0, 0, 0, 0, 0, 1, 2], "is_for_training": true, "weight_of_cost_no_call_goal_pre": 2.521377348193085, "weight_of_cost_no_call_goal_post": 0.8887302960171081, "weight_of_cost_call_goal": 13.25891262344008, "weight_of_cost_call_goal_pre": 2.8304834072723413, "weight_of_cost_call_goal_post": 0.9433472576016565}