{"group_ID": 1, "generation_ID": 10, "individual_ID": 21, "rank": 2, "number_of_nan": 3, "search_time": 45.800000000000004, "ancestors": [4, 0, 13, 1, 15, 19, 0, 1, 1], "ancestor_ranks": [0, 3, 1, 5, 9, 0, 1, 1, 1], "is_for_training": true, "weight_of_cost_no_call_goal_pre": 4.033168175537385, "weight_of_cost_no_call_goal_post": 0.9445382442628967, "weight_of_cost_call_goal": 8.889485199755791, "weight_of_cost_call_goal_pre": 2.7901379505002213, "weight_of_cost_call_goal_post": 1.056484599182664}