{"group_ID": 0, "generation_ID": 6, "individual_ID": 19, "rank": 19, "number_of_nan": 17, "search_time": 9.700000000000001, "ancestors": [5, 1, 2, 14, 17], "ancestor_ranks": [1, 2, 4, 7, 9], "is_for_training": true, "weight_of_cost_no_call_goal_pre": 2.742068151076541, "weight_of_cost_no_call_goal_post": 1.3753802462276221, "weight_of_cost_call_goal": 11.922014313843066, "weight_of_cost_call_goal_pre": 3.1912098674623817, "weight_of_cost_call_goal_post": 1.4052585505630337}