{"group_ID": 1, "generation_ID": 7, "individual_ID": 15, "rank": 19, "number_of_nan": 11, "search_time": 16.2, "ancestors": [6, 11, 20, 10, 1, 2], "ancestor_ranks": [1, 0, 0, 1, 2, 5], "is_for_training": true, "weight_of_cost_no_call_goal_pre": 3.782565183452983, "weight_of_cost_no_call_goal_post": 1.5158724079664543, "weight_of_cost_call_goal": 12.321350226474895, "weight_of_cost_call_goal_pre": 3.9436345141458395, "weight_of_cost_call_goal_post": 1.171285440112142}