{"group_ID": 1, "generation_ID": 10, "individual_ID": 15, "rank": 14, "number_of_nan": 4, "search_time": 47.5, "ancestors": [6, 11, 20, 10, 21, 1, 14, 13, 4], "ancestor_ranks": [1, 0, 0, 1, 1, 4, 3, 4, 5], "is_for_training": true, "weight_of_cost_no_call_goal_pre": 4.018367161074876, "weight_of_cost_no_call_goal_post": 1.0522163452427913, "weight_of_cost_call_goal": 10.969576824609502, "weight_of_cost_call_goal_pre": 4.0080438445087045, "weight_of_cost_call_goal_post": 1.0398357107360439}