{"group_ID": 1, "generation_ID": 10, "individual_ID": 20, "rank": 15, "number_of_nan": 5, "search_time": 37.0, "ancestors": [6, 11, 20, 0, 12, 16, 21, 0, 0], "ancestor_ranks": [1, 0, 0, 2, 6, 1, 0, 0, 0], "is_for_training": true, "weight_of_cost_no_call_goal_pre": 2.801869093327753, "weight_of_cost_no_call_goal_post": 1.459520209845989, "weight_of_cost_call_goal": 10.239714699544988, "weight_of_cost_call_goal_pre": 3.06383895552843, "weight_of_cost_call_goal_post": 1.5493267285816177}