{"group_ID": 1, "generation_ID": 10, "individual_ID": 11, "rank": 20, "number_of_nan": 17, "search_time": 14.9, "ancestors": [4, 0, 13, 1, 15, 19, 0, 1, 1], "ancestor_ranks": [0, 3, 1, 5, 9, 0, 1, 1, 1], "is_for_training": true, "weight_of_cost_no_call_goal_pre": 3.487754208246423, "weight_of_cost_no_call_goal_post": 0.8365751878553962, "weight_of_cost_call_goal": 8.904213471949856, "weight_of_cost_call_goal_pre": 2.756133124683015, "weight_of_cost_call_goal_post": 1.038590919595932}