{"group_ID": 0, "generation_ID": 7, "individual_ID": 13, "rank": 14, "number_of_nan": 4, "search_time": 52.0, "ancestors": [1, 10, 0, 0, 0, 10], "ancestor_ranks": [0, 0, 0, 0, 0, 3], "is_for_training": true, "weight_of_cost_no_call_goal_pre": 1.7191687227742571, "weight_of_cost_no_call_goal_post": 0.8423524913623783, "weight_of_cost_call_goal": 10.799139785155552, "weight_of_cost_call_goal_pre": 2.2160344970819983, "weight_of_cost_call_goal_post": 0.8625717428396947}