{"group_ID": 1, "generation_ID": 9, "individual_ID": 19, "rank": 17, "number_of_nan": 18, "search_time": 4.4, "ancestors": [6, 11, 20, 0, 12, 16, 11, 8], "ancestor_ranks": [1, 0, 0, 2, 6, 1, 8, 9], "is_for_training": true, "weight_of_cost_no_call_goal_pre": 3.2481774342387197, "weight_of_cost_no_call_goal_post": 1.115165766232763, "weight_of_cost_call_goal": 7.332717648886663, "weight_of_cost_call_goal_pre": 3.8370693334563972, "weight_of_cost_call_goal_post": 1.0356154813321234}