{"group_ID": 0, "generation_ID": 10, "individual_ID": 21, "rank": 16, "number_of_nan": 4, "search_time": 47.4, "ancestors": [1, 0, 1, 21, 14, 1, 1, 11, 0], "ancestor_ranks": [0, 1, 1, 4, 1, 1, 1, 0, 1], "is_for_training": true, "weight_of_cost_no_call_goal_pre": 1.8662144929554523, "weight_of_cost_no_call_goal_post": 0.8416354873526544, "weight_of_cost_call_goal": 7.996526006742525, "weight_of_cost_call_goal_pre": 2.610596984655279, "weight_of_cost_call_goal_post": 0.8376792042301593}