{"group_ID": 1, "generation_ID": 8, "individual_ID": 19, "rank": 12, "number_of_nan": 5, "search_time": 36.7, "ancestors": [6, 11, 20, 0, 2, 3, 6], "ancestor_ranks": [1, 0, 0, 2, 3, 6, 9], "is_for_training": true, "weight_of_cost_no_call_goal_pre": 3.271076854701101, "weight_of_cost_no_call_goal_post": 1.2304593198912868, "weight_of_cost_call_goal": 10.253706157984189, "weight_of_cost_call_goal_pre": 3.4118381133690265, "weight_of_cost_call_goal_post": 0.9852829370217718}