{"group_ID": 1, "generation_ID": 3, "individual_ID": 16, "rank": 20, "number_of_nan": 18, "search_time": 6.8999999999999995, "ancestors": [4, 10], "ancestor_ranks": [0, 6], "is_for_training": true, "weight_of_cost_no_call_goal_pre": 3.4822650163799533, "weight_of_cost_no_call_goal_post": 0.8556329108432578, "weight_of_cost_call_goal": 9.809258840408926, "weight_of_cost_call_goal_pre": 2.733555256287408, "weight_of_cost_call_goal_post": 0.7752724710421799}