{"group_ID": 1, "generation_ID": 6, "individual_ID": 10, "rank": 17, "number_of_nan": 10, "search_time": 23.700000000000003, "ancestors": [4, 0, 13, 21, 0], "ancestor_ranks": [0, 3, 1, 0, 0], "is_for_training": true, "weight_of_cost_no_call_goal_pre": 3.548009551172283, "weight_of_cost_no_call_goal_post": 1.1743425633523588, "weight_of_cost_call_goal": 11.506416793771555, "weight_of_cost_call_goal_pre": 3.467606899804548, "weight_of_cost_call_goal_post": 1.4447588090869594}