{"group_ID": 1, "generation_ID": 3, "individual_ID": 20, "rank": 0, "number_of_nan": 13, "search_time": 52.800000000000004, "ancestors": [6, 11], "ancestor_ranks": [1, 0], "is_for_training": false, "weight_of_cost_no_call_goal_pre": 2.892891817238082, "weight_of_cost_no_call_goal_post": 1.1519527292787588, "weight_of_cost_call_goal": 10.693424953287876, "weight_of_cost_call_goal_pre": 3.2070896595489025, "weight_of_cost_call_goal_post": 1.1070731948434793}