{"group_ID": 0, "generation_ID": 9, "individual_ID": 15, "rank": 13, "number_of_nan": 2, "search_time": 65.2, "ancestors": [1, 10, 0, 0, 0, 0, 0, 10], "ancestor_ranks": [0, 0, 0, 0, 0, 0, 0, 5], "is_for_training": true, "weight_of_cost_no_call_goal_pre": 2.1676531569430093, "weight_of_cost_no_call_goal_post": 0.9076111277579993, "weight_of_cost_call_goal": 12.6164909004144, "weight_of_cost_call_goal_pre": 2.0131922453689004, "weight_of_cost_call_goal_post": 0.7026945662341149}