{"group_ID": 1, "generation_ID": 10, "individual_ID": 19, "rank": 13, "number_of_nan": 4, "search_time": 46.3, "ancestors": [6, 11, 20, 10, 21, 1, 4, 6, 7], "ancestor_ranks": [1, 0, 0, 1, 1, 4, 6, 7, 9], "is_for_training": true, "weight_of_cost_no_call_goal_pre": 3.883008228998758, "weight_of_cost_no_call_goal_post": 1.3906927801057463, "weight_of_cost_call_goal": 11.923992022457735, "weight_of_cost_call_goal_pre": 3.3147204335342755, "weight_of_cost_call_goal_post": 1.184141405860795}