{"group_ID": 1, "generation_ID": 5, "individual_ID": 18, "rank": 20, "number_of_nan": 19, "search_time": 3.3999999999999995, "ancestors": [6, 11, 10, 3], "ancestor_ranks": [1, 0, 3, 8], "is_for_training": true, "weight_of_cost_no_call_goal_pre": 4.023891553253155, "weight_of_cost_no_call_goal_post": 0.9448754891766893, "weight_of_cost_call_goal": 6.16950368193029, "weight_of_cost_call_goal_pre": 3.8628852079880818, "weight_of_cost_call_goal_post": 0.8950368373285215}