{"group_ID": 1, "generation_ID": 9, "individual_ID": 18, "rank": 14, "number_of_nan": 11, "search_time": 24.400000000000002, "ancestors": [6, 11, 20, 10, 1, 2, 5, 7], "ancestor_ranks": [1, 0, 0, 1, 2, 5, 7, 8], "is_for_training": true, "weight_of_cost_no_call_goal_pre": 2.770787997515772, "weight_of_cost_no_call_goal_post": 1.2838784571707198, "weight_of_cost_call_goal": 14.829156084087261, "weight_of_cost_call_goal_pre": 2.846274905520732, "weight_of_cost_call_goal_post": 1.1500044217670344}