{"group_ID": 1, "generation_ID": 9, "individual_ID": 13, "rank": 16, "number_of_nan": 17, "search_time": 18.4, "ancestors": [6, 11, 20, 10, 21, 1, 14, 3], "ancestor_ranks": [1, 0, 0, 1, 1, 4, 3, 3], "is_for_training": true, "weight_of_cost_no_call_goal_pre": 4.113633215542514, "weight_of_cost_no_call_goal_post": 1.262699645818956, "weight_of_cost_call_goal": 11.172705519145092, "weight_of_cost_call_goal_pre": 4.649946149319025, "weight_of_cost_call_goal_post": 1.2441060271025493}