{"group_ID": 1, "generation_ID": 5, "individual_ID": 14, "rank": 21, "number_of_nan": 19, "search_time": 3.5999999999999996, "ancestors": [6, 21, 1, 16], "ancestor_ranks": [1, 1, 6, 4], "is_for_training": true, "weight_of_cost_no_call_goal_pre": 4.180861715730507, "weight_of_cost_no_call_goal_post": 1.046886424338429, "weight_of_cost_call_goal": 12.585539921173002, "weight_of_cost_call_goal_pre": 3.571095573799941, "weight_of_cost_call_goal_post": 1.198256850842848}