{"group_ID": 1, "generation_ID": 8, "individual_ID": 14, "rank": 16, "number_of_nan": 6, "search_time": 38.9, "ancestors": [4, 0, 13, 21, 0, 0, 2], "ancestor_ranks": [0, 3, 1, 0, 0, 2, 4], "is_for_training": true, "weight_of_cost_no_call_goal_pre": 2.669780154002842, "weight_of_cost_no_call_goal_post": 1.4418799394543005, "weight_of_cost_call_goal": 10.178773177452905, "weight_of_cost_call_goal_pre": 3.6236043420219164, "weight_of_cost_call_goal_post": 1.3029866894863662}