{"group_ID": 1, "generation_ID": 7, "individual_ID": 19, "rank": 21, "number_of_nan": 18, "search_time": 5.2, "ancestors": [6, 11, 20, 20, 3, 5], "ancestor_ranks": [1, 0, 0, 3, 5, 9], "is_for_training": true, "weight_of_cost_no_call_goal_pre": 2.5980338703551835, "weight_of_cost_no_call_goal_post": 1.1593490675430767, "weight_of_cost_call_goal": 11.491459714447677, "weight_of_cost_call_goal_pre": 3.1030662111444363, "weight_of_cost_call_goal_post": 0.8788328189967047}