{"group_ID": 0, "generation_ID": 9, "individual_ID": 6, "rank": 8, "number_of_nan": 2, "search_time": 58.099999999999994, "ancestors": [1, 0, 1, 1, 3, 14, 2, 2], "ancestor_ranks": [0, 1, 1, 3, 4, 2, 2, 6], "is_for_training": true, "weight_of_cost_no_call_goal_pre": 3.3484394375659168, "weight_of_cost_no_call_goal_post": 1.006652404082607, "weight_of_cost_call_goal": 9.299770247107967, "weight_of_cost_call_goal_pre": 2.8793899794741282, "weight_of_cost_call_goal_post": 0.9628265011516309}