{"group_ID": 0, "generation_ID": 10, "individual_ID": 6, "rank": 7, "number_of_nan": 2, "search_time": 55.599999999999994, "ancestors": [1, 0, 1, 1, 3, 4, 7, 19, 4], "ancestor_ranks": [0, 1, 1, 3, 4, 7, 9, 4, 6], "is_for_training": true, "weight_of_cost_no_call_goal_pre": 3.4062894888359527, "weight_of_cost_no_call_goal_post": 0.7601747895583508, "weight_of_cost_call_goal": 8.694322155213072, "weight_of_cost_call_goal_pre": 2.6244217256643076, "weight_of_cost_call_goal_post": 1.0031053205839116}