{"group_ID": 1, "generation_ID": 8, "individual_ID": 17, "rank": 17, "number_of_nan": 9, "search_time": 27.599999999999998, "ancestors": [6, 11, 20, 10, 1, 2, 5], "ancestor_ranks": [1, 0, 0, 1, 2, 5, 7], "is_for_training": true, "weight_of_cost_no_call_goal_pre": 3.388951551705206, "weight_of_cost_no_call_goal_post": 1.3972511385124757, "weight_of_cost_call_goal": 13.418670897009894, "weight_of_cost_call_goal_pre": 3.0020638301563007, "weight_of_cost_call_goal_post": 1.5399721062874077}