{"group_ID": 0, "generation_ID": 5, "individual_ID": 3, "rank": 4, "number_of_nan": 3, "search_time": 50.60000000000001, "ancestors": [1, 0, 1, 1], "ancestor_ranks": [0, 1, 1, 3], "is_for_training": true, "weight_of_cost_no_call_goal_pre": 3.2160851405049096, "weight_of_cost_no_call_goal_post": 0.8567786830774402, "weight_of_cost_call_goal": 10.407904039309779, "weight_of_cost_call_goal_pre": 3.031634636855993, "weight_of_cost_call_goal_post": 0.9049130578610554}