{"group_ID": 1, "generation_ID": 5, "individual_ID": 11, "rank": 12, "number_of_nan": 9, "search_time": 30.400000000000002, "ancestors": [6, 11, 20, 10], "ancestor_ranks": [1, 0, 0, 1], "is_for_training": true, "weight_of_cost_no_call_goal_pre": 3.2665863260761, "weight_of_cost_no_call_goal_post": 1.5093031427342456, "weight_of_cost_call_goal": 14.738659026875258, "weight_of_cost_call_goal_pre": 2.8323964814109703, "weight_of_cost_call_goal_post": 1.2519822056645038}