{"group_ID": 1, "generation_ID": 10, "individual_ID": 14, "rank": 16, "number_of_nan": 5, "search_time": 42.9, "ancestors": [6, 11, 20, 0, 12, 16, 21, 0, 20], "ancestor_ranks": [1, 0, 0, 2, 6, 1, 0, 0, 4], "is_for_training": true, "weight_of_cost_no_call_goal_pre": 2.1765645134300513, "weight_of_cost_no_call_goal_post": 1.4456157463015384, "weight_of_cost_call_goal": 8.47084173905708, "weight_of_cost_call_goal_pre": 1.9591024265025305, "weight_of_cost_call_goal_post": 1.370947929855556}