{"group_ID": 0, "generation_ID": 10, "individual_ID": 18, "rank": 18, "number_of_nan": 5, "search_time": 38.2, "ancestors": [1, 0, 1, 1, 3, 14, 2, 2, 6], "ancestor_ranks": [0, 1, 1, 3, 4, 2, 2, 6, 8], "is_for_training": true, "weight_of_cost_no_call_goal_pre": 2.6717282963862123, "weight_of_cost_no_call_goal_post": 0.9573035135935862, "weight_of_cost_call_goal": 9.185206216779703, "weight_of_cost_call_goal_pre": 2.7071221988832725, "weight_of_cost_call_goal_post": 0.9213908873886791}