{"group_ID": 0, "generation_ID": 8, "individual_ID": 21, "rank": 20, "number_of_nan": 18, "search_time": 7.6000000000000005, "ancestors": [1, 0, 1, 21, 14, 1, 1], "ancestor_ranks": [0, 1, 1, 4, 1, 1, 1], "is_for_training": true, "weight_of_cost_no_call_goal_pre": 1.7744401417690834, "weight_of_cost_no_call_goal_post": 0.8376891801639388, "weight_of_cost_call_goal": 9.209942954716363, "weight_of_cost_call_goal_pre": 1.975576162216509, "weight_of_cost_call_goal_post": 0.6760773431743229}