{"group_ID": 0, "generation_ID": 10, "individual_ID": 13, "rank": 21, "number_of_nan": 18, "search_time": 7.1000000000000005, "ancestors": [1, 10, 0, 0, 0, 0, 0, 0, 11], "ancestor_ranks": [0, 0, 0, 0, 0, 0, 0, 1, 3], "is_for_training": true, "weight_of_cost_no_call_goal_pre": 2.3943790194559504, "weight_of_cost_no_call_goal_post": 0.7038167694655856, "weight_of_cost_call_goal": 11.547709181887733, "weight_of_cost_call_goal_pre": 2.138454994924734, "weight_of_cost_call_goal_post": 0.6701390459991481}