{"group_ID": 0, "generation_ID": 5, "individual_ID": 18, "rank": 21, "number_of_nan": 18, "search_time": 13.700000000000001, "ancestors": [5, 1, 2, 4], "ancestor_ranks": [1, 2, 4, 8], "is_for_training": true, "weight_of_cost_no_call_goal_pre": 3.443363112099581, "weight_of_cost_no_call_goal_post": 1.1949030167902552, "weight_of_cost_call_goal": 10.912215062342295, "weight_of_cost_call_goal_pre": 3.113026295735944, "weight_of_cost_call_goal_post": 0.9242344672314811}