{"group_ID": 0, "generation_ID": 10, "individual_ID": 14, "rank": 14, "number_of_nan": 4, "search_time": 43.8, "ancestors": [1, 0, 1, 21, 14, 1, 1, 1, 2], "ancestor_ranks": [0, 1, 1, 4, 1, 1, 1, 2, 4], "is_for_training": true, "weight_of_cost_no_call_goal_pre": 2.0610470712653814, "weight_of_cost_no_call_goal_post": 0.8928672073557663, "weight_of_cost_call_goal": 8.3533130920373, "weight_of_cost_call_goal_pre": 2.138357417701009, "weight_of_cost_call_goal_post": 0.8791793735673108}