{"group_ID": 1, "generation_ID": 7, "individual_ID": 13, "rank": 14, "number_of_nan": 5, "search_time": 39.8, "ancestors": [6, 11, 20, 10, 21, 21], "ancestor_ranks": [1, 0, 0, 1, 1, 3], "is_for_training": true, "weight_of_cost_no_call_goal_pre": 3.6734952269425447, "weight_of_cost_no_call_goal_post": 1.131632921266754, "weight_of_cost_call_goal": 10.047113432706062, "weight_of_cost_call_goal_pre": 4.7520958215021425, "weight_of_cost_call_goal_post": 0.8414063062682418}