{"group_ID": 1, "generation_ID": 3, "individual_ID": 12, "rank": 19, "number_of_nan": 18, "search_time": 4.3999999999999995, "ancestors": [4, 20], "ancestor_ranks": [0, 2], "is_for_training": true, "weight_of_cost_no_call_goal_pre": 2.8256460088486697, "weight_of_cost_no_call_goal_post": 1.1383831949260628, "weight_of_cost_call_goal": 8.992626500720851, "weight_of_cost_call_goal_pre": 2.5397233609918266, "weight_of_cost_call_goal_post": 0.8993236467980765}