{"group_ID": 1, "generation_ID": 10, "individual_ID": 0, "rank": 0, "number_of_nan": 12, "search_time": 59.5, "ancestors": [6, 11, 20, 0, 12, 16, 21, 0, 0], "ancestor_ranks": [1, 0, 0, 2, 6, 1, 0, 0, 0], "is_for_training": false, "weight_of_cost_no_call_goal_pre": 3.478913038087414, "weight_of_cost_no_call_goal_post": 1.1732789680757338, "weight_of_cost_call_goal": 8.76750387303089, "weight_of_cost_call_goal_pre": 2.846387241918953, "weight_of_cost_call_goal_post": 1.3428264808249892}