{"group_ID": 0, "generation_ID": 8, "individual_ID": 16, "rank": 17, "number_of_nan": 8, "search_time": 24.5, "ancestors": [7, 12, 4, 16, 1, 12, 5], "ancestor_ranks": [2, 4, 6, 1, 2, 5, 6], "is_for_training": true, "weight_of_cost_no_call_goal_pre": 4.426565205272809, "weight_of_cost_no_call_goal_post": 0.6765466082140139, "weight_of_cost_call_goal": 13.639346647533264, "weight_of_cost_call_goal_pre": 3.600806879029925, "weight_of_cost_call_goal_post": 0.6205103313359884}