{"group_ID": 1, "generation_ID": 9, "individual_ID": 15, "rank": 21, "number_of_nan": 18, "search_time": 11.700000000000003, "ancestors": [4, 0, 13, 21, 0, 0, 2, 4], "ancestor_ranks": [0, 3, 1, 0, 0, 2, 4, 5], "is_for_training": true, "weight_of_cost_no_call_goal_pre": 3.5309116868568746, "weight_of_cost_no_call_goal_post": 1.4091695601733112, "weight_of_cost_call_goal": 8.361709400574998, "weight_of_cost_call_goal_pre": 3.438031240760382, "weight_of_cost_call_goal_post": 1.2418974147677828}