{"group_ID": 0, "generation_ID": 9, "individual_ID": 18, "rank": 14, "number_of_nan": 4, "search_time": 49.60000000000001, "ancestors": [1, 10, 0, 0, 0, 10, 3, 4], "ancestor_ranks": [0, 0, 0, 0, 0, 3, 4, 8], "is_for_training": true, "weight_of_cost_no_call_goal_pre": 1.8524911114612401, "weight_of_cost_no_call_goal_post": 0.7803954769329694, "weight_of_cost_call_goal": 10.522181655660175, "weight_of_cost_call_goal_pre": 1.8482663797471823, "weight_of_cost_call_goal_post": 0.665007724065051}