{"group_ID": 0, "generation_ID": 9, "individual_ID": 21, "rank": 21, "number_of_nan": 18, "search_time": 8.1, "ancestors": [1, 10, 0, 0, 0, 0, 0, 0], "ancestor_ranks": [0, 0, 0, 0, 0, 0, 0, 1], "is_for_training": true, "weight_of_cost_no_call_goal_pre": 2.4708981857700705, "weight_of_cost_no_call_goal_post": 0.7749840637577761, "weight_of_cost_call_goal": 12.4564069166613, "weight_of_cost_call_goal_pre": 2.5423122705908043, "weight_of_cost_call_goal_post": 0.7738905716600001}