{"group_ID": 1, "generation_ID": 10, "individual_ID": 13, "rank": 4, "number_of_nan": 3, "search_time": 52.3, "ancestors": [6, 11, 20, 10, 21, 1, 14, 3, 3], "ancestor_ranks": [1, 0, 0, 1, 1, 4, 3, 3, 3], "is_for_training": true, "weight_of_cost_no_call_goal_pre": 4.621424619826965, "weight_of_cost_no_call_goal_post": 1.265865082220878, "weight_of_cost_call_goal": 13.101470443836947, "weight_of_cost_call_goal_pre": 3.5047060879076004, "weight_of_cost_call_goal_post": 1.1870074297256932}