{"group_ID": 0, "generation_ID": 6, "individual_ID": 9, "rank": 14, "number_of_nan": 5, "search_time": 33.099999999999994, "ancestors": [5, 1, 2, 14, 17], "ancestor_ranks": [1, 2, 4, 7, 9], "is_for_training": true, "weight_of_cost_no_call_goal_pre": 3.299006576182433, "weight_of_cost_no_call_goal_post": 1.243354576478683, "weight_of_cost_call_goal": 12.237144617788912, "weight_of_cost_call_goal_pre": 3.0984399611434004, "weight_of_cost_call_goal_post": 1.3128371261496266}