{"group_ID": 0, "generation_ID": 10, "individual_ID": 0, "rank": 1, "number_of_nan": 1, "search_time": 64.7, "ancestors": [1, 0, 1, 21, 14, 1, 1, 11, 10], "ancestor_ranks": [0, 1, 1, 4, 1, 1, 1, 0, 0], "is_for_training": true, "weight_of_cost_no_call_goal_pre": 2.3681546419344106, "weight_of_cost_no_call_goal_post": 0.6742679359758579, "weight_of_cost_call_goal": 9.768516720655413, "weight_of_cost_call_goal_pre": 2.1134517131731956, "weight_of_cost_call_goal_post": 0.8540212887870356}