{"group_ID": 0, "generation_ID": 10, "individual_ID": 10, "rank": 20, "number_of_nan": 14, "search_time": 35.300000000000004, "ancestors": [1, 0, 1, 21, 14, 1, 1, 11, 10], "ancestor_ranks": [0, 1, 1, 4, 1, 1, 1, 0, 0], "is_for_training": true, "weight_of_cost_no_call_goal_pre": 1.9919135694586378, "weight_of_cost_no_call_goal_post": 1.0164204625339044, "weight_of_cost_call_goal": 9.814686910080704, "weight_of_cost_call_goal_pre": 1.822190587424104, "weight_of_cost_call_goal_post": 0.9302443141619671}