{"group_ID": 1, "generation_ID": 5, "individual_ID": 15, "rank": 9, "number_of_nan": 8, "search_time": 30.699999999999996, "ancestors": [4, 0, 13, 1], "ancestor_ranks": [0, 3, 1, 5], "is_for_training": true, "weight_of_cost_no_call_goal_pre": 3.243199971734757, "weight_of_cost_no_call_goal_post": 1.2151048559116682, "weight_of_cost_call_goal": 10.253753081085103, "weight_of_cost_call_goal_pre": 3.396712098948961, "weight_of_cost_call_goal_post": 0.9982485036469876}