{"group_ID": 1, "generation_ID": 3, "individual_ID": 19, "rank": 15, "number_of_nan": 18, "search_time": 3.8999999999999995, "ancestors": [7, 2], "ancestor_ranks": [2, 9], "is_for_training": true, "weight_of_cost_no_call_goal_pre": 3.273186422406356, "weight_of_cost_no_call_goal_post": 1.1314371251504451, "weight_of_cost_call_goal": 9.117696234769618, "weight_of_cost_call_goal_pre": 3.369092209779702, "weight_of_cost_call_goal_post": 1.0970185660091083}