{"group_ID": 1, "generation_ID": 8, "individual_ID": 21, "rank": 13, "number_of_nan": 5, "search_time": 39.4, "ancestors": [4, 0, 13, 1, 15, 19, 0], "ancestor_ranks": [0, 3, 1, 5, 9, 0, 1], "is_for_training": true, "weight_of_cost_no_call_goal_pre": 2.759976730295951, "weight_of_cost_no_call_goal_post": 0.8368815315538257, "weight_of_cost_call_goal": 8.056038674961037, "weight_of_cost_call_goal_pre": 3.2933537482755155, "weight_of_cost_call_goal_post": 1.1288724889937667}