{"group_ID": 0, "generation_ID": 9, "individual_ID": 13, "rank": 19, "number_of_nan": 15, "search_time": 32.2, "ancestors": [7, 12, 4, 16, 1, 2, 4, 15], "ancestor_ranks": [2, 4, 6, 1, 2, 4, 5, 3], "is_for_training": true, "weight_of_cost_no_call_goal_pre": 2.6203094093078514, "weight_of_cost_no_call_goal_post": 0.8866712044959366, "weight_of_cost_call_goal": 13.02451626495565, "weight_of_cost_call_goal_pre": 3.3874822049188285, "weight_of_cost_call_goal_post": 0.8624143280476946}