{"group_ID": 1, "generation_ID": 8, "individual_ID": 15, "rank": 14, "number_of_nan": 5, "search_time": 40.800000000000004, "ancestors": [6, 11, 20, 10, 21, 21, 3], "ancestor_ranks": [1, 0, 0, 1, 1, 3, 5], "is_for_training": true, "weight_of_cost_no_call_goal_pre": 4.10481418381972, "weight_of_cost_no_call_goal_post": 1.1532838950370359, "weight_of_cost_call_goal": 13.511735454224414, "weight_of_cost_call_goal_pre": 5.008697153817262, "weight_of_cost_call_goal_post": 1.0055323905714892}