{"group_ID": 1, "generation_ID": 8, "individual_ID": 11, "rank": 15, "number_of_nan": 5, "search_time": 41.2, "ancestors": [4, 0, 13, 1, 15, 19, 0], "ancestor_ranks": [0, 3, 1, 5, 9, 0, 1], "is_for_training": true, "weight_of_cost_no_call_goal_pre": 3.294588379414102, "weight_of_cost_no_call_goal_post": 1.1663704872217384, "weight_of_cost_call_goal": 9.475082037713046, "weight_of_cost_call_goal_pre": 3.759837332962751, "weight_of_cost_call_goal_post": 0.9410841626565826}