{"group_ID": 1, "generation_ID": 8, "individual_ID": 20, "rank": 19, "number_of_nan": 15, "search_time": 20.8, "ancestors": [6, 11, 20, 0, 12, 16, 21], "ancestor_ranks": [1, 0, 0, 2, 6, 1, 0], "is_for_training": true, "weight_of_cost_no_call_goal_pre": 3.3100784599165824, "weight_of_cost_no_call_goal_post": 1.4413115169143662, "weight_of_cost_call_goal": 9.545212454032274, "weight_of_cost_call_goal_pre": 2.798932873389955, "weight_of_cost_call_goal_post": 1.3934783903651646}