{"group_ID": 0, "generation_ID": 10, "individual_ID": 11, "rank": 0, "number_of_nan": 1, "search_time": 58.99999999999999, "ancestors": [1, 0, 1, 21, 14, 1, 1, 11, 0], "ancestor_ranks": [0, 1, 1, 4, 1, 1, 1, 0, 1], "is_for_training": true, "weight_of_cost_no_call_goal_pre": 2.534346470149048, "weight_of_cost_no_call_goal_post": 0.6387651135271039, "weight_of_cost_call_goal": 11.018945688413716, "weight_of_cost_call_goal_pre": 1.8182083149976027, "weight_of_cost_call_goal_post": 0.8587247272672044}