{"group_ID": 0, "generation_ID": 2, "individual_ID": 15, "rank": 13, "number_of_nan": 10, "search_time": 24.400000000000002, "ancestors": [8], "ancestor_ranks": [5], "is_for_training": true, "weight_of_cost_no_call_goal_pre": 2.8593561170877573, "weight_of_cost_no_call_goal_post": 1.208028516907473, "weight_of_cost_call_goal": 9.074436974774146, "weight_of_cost_call_goal_pre": 2.6903932937753385, "weight_of_cost_call_goal_post": 1.0436342688912257}