{"group_ID": 0, "generation_ID": 10, "individual_ID": 17, "rank": 19, "number_of_nan": 5, "search_time": 44.0, "ancestors": [1, 10, 0, 0, 0, 0, 0, 10, 5], "ancestor_ranks": [0, 0, 0, 0, 0, 0, 0, 5, 7], "is_for_training": true, "weight_of_cost_no_call_goal_pre": 2.521036067747672, "weight_of_cost_no_call_goal_post": 0.8195775650126728, "weight_of_cost_call_goal": 11.589237910133242, "weight_of_cost_call_goal_pre": 2.911774930202697, "weight_of_cost_call_goal_post": 0.8093111554872987}