{"group_ID": 0, "generation_ID": 6, "individual_ID": 10, "rank": 3, "number_of_nan": 2, "search_time": 59.099999999999994, "ancestors": [1, 10, 0, 0, 0], "ancestor_ranks": [0, 0, 0, 0, 0], "is_for_training": true, "weight_of_cost_no_call_goal_pre": 2.2571506138584865, "weight_of_cost_no_call_goal_post": 0.9190637732936153, "weight_of_cost_call_goal": 12.199302524342526, "weight_of_cost_call_goal_pre": 2.0480689063546578, "weight_of_cost_call_goal_post": 0.8275681959969781}