{"group_ID": 1, "generation_ID": 10, "individual_ID": 10, "rank": 19, "number_of_nan": 11, "search_time": 13.299999999999999, "ancestors": [6, 11, 20, 0, 12, 16, 21, 0, 0], "ancestor_ranks": [1, 0, 0, 2, 6, 1, 0, 0, 0], "is_for_training": true, "weight_of_cost_no_call_goal_pre": 2.613046388988413, "weight_of_cost_no_call_goal_post": 1.4040350555310028, "weight_of_cost_call_goal": 8.718443572041483, "weight_of_cost_call_goal_pre": 2.5897156117383795, "weight_of_cost_call_goal_post": 1.2498597114422998}