{"group_ID": 1, "generation_ID": 8, "individual_ID": 9, "rank": 11, "number_of_nan": 4, "search_time": 54.2, "ancestors": [6, 11, 20, 0, 2, 3, 6], "ancestor_ranks": [1, 0, 0, 2, 3, 6, 9], "is_for_training": true, "weight_of_cost_no_call_goal_pre": 2.892891817238082, "weight_of_cost_no_call_goal_post": 1.1519527292787588, "weight_of_cost_call_goal": 10.693424953287876, "weight_of_cost_call_goal_pre": 3.2070896595489025, "weight_of_cost_call_goal_post": 1.1070731948434793}