{"group_ID": 0, "generation_ID": 1, "individual_ID": 1, "rank": 0, "number_of_nan": 11, "search_time": 58.300000000000004, "ancestors": [], "ancestor_ranks": [], "is_for_training": false, "weight_of_cost_no_call_goal_pre": 3.2160851405049096, "weight_of_cost_no_call_goal_post": 0.8567786830774402, "weight_of_cost_call_goal": 10.407904039309779, "weight_of_cost_call_goal_pre": 3.031634636855993, "weight_of_cost_call_goal_post": 0.9049130578610554}