{"group_ID": 1, "generation_ID": 6, "individual_ID": 19, "rank": 0, "number_of_nan": 11, "search_time": 63.60000000000001, "ancestors": [4, 0, 13, 1, 15], "ancestor_ranks": [0, 3, 1, 5, 9], "is_for_training": false, "weight_of_cost_no_call_goal_pre": 3.80972389940389, "weight_of_cost_no_call_goal_post": 1.007510895627787, "weight_of_cost_call_goal": 8.3549073213665, "weight_of_cost_call_goal_pre": 3.370132175691438, "weight_of_cost_call_goal_post": 1.0276322303468297}