{"group_ID": 1, "generation_ID": 8, "individual_ID": 12, "rank": 10, "number_of_nan": 4, "search_time": 50.3, "ancestors": [6, 11, 20, 0, 12, 16, 1], "ancestor_ranks": [1, 0, 0, 2, 6, 1, 2], "is_for_training": true, "weight_of_cost_no_call_goal_pre": 3.0501194854689038, "weight_of_cost_no_call_goal_post": 1.1379493594411332, "weight_of_cost_call_goal": 8.200156037688748, "weight_of_cost_call_goal_pre": 3.4372222209639203, "weight_of_cost_call_goal_post": 1.5279034278091737}