{"group_ID": 0, "generation_ID": 9, "individual_ID": 20, "rank": 20, "number_of_nan": 18, "search_time": 4.5, "ancestors": [1, 0, 1, 21, 14, 1, 1, 11], "ancestor_ranks": [0, 1, 1, 4, 1, 1, 1, 0], "is_for_training": true, "weight_of_cost_no_call_goal_pre": 2.653785264378713, "weight_of_cost_no_call_goal_post": 0.7154062138034935, "weight_of_cost_call_goal": 9.723045942434807, "weight_of_cost_call_goal_pre": 2.1640388173708685, "weight_of_cost_call_goal_post": 0.6270483356432636}