{"group_ID": 1, "generation_ID": 10, "individual_ID": 16, "rank": 17, "number_of_nan": 5, "search_time": 46.300000000000004, "ancestors": [4, 0, 13, 21, 0, 0, 2, 4, 5], "ancestor_ranks": [0, 3, 1, 0, 0, 2, 4, 5, 6], "is_for_training": true, "weight_of_cost_no_call_goal_pre": 2.981041033346869, "weight_of_cost_no_call_goal_post": 1.2785251135269915, "weight_of_cost_call_goal": 10.187715675522295, "weight_of_cost_call_goal_pre": 3.682581683450307, "weight_of_cost_call_goal_post": 1.5652280593817882}