{"group_ID": 0, "generation_ID": 9, "individual_ID": 19, "rank": 12, "number_of_nan": 2, "search_time": 61.0, "ancestors": [7, 12, 4, 16, 1, 2, 4, 5], "ancestor_ranks": [2, 4, 6, 1, 2, 4, 5, 9], "is_for_training": true, "weight_of_cost_no_call_goal_pre": 3.250598841028025, "weight_of_cost_no_call_goal_post": 0.6273597071740139, "weight_of_cost_call_goal": 16.55669738272973, "weight_of_cost_call_goal_pre": 2.8956924511309223, "weight_of_cost_call_goal_post": 0.804953402372172}