{"group_ID": 1, "generation_ID": 8, "individual_ID": 16, "rank": 21, "number_of_nan": 18, "search_time": 8.2, "ancestors": [6, 11, 20, 10, 21, 1, 4], "ancestor_ranks": [1, 0, 0, 1, 1, 4, 6], "is_for_training": true, "weight_of_cost_no_call_goal_pre": 3.8920483851022283, "weight_of_cost_no_call_goal_post": 0.9761442419897145, "weight_of_cost_call_goal": 12.084660334611883, "weight_of_cost_call_goal_pre": 4.080906497454607, "weight_of_cost_call_goal_post": 0.9361185161937425}