{"group_ID": 0, "generation_ID": 8, "individual_ID": 11, "rank": 0, "number_of_nan": 11, "search_time": 56.89999999999999, "ancestors": [1, 0, 1, 21, 14, 1, 1], "ancestor_ranks": [0, 1, 1, 4, 1, 1, 1], "is_for_training": false, "weight_of_cost_no_call_goal_pre": 2.281323655668713, "weight_of_cost_no_call_goal_post": 0.7658733861900483, "weight_of_cost_call_goal": 9.19084570284495, "weight_of_cost_call_goal_pre": 2.2139559829120263, "weight_of_cost_call_goal_post": 0.7201224791800871}