{"group_ID": 0, "generation_ID": 7, "individual_ID": 14, "rank": 17, "number_of_nan": 9, "search_time": 24.299999999999997, "ancestors": [7, 12, 4, 16, 1, 2], "ancestor_ranks": [2, 4, 6, 1, 2, 4], "is_for_training": true, "weight_of_cost_no_call_goal_pre": 3.12823370356925, "weight_of_cost_no_call_goal_post": 0.8351343708725203, "weight_of_cost_call_goal": 11.44267942209676, "weight_of_cost_call_goal_pre": 3.480374779480161, "weight_of_cost_call_goal_post": 0.6038392954691122}