{"group_ID": 1, "generation_ID": 7, "individual_ID": 5, "rank": 7, "number_of_nan": 4, "search_time": 46.900000000000006, "ancestors": [6, 11, 20, 10, 1, 2], "ancestor_ranks": [1, 0, 0, 1, 2, 5], "is_for_training": true, "weight_of_cost_no_call_goal_pre": 3.339404889483714, "weight_of_cost_no_call_goal_post": 1.233711079171835, "weight_of_cost_call_goal": 12.70411024513073, "weight_of_cost_call_goal_pre": 3.3618355234203348, "weight_of_cost_call_goal_post": 1.3033651681634753}