{"group_ID": 1, "generation_ID": 10, "individual_ID": 17, "rank": 18, "number_of_nan": 9, "search_time": 29.2, "ancestors": [6, 11, 20, 10, 21, 21, 3, 5, 6], "ancestor_ranks": [1, 0, 0, 1, 1, 3, 5, 6, 7], "is_for_training": true, "weight_of_cost_no_call_goal_pre": 3.430933717573939, "weight_of_cost_no_call_goal_post": 1.1903963647724345, "weight_of_cost_call_goal": 11.374702714227794, "weight_of_cost_call_goal_pre": 3.6739145263845767, "weight_of_cost_call_goal_post": 1.140183200142988}