{"group_ID": 1, "generation_ID": 9, "individual_ID": 11, "rank": 11, "number_of_nan": 4, "search_time": 48.7, "ancestors": [4, 0, 13, 1, 15, 19, 0, 1], "ancestor_ranks": [0, 3, 1, 5, 9, 0, 1, 1], "is_for_training": true, "weight_of_cost_no_call_goal_pre": 2.826021015344304, "weight_of_cost_no_call_goal_post": 0.9677572851396761, "weight_of_cost_call_goal": 9.26786888851353, "weight_of_cost_call_goal_pre": 3.9668189187463136, "weight_of_cost_call_goal_post": 1.1277862755994195}