{"group_ID": 1, "generation_ID": 2, "individual_ID": 16, "rank": 15, "number_of_nan": 19, "search_time": 4.3999999999999995, "ancestors": [1], "ancestor_ranks": [6], "is_for_training": true, "weight_of_cost_no_call_goal_pre": 3.4364203668404842, "weight_of_cost_no_call_goal_post": 1.1330492491464919, "weight_of_cost_call_goal": 8.498888053614547, "weight_of_cost_call_goal_pre": 2.4042425823388793, "weight_of_cost_call_goal_post": 0.8844278551291124}