{"group_ID": 1, "generation_ID": 5, "individual_ID": 10, "rank": 19, "number_of_nan": 18, "search_time": 15.200000000000003, "ancestors": [4, 0, 13, 21], "ancestor_ranks": [0, 3, 1, 0], "is_for_training": true, "weight_of_cost_no_call_goal_pre": 2.6857945955095617, "weight_of_cost_no_call_goal_post": 1.2928963372449607, "weight_of_cost_call_goal": 11.329818908391216, "weight_of_cost_call_goal_pre": 3.3058058120651084, "weight_of_cost_call_goal_post": 1.3683610139760645}