{"group_ID": 1, "generation_ID": 7, "individual_ID": 20, "rank": 17, "number_of_nan": 9, "search_time": 28.099999999999998, "ancestors": [4, 0, 13, 1, 15, 19], "ancestor_ranks": [0, 3, 1, 5, 9, 0], "is_for_training": true, "weight_of_cost_no_call_goal_pre": 2.701577401167786, "weight_of_cost_no_call_goal_post": 0.9044398166106219, "weight_of_cost_call_goal": 7.590290283116715, "weight_of_cost_call_goal_pre": 3.2829253825388083, "weight_of_cost_call_goal_post": 0.98742153209848}