{"group_ID": 0, "generation_ID": 10, "individual_ID": 19, "rank": 13, "number_of_nan": 3, "search_time": 54.9, "ancestors": [1, 0, 1, 1, 3, 4, 17, 3, 7], "ancestor_ranks": [0, 1, 1, 3, 4, 7, 3, 7, 9], "is_for_training": true, "weight_of_cost_no_call_goal_pre": 2.789527250073497, "weight_of_cost_no_call_goal_post": 0.9385582208568416, "weight_of_cost_call_goal": 7.825163198725061, "weight_of_cost_call_goal_pre": 3.2604472739541284, "weight_of_cost_call_goal_post": 0.798708973373205}