{"group_ID": 1, "generation_ID": 9, "individual_ID": 17, "rank": 13, "number_of_nan": 8, "search_time": 29.7, "ancestors": [6, 11, 20, 10, 21, 1, 4, 6], "ancestor_ranks": [1, 0, 0, 1, 1, 4, 6, 7], "is_for_training": true, "weight_of_cost_no_call_goal_pre": 4.130815021993694, "weight_of_cost_no_call_goal_post": 1.0690795061299108, "weight_of_cost_call_goal": 13.299021272732531, "weight_of_cost_call_goal_pre": 4.3323765900142, "weight_of_cost_call_goal_post": 1.3682146603299241}