{"group_ID": 1, "generation_ID": 6, "individual_ID": 13, "rank": 19, "number_of_nan": 18, "search_time": 3.8999999999999995, "ancestors": [6, 11, 20, 0, 2], "ancestor_ranks": [1, 0, 0, 2, 3], "is_for_training": true, "weight_of_cost_no_call_goal_pre": 2.6870378264174435, "weight_of_cost_no_call_goal_post": 1.098041062698309, "weight_of_cost_call_goal": 8.79631521037761, "weight_of_cost_call_goal_pre": 2.9276320558995907, "weight_of_cost_call_goal_post": 0.9624427313790281}