{"group_ID": 1, "generation_ID": 4, "individual_ID": 13, "rank": 18, "number_of_nan": 11, "search_time": 16.299999999999997, "ancestors": [6, 11, 10], "ancestor_ranks": [1, 0, 3], "is_for_training": true, "weight_of_cost_no_call_goal_pre": 4.193731758439709, "weight_of_cost_no_call_goal_post": 1.121358419191978, "weight_of_cost_call_goal": 8.86479708355451, "weight_of_cost_call_goal_pre": 2.959668772952434, "weight_of_cost_call_goal_post": 0.9303610427931422}