{"group_ID": 1, "generation_ID": 10, "individual_ID": 13, "rank": 12, "number_of_nan": 10, "search_time": 46.900000000000006, "ancestors": [5, 0, 2, 10, 0, 9, 2, 13, 15], "is_for_training": true, "weight_of_cost_no_call_goal_pre": 3.835551773310604, "weight_of_cost_no_call_goal_post": 1.0952033801662744, "weight_of_cost_call_goal": 9.939979024026446, "weight_of_cost_call_goal_pre": 3.5963293123414486, "weight_of_cost_call_goal_post": 1.1769412380558417}