{"group_ID": 1, "generation_ID": 9, "individual_ID": 13, "rank": 13, "number_of_nan": 18, "search_time": 13.0, "ancestors": [5, 0, 2, 10, 8, 2, 12, 3], "is_for_training": true, "weight_of_cost_no_call_goal_pre": 3.8021178515959986, "weight_of_cost_no_call_goal_post": 1.1077925775027537, "weight_of_cost_call_goal": 11.783289447637092, "weight_of_cost_call_goal_pre": 2.921665789771713, "weight_of_cost_call_goal_post": 1.3934586054601372}