{"group_ID": 2, "generation_ID": 4, "individual_ID": 9, "rank": 15, "number_of_nan": 20, "search_time": 4.1000000000000005, "ancestors": [0, 13, 13], "is_for_training": true, "weight_of_cost_no_call_goal_pre": 3.3647044269424673, "weight_of_cost_no_call_goal_post": 1.341086254160617, "weight_of_cost_call_goal": 12.988190112386567, "weight_of_cost_call_goal_pre": 3.9538466655312487, "weight_of_cost_call_goal_post": 1.0889421323796322}