{"group_ID": 1, "generation_ID": 11, "individual_ID": 15, "rank": 13, "number_of_nan": 11, "search_time": 43.4, "ancestors": [2, 11, 0, 0, 9, 11, 0, 9, 3, 15], "is_for_training": true, "weight_of_cost_no_call_goal_pre": 3.592915392517397, "weight_of_cost_no_call_goal_post": 0.7239938414040786, "weight_of_cost_call_goal": 14.09794874448081, "weight_of_cost_call_goal_pre": 3.4286025512616725, "weight_of_cost_call_goal_post": 0.8561679124122209}