{"group_ID": 0, "generation_ID": 6, "individual_ID": 12, "rank": 11, "number_of_nan": 14, "search_time": 27.599999999999998, "ancestors": [2, 8, 1, 1, 10], "is_for_training": true, "weight_of_cost_no_call_goal_pre": 2.0583156863500642, "weight_of_cost_no_call_goal_post": 0.9239425846664348, "weight_of_cost_call_goal": 10.474263686901892, "weight_of_cost_call_goal_pre": 1.7795911287615653, "weight_of_cost_call_goal_post": 0.9218820024108673}