{"group_ID": 2, "generation_ID": 10, "individual_ID": 10, "rank": 11, "number_of_nan": 13, "search_time": 28.6, "ancestors": [0, 13, 13, 1, 1, 4, 12, 11, 11], "is_for_training": true, "weight_of_cost_no_call_goal_pre": 5.423038586588435, "weight_of_cost_no_call_goal_post": 1.2654785206503647, "weight_of_cost_call_goal": 13.095596454950668, "weight_of_cost_call_goal_pre": 5.118873006131526, "weight_of_cost_call_goal_post": 1.2621213046653466}