{"group_ID": 1, "generation_ID": 3, "individual_ID": 13, "rank": 10, "number_of_nan": 19, "search_time": 3.1999999999999997, "ancestors": [0, 15], "is_for_training": true, "weight_of_cost_no_call_goal_pre": 3.618325884182958, "weight_of_cost_no_call_goal_post": 0.9213387165626701, "weight_of_cost_call_goal": 9.577621834077412, "weight_of_cost_call_goal_pre": 3.5661187401510257, "weight_of_cost_call_goal_post": 0.8991838483526382}