{"group_ID": 1, "generation_ID": 10, "individual_ID": 12, "rank": 13, "number_of_nan": 14, "search_time": 22.700000000000003, "ancestors": [2, 11, 0, 0, 9, 11, 0, 1, 2], "is_for_training": true, "weight_of_cost_no_call_goal_pre": 3.4467493924886505, "weight_of_cost_no_call_goal_post": 0.6551074086806102, "weight_of_cost_call_goal": 13.373482504845128, "weight_of_cost_call_goal_pre": 4.402012772404941, "weight_of_cost_call_goal_post": 0.8827372376858433}