{"group_ID": 0, "generation_ID": 11, "individual_ID": 8, "rank": 15, "number_of_nan": 19, "search_time": 7.0, "ancestors": [2, 0, 0, 8, 8, 0, 8, 0, 0, 0], "is_for_training": true, "weight_of_cost_no_call_goal_pre": 2.9143338207180673, "weight_of_cost_no_call_goal_post": 1.2454960562590787, "weight_of_cost_call_goal": 7.402461382433484, "weight_of_cost_call_goal_pre": 2.8962730890669315, "weight_of_cost_call_goal_post": 1.0247677010313614}