{"group_ID": 0, "generation_ID": 10, "individual_ID": 10, "rank": 9, "number_of_nan": 6, "search_time": 76.7, "ancestors": [2, 0, 0, 8, 0, 1, 1, 2, 2], "is_for_training": true, "weight_of_cost_no_call_goal_pre": 2.800154917015431, "weight_of_cost_no_call_goal_post": 0.8741330956955743, "weight_of_cost_call_goal": 7.723745992422542, "weight_of_cost_call_goal_pre": 2.646391159637432, "weight_of_cost_call_goal_post": 0.6613802097327117}