{"group_ID": 0, "generation_ID": 3, "individual_ID": 13, "rank": 15, "number_of_nan": 19, "search_time": 7.000000000000001, "ancestors": [6, 3], "is_for_training": true, "weight_of_cost_no_call_goal_pre": 2.7696346112406576, "weight_of_cost_no_call_goal_post": 0.8478735184935745, "weight_of_cost_call_goal": 10.150448876110135, "weight_of_cost_call_goal_pre": 2.820148785856452, "weight_of_cost_call_goal_post": 0.8687904178607325}