{"group_ID": 2, "generation_ID": 9, "individual_ID": 15, "rank": 15, "number_of_nan": 19, "search_time": 15.5, "ancestors": [0, 13, 13, 1, 9, 3, 3, 5], "is_for_training": true, "weight_of_cost_no_call_goal_pre": 4.169899954527254, "weight_of_cost_no_call_goal_post": 0.9629450163683999, "weight_of_cost_call_goal": 11.129560768220529, "weight_of_cost_call_goal_pre": 4.807559603458709, "weight_of_cost_call_goal_post": 0.9909573440803774}