{"group_ID": 1, "generation_ID": 11, "individual_ID": 9, "rank": 10, "number_of_nan": 10, "search_time": 39.7, "ancestors": [2, 11, 0, 0, 9, 11, 0, 9, 11, 11], "is_for_training": true, "weight_of_cost_no_call_goal_pre": 4.10362528746324, "weight_of_cost_no_call_goal_post": 1.1557494591123312, "weight_of_cost_call_goal": 14.238971761320458, "weight_of_cost_call_goal_pre": 4.59820299409517, "weight_of_cost_call_goal_post": 0.8657013272130941}