{"group_ID": 2, "generation_ID": 10, "individual_ID": 7, "rank": 7, "number_of_nan": 11, "search_time": 38.1, "ancestors": [0, 13, 13, 1, 1, 4, 12, 11, 3], "is_for_training": true, "weight_of_cost_no_call_goal_pre": 3.427359416307562, "weight_of_cost_no_call_goal_post": 1.0123876129788447, "weight_of_cost_call_goal": 10.375436865236068, "weight_of_cost_call_goal_pre": 4.447069228990474, "weight_of_cost_call_goal_post": 1.2872923808341155}