{"group_ID": 2, "generation_ID": 7, "individual_ID": 5, "rank": 10, "number_of_nan": 12, "search_time": 31.3, "ancestors": [0, 13, 13, 1, 9, 11], "is_for_training": true, "weight_of_cost_no_call_goal_pre": 3.609434333236124, "weight_of_cost_no_call_goal_post": 0.9957686147999055, "weight_of_cost_call_goal": 12.733122879075461, "weight_of_cost_call_goal_pre": 4.359674685326508, "weight_of_cost_call_goal_post": 0.9755523597611101}