{"group_ID": 0, "generation_ID": 3, "individual_ID": 11, "rank": 9, "number_of_nan": 10, "search_time": 57.599999999999994, "ancestors": [6, 11], "is_for_training": true, "weight_of_cost_no_call_goal_pre": 3.126345966953889, "weight_of_cost_no_call_goal_post": 0.817516354986299, "weight_of_cost_call_goal": 8.551950553130153, "weight_of_cost_call_goal_pre": 3.2000185545191657, "weight_of_cost_call_goal_post": 0.7448760827584571}