{"group_ID": 1, "generation_ID": 11, "individual_ID": 2, "rank": 2, "number_of_nan": 8, "search_time": 58.5, "ancestors": [2, 11, 0, 0, 9, 11, 0, 1, 10, 8], "is_for_training": true, "weight_of_cost_no_call_goal_pre": 3.976041954247997, "weight_of_cost_no_call_goal_post": 0.986256503852371, "weight_of_cost_call_goal": 18.558595308706735, "weight_of_cost_call_goal_pre": 4.719705558241145, "weight_of_cost_call_goal_post": 1.0316956076096195}