{"group_ID": 0, "generation_ID": 9, "individual_ID": 15, "rank": 14, "number_of_nan": 14, "search_time": 20.9, "ancestors": [2, 0, 0, 8, 0, 1, 1, 10], "is_for_training": true, "weight_of_cost_no_call_goal_pre": 2.5888625301257626, "weight_of_cost_no_call_goal_post": 0.6548803279863575, "weight_of_cost_call_goal": 10.742304093050835, "weight_of_cost_call_goal_pre": 2.0179734616745146, "weight_of_cost_call_goal_post": 0.6143547776137023}