{"group_ID": 1, "generation_ID": 6, "individual_ID": 5, "rank": 8, "number_of_nan": 17, "search_time": 11.100000000000001, "ancestors": [1, 9, 3, 11, 10], "is_for_training": true, "weight_of_cost_no_call_goal_pre": 2.449079145087243, "weight_of_cost_no_call_goal_post": 0.8502168252934348, "weight_of_cost_call_goal": 10.313249773806309, "weight_of_cost_call_goal_pre": 3.3287376609705843, "weight_of_cost_call_goal_post": 0.8221036432986916}