{"group_ID": 2, "generation_ID": 11, "individual_ID": 11, "rank": 10, "number_of_nan": 13, "search_time": 25.9, "ancestors": [4, 8, 0, 0, 0, 1, 1, 1, 1, 3], "is_for_training": true, "weight_of_cost_no_call_goal_pre": 4.083966352185953, "weight_of_cost_no_call_goal_post": 0.7594345984815688, "weight_of_cost_call_goal": 10.06109869924272, "weight_of_cost_call_goal_pre": 3.045617426108838, "weight_of_cost_call_goal_post": 0.8701056505145908}