{"group_ID": 2, "generation_ID": 11, "individual_ID": 9, "rank": 13, "number_of_nan": 18, "search_time": 3.8, "ancestors": [3, 15, 10, 3, 11, 0, 0, 0, 0, 1], "is_for_training": true, "weight_of_cost_no_call_goal_pre": 5.530188572963816, "weight_of_cost_no_call_goal_post": 1.113430617953244, "weight_of_cost_call_goal": 8.240988242760555, "weight_of_cost_call_goal_pre": 4.69390775356129, "weight_of_cost_call_goal_post": 1.1881169139803118}