{"group_ID": 1, "generation_ID": 11, "individual_ID": 11, "rank": 15, "number_of_nan": 20, "search_time": 3.6, "ancestors": [5, 0, 2, 10, 0, 1, 11, 8, 0, 1], "is_for_training": true, "weight_of_cost_no_call_goal_pre": 4.03236355520761, "weight_of_cost_no_call_goal_post": 1.0704596161257478, "weight_of_cost_call_goal": 13.159398954409498, "weight_of_cost_call_goal_pre": 4.307500359670065, "weight_of_cost_call_goal_post": 1.0198008178477702}