{"group_ID": 0, "generation_ID": 11, "individual_ID": 2, "rank": 2, "number_of_nan": 4, "search_time": 85.50000000000001, "ancestors": [2, 8, 1, 1, 2, 3, 3, 5, 5, 13], "is_for_training": true, "weight_of_cost_no_call_goal_pre": 2.4595804840756763, "weight_of_cost_no_call_goal_post": 0.9125284227882238, "weight_of_cost_call_goal": 10.60073754228829, "weight_of_cost_call_goal_pre": 2.2059868601936437, "weight_of_cost_call_goal_post": 0.9132985587539179}