{"group_ID": 1, "generation_ID": 9, "individual_ID": 10, "rank": 0, "number_of_nan": 6, "search_time": 90.80000000000001, "ancestors": [2, 11, 0, 0, 9, 11, 0, 1], "is_for_training": false, "weight_of_cost_no_call_goal_pre": 3.2400634569954536, "weight_of_cost_no_call_goal_post": 0.9051115178930523, "weight_of_cost_call_goal": 16.395963459830813, "weight_of_cost_call_goal_pre": 4.141448650893788, "weight_of_cost_call_goal_post": 0.8713571775726321}