{"group_ID": 1, "generation_ID": 9, "individual_ID": 11, "rank": 3, "number_of_nan": 9, "search_time": 50.00000000000001, "ancestors": [2, 11, 0, 0, 9, 11, 0, 9], "is_for_training": true, "weight_of_cost_no_call_goal_pre": 3.9725350795853265, "weight_of_cost_no_call_goal_post": 1.0091322144228934, "weight_of_cost_call_goal": 11.145513331026084, "weight_of_cost_call_goal_pre": 4.184969333312067, "weight_of_cost_call_goal_post": 0.914938786040739}