{"group_ID": 2, "generation_ID": 9, "individual_ID": 13, "rank": 6, "number_of_nan": 11, "search_time": 36.0, "ancestors": [4, 0, 9, 10, 15, 2, 10, 4], "is_for_training": true, "weight_of_cost_no_call_goal_pre": 2.16095053545131, "weight_of_cost_no_call_goal_post": 1.1405706456355529, "weight_of_cost_call_goal": 11.089864850304012, "weight_of_cost_call_goal_pre": 2.935577857879478, "weight_of_cost_call_goal_post": 1.2056686886909216}