{"group_ID": 1, "generation_ID": 11, "individual_ID": 8, "rank": 8, "number_of_nan": 9, "search_time": 58.2, "ancestors": [2, 11, 0, 0, 9, 11, 0, 1, 10, 0], "is_for_training": true, "weight_of_cost_no_call_goal_pre": 3.971488262239294, "weight_of_cost_no_call_goal_post": 0.7016316488904586, "weight_of_cost_call_goal": 14.064772033203704, "weight_of_cost_call_goal_pre": 3.664291841697238, "weight_of_cost_call_goal_post": 0.8489991256372884}