{"group_ID": 2, "generation_ID": 11, "individual_ID": 14, "rank": 11, "number_of_nan": 14, "search_time": 24.799999999999997, "ancestors": [4, 0, 9, 10, 15, 2, 10, 4, 13, 6], "is_for_training": true, "weight_of_cost_no_call_goal_pre": 3.2762855663955577, "weight_of_cost_no_call_goal_post": 1.2148855161503285, "weight_of_cost_call_goal": 10.93926909236215, "weight_of_cost_call_goal_pre": 2.689464753807966, "weight_of_cost_call_goal_post": 1.1287305716226061}