{"group_ID": 0, "generation_ID": 8, "individual_ID": 11, "rank": 15, "number_of_nan": 17, "search_time": 10.3, "ancestors": [2, 0, 0, 0, 9, 7, 15], "is_for_training": true, "weight_of_cost_no_call_goal_pre": 1.4789579292626236, "weight_of_cost_no_call_goal_post": 0.7035732736889155, "weight_of_cost_call_goal": 9.648302198124625, "weight_of_cost_call_goal_pre": 1.9159716980432444, "weight_of_cost_call_goal_post": 0.8732135655649323}