{"group_ID": 2, "generation_ID": 10, "individual_ID": 14, "rank": 12, "number_of_nan": 18, "search_time": 15.5, "ancestors": [4, 0, 9, 10, 15, 2, 10, 4, 13], "is_for_training": true, "weight_of_cost_no_call_goal_pre": 3.017203760413405, "weight_of_cost_no_call_goal_post": 1.0368438743750559, "weight_of_cost_call_goal": 10.771667732821227, "weight_of_cost_call_goal_pre": 3.155174775616305, "weight_of_cost_call_goal_post": 1.4191786063445648}