{"group_ID": 2, "generation_ID": 8, "individual_ID": 15, "rank": 15, "number_of_nan": 20, "search_time": 3.6, "ancestors": [0, 13, 13, 1, 1, 4, 4], "is_for_training": true, "weight_of_cost_no_call_goal_pre": 2.901932429721273, "weight_of_cost_no_call_goal_post": 1.3296085022673818, "weight_of_cost_call_goal": 9.24352226200795, "weight_of_cost_call_goal_pre": 3.4786247578340057, "weight_of_cost_call_goal_post": 1.3647053338177646}