{"group_ID": 1, "generation_ID": 5, "individual_ID": 8, "rank": 2, "number_of_nan": 11, "search_time": 53.900000000000006, "ancestors": [5, 0, 2, 10], "is_for_training": true, "weight_of_cost_no_call_goal_pre": 2.8697932547102183, "weight_of_cost_no_call_goal_post": 1.2935412122801897, "weight_of_cost_call_goal": 11.210409377363177, "weight_of_cost_call_goal_pre": 3.799689338910059, "weight_of_cost_call_goal_post": 1.2736506517593469}