{"group_ID": 2, "generation_ID": 7, "individual_ID": 12, "rank": 3, "number_of_nan": 11, "search_time": 38.50000000000001, "ancestors": [0, 13, 13, 1, 1, 4], "is_for_training": true, "weight_of_cost_no_call_goal_pre": 3.3110122936184596, "weight_of_cost_no_call_goal_post": 1.2017893821666714, "weight_of_cost_call_goal": 12.514298057952523, "weight_of_cost_call_goal_pre": 4.01571283771219, "weight_of_cost_call_goal_post": 1.2378840944832172}