{"group_ID": 2, "generation_ID": 8, "individual_ID": 9, "rank": 13, "number_of_nan": 19, "search_time": 8.299999999999999, "ancestors": [4, 8, 0, 0, 0, 1, 1], "is_for_training": true, "weight_of_cost_no_call_goal_pre": 3.9308115593025703, "weight_of_cost_no_call_goal_post": 0.7920981948153948, "weight_of_cost_call_goal": 8.819754322092237, "weight_of_cost_call_goal_pre": 3.775108342218413, "weight_of_cost_call_goal_post": 0.9629538207591561}