{"group_ID": 2, "generation_ID": 10, "individual_ID": 0, "rank": 0, "number_of_nan": 7, "search_time": 88.49999999999999, "ancestors": [3, 15, 10, 3, 11, 0, 0, 0, 8], "is_for_training": false, "weight_of_cost_no_call_goal_pre": 4.247401801755887, "weight_of_cost_no_call_goal_post": 1.285855413906685, "weight_of_cost_call_goal": 7.031501987902131, "weight_of_cost_call_goal_pre": 4.995609354900665, "weight_of_cost_call_goal_post": 1.233644252138833}