{"group_ID": 0, "generation_ID": 6, "individual_ID": 9, "rank": 8, "number_of_nan": 7, "search_time": 60.89999999999999, "ancestors": [2, 0, 0, 8, 0], "is_for_training": true, "weight_of_cost_no_call_goal_pre": 2.707598286047641, "weight_of_cost_no_call_goal_post": 0.9615801305603653, "weight_of_cost_call_goal": 10.489260906575074, "weight_of_cost_call_goal_pre": 3.075949331293848, "weight_of_cost_call_goal_post": 0.6440742090556997}