{"group_ID": 0, "generation_ID": 3, "individual_ID": 14, "rank": 10, "number_of_nan": 11, "search_time": 47.1, "ancestors": [3, 10], "is_for_training": true, "weight_of_cost_no_call_goal_pre": 2.2546704793499766, "weight_of_cost_no_call_goal_post": 1.0149364444740243, "weight_of_cost_call_goal": 11.331154478060974, "weight_of_cost_call_goal_pre": 1.9064680564519043, "weight_of_cost_call_goal_post": 0.8166960339487221}