{"group_ID": 1, "generation_ID": 6, "individual_ID": 13, "rank": 12, "number_of_nan": 18, "search_time": 3.7, "ancestors": [1, 9, 3, 11, 10], "is_for_training": true, "weight_of_cost_no_call_goal_pre": 3.6090351627868116, "weight_of_cost_no_call_goal_post": 0.9662202708292486, "weight_of_cost_call_goal": 10.928136237735748, "weight_of_cost_call_goal_pre": 3.629646599662893, "weight_of_cost_call_goal_post": 0.7627303484634826}