{"group_ID": 1, "generation_ID": 7, "individual_ID": 8, "rank": 14, "number_of_nan": 19, "search_time": 7.199999999999999, "ancestors": [2, 11, 0, 0, 9, 11], "is_for_training": true, "weight_of_cost_no_call_goal_pre": 3.8328417866385087, "weight_of_cost_no_call_goal_post": 0.8914030169783318, "weight_of_cost_call_goal": 15.321628702549647, "weight_of_cost_call_goal_pre": 3.0916307498163142, "weight_of_cost_call_goal_post": 0.8723280984949235}