{"group_ID": 1, "generation_ID": 8, "individual_ID": 11, "rank": 15, "number_of_nan": 20, "search_time": 3.6999999999999997, "ancestors": [5, 0, 2, 10, 8, 2, 12], "is_for_training": true, "weight_of_cost_no_call_goal_pre": 4.065017581487993, "weight_of_cost_no_call_goal_post": 1.176316259820241, "weight_of_cost_call_goal": 11.613882064230353, "weight_of_cost_call_goal_pre": 3.5242052197789024, "weight_of_cost_call_goal_post": 1.0818081408237148}