{"group_ID": 1, "generation_ID": 11, "individual_ID": 10, "rank": 12, "number_of_nan": 11, "search_time": 36.9, "ancestors": [2, 11, 0, 0, 9, 11, 0, 1, 10, 8], "is_for_training": true, "weight_of_cost_no_call_goal_pre": 5.019274842779534, "weight_of_cost_no_call_goal_post": 1.2108571949991824, "weight_of_cost_call_goal": 19.727086144559195, "weight_of_cost_call_goal_pre": 4.27959945723787, "weight_of_cost_call_goal_post": 1.2370478806298606}