{"group_ID": 1, "generation_ID": 9, "individual_ID": 7, "rank": 11, "number_of_nan": 11, "search_time": 39.8, "ancestors": [5, 0, 2, 10, 0, 9, 2, 13], "is_for_training": true, "weight_of_cost_no_call_goal_pre": 3.885051847548323, "weight_of_cost_no_call_goal_post": 0.9148818566414659, "weight_of_cost_call_goal": 8.682228064276567, "weight_of_cost_call_goal_pre": 3.5302302192630584, "weight_of_cost_call_goal_post": 1.13034033574271}