{"group_ID": 1, "generation_ID": 3, "individual_ID": 10, "rank": 14, "number_of_nan": 20, "search_time": 3.8000000000000003, "ancestors": [5, 0], "is_for_training": true, "weight_of_cost_no_call_goal_pre": 3.118689950264284, "weight_of_cost_no_call_goal_post": 0.8904515739481216, "weight_of_cost_call_goal": 9.34024788899067, "weight_of_cost_call_goal_pre": 3.598869713252448, "weight_of_cost_call_goal_post": 1.1557170412405915}