{"group_ID": 1, "generation_ID": 7, "individual_ID": 14, "rank": 9, "number_of_nan": 12, "search_time": 35.6, "ancestors": [2, 11, 0, 0, 9, 3], "is_for_training": true, "weight_of_cost_no_call_goal_pre": 3.3869459431969884, "weight_of_cost_no_call_goal_post": 0.7845300470804151, "weight_of_cost_call_goal": 16.105504520184233, "weight_of_cost_call_goal_pre": 3.420821224186448, "weight_of_cost_call_goal_post": 0.8560708904036212}