{"group_ID": 2, "generation_ID": 6, "individual_ID": 3, "rank": 3, "number_of_nan": 12, "search_time": 27.799999999999997, "ancestors": [0, 13, 13, 1, 9], "is_for_training": true, "weight_of_cost_no_call_goal_pre": 3.0768302293888894, "weight_of_cost_no_call_goal_post": 1.2278982121871829, "weight_of_cost_call_goal": 12.460176950447964, "weight_of_cost_call_goal_pre": 4.135124590948569, "weight_of_cost_call_goal_post": 1.1752970640555527}