{"group_ID": 0, "generation_ID": 7, "individual_ID": 5, "rank": 7, "number_of_nan": 7, "search_time": 48.6, "ancestors": [2, 8, 9, 2, 11, 5], "is_for_training": true, "weight_of_cost_no_call_goal_pre": 2.0747945288895164, "weight_of_cost_no_call_goal_post": 0.7301292668158262, "weight_of_cost_call_goal": 11.996443303059321, "weight_of_cost_call_goal_pre": 1.9919118823081046, "weight_of_cost_call_goal_post": 1.0751425957665346}