{"group_ID": 2, "generation_ID": 7, "individual_ID": 13, "rank": 6, "number_of_nan": 12, "search_time": 30.0, "ancestors": [0, 13, 13, 1, 9, 11], "is_for_training": true, "weight_of_cost_no_call_goal_pre": 4.581541442615869, "weight_of_cost_no_call_goal_post": 1.1040181231219734, "weight_of_cost_call_goal": 12.1617959436782, "weight_of_cost_call_goal_pre": 5.0773748188581145, "weight_of_cost_call_goal_post": 0.9583763854441378}