{"group_ID": 1, "generation_ID": 6, "individual_ID": 10, "rank": 13, "number_of_nan": 19, "search_time": 3.3000000000000003, "ancestors": [5, 0, 2, 10, 8], "is_for_training": true, "weight_of_cost_no_call_goal_pre": 3.275236953361124, "weight_of_cost_no_call_goal_post": 1.0755932261426469, "weight_of_cost_call_goal": 9.887322840050404, "weight_of_cost_call_goal_pre": 4.220433449621297, "weight_of_cost_call_goal_post": 1.2029143598117655}