{"group_ID": 1, "generation_ID": 2, "individual_ID": 12, "rank": 10, "number_of_nan": 19, "search_time": 7.3999999999999995, "ancestors": [6], "is_for_training": true, "weight_of_cost_no_call_goal_pre": 3.1880674403080733, "weight_of_cost_no_call_goal_post": 0.8454951467426737, "weight_of_cost_call_goal": 8.555078124945236, "weight_of_cost_call_goal_pre": 3.116170332811622, "weight_of_cost_call_goal_post": 0.9373555799839722}