{"group_ID": 0, "generation_ID": 4, "individual_ID": 11, "rank": 12, "number_of_nan": 12, "search_time": 29.499999999999996, "ancestors": [4, 1, 2], "is_for_training": true, "weight_of_cost_no_call_goal_pre": 3.44104931162024, "weight_of_cost_no_call_goal_post": 0.8508211884561141, "weight_of_cost_call_goal": 9.178198165698186, "weight_of_cost_call_goal_pre": 3.3582804282151946, "weight_of_cost_call_goal_post": 0.8768309910111547}