{"group_ID": 0, "generation_ID": 10, "individual_ID": 3, "rank": 4, "number_of_nan": 5, "search_time": 86.8, "ancestors": [2, 0, 0, 0, 9, 7, 15, 3, 3], "is_for_training": true, "weight_of_cost_no_call_goal_pre": 2.401387567390012, "weight_of_cost_no_call_goal_post": 0.7991241439057541, "weight_of_cost_call_goal": 11.5097500906068, "weight_of_cost_call_goal_pre": 1.8016057185298668, "weight_of_cost_call_goal_post": 0.8704341399079429}