{"group_ID": 1, "generation_ID": 10, "individual_ID": 14, "rank": 10, "number_of_nan": 10, "search_time": 37.0, "ancestors": [5, 0, 2, 10, 0, 1, 11, 0, 9], "is_for_training": true, "weight_of_cost_no_call_goal_pre": 3.8250040419287887, "weight_of_cost_no_call_goal_post": 1.08108660710766, "weight_of_cost_call_goal": 11.040087068902057, "weight_of_cost_call_goal_pre": 2.979197793622785, "weight_of_cost_call_goal_post": 1.1638135500643896}