{"group_ID": 0, "generation_ID": 10, "individual_ID": 11, "rank": 13, "number_of_nan": 13, "search_time": 29.1, "ancestors": [2, 0, 0, 0, 9, 7, 15, 3, 3], "is_for_training": true, "weight_of_cost_no_call_goal_pre": 2.160461868709253, "weight_of_cost_no_call_goal_post": 0.9374223060581487, "weight_of_cost_call_goal": 11.525433745253071, "weight_of_cost_call_goal_pre": 1.8152406819861167, "weight_of_cost_call_goal_post": 0.857614737906595}