{"group_ID": 0, "generation_ID": 7, "individual_ID": 10, "rank": 12, "number_of_nan": 11, "search_time": 47.5, "ancestors": [2, 0, 0, 0, 1, 2], "is_for_training": true, "weight_of_cost_no_call_goal_pre": 2.4109916529512057, "weight_of_cost_no_call_goal_post": 1.0197119897384812, "weight_of_cost_call_goal": 8.859483594745113, "weight_of_cost_call_goal_pre": 2.2346826064678798, "weight_of_cost_call_goal_post": 0.8571131062546058}