{"group_ID": 0, "generation_ID": 9, "individual_ID": 10, "rank": 10, "number_of_nan": 8, "search_time": 45.0, "ancestors": [2, 0, 0, 8, 0, 1, 1, 2], "is_for_training": true, "weight_of_cost_no_call_goal_pre": 2.6258179540190025, "weight_of_cost_no_call_goal_post": 0.6611123709155632, "weight_of_cost_call_goal": 9.048303197721662, "weight_of_cost_call_goal_pre": 2.8623032730571434, "weight_of_cost_call_goal_post": 0.7303707686895443}