{"group_ID": 0, "generation_ID": 9, "individual_ID": 12, "rank": 8, "number_of_nan": 7, "search_time": 50.4, "ancestors": [2, 0, 0, 0, 1, 2, 2, 4], "is_for_training": true, "weight_of_cost_no_call_goal_pre": 2.442192828703769, "weight_of_cost_no_call_goal_post": 0.8168263715580402, "weight_of_cost_call_goal": 10.297389747371742, "weight_of_cost_call_goal_pre": 2.8256108707401686, "weight_of_cost_call_goal_post": 0.9704884305057705}