{"group_ID": 0, "generation_ID": 8, "individual_ID": 14, "rank": 14, "number_of_nan": 14, "search_time": 33.0, "ancestors": [2, 8, 1, 1, 10, 4, 4], "is_for_training": true, "weight_of_cost_no_call_goal_pre": 1.6318409996198482, "weight_of_cost_no_call_goal_post": 0.8374446669614309, "weight_of_cost_call_goal": 12.820526976657671, "weight_of_cost_call_goal_pre": 1.5280512037600242, "weight_of_cost_call_goal_post": 1.1874967155389162}