{"group_ID": 1, "generation_ID": 7, "individual_ID": 13, "rank": 11, "number_of_nan": 13, "search_time": 38.0, "ancestors": [1, 9, 3, 3, 15, 8], "is_for_training": true, "weight_of_cost_no_call_goal_pre": 1.6463722456373127, "weight_of_cost_no_call_goal_post": 0.6983944042930821, "weight_of_cost_call_goal": 6.502364797167301, "weight_of_cost_call_goal_pre": 1.6418432341126374, "weight_of_cost_call_goal_post": 0.676302170684436}