{"group_ID": 2, "generation_ID": 11, "individual_ID": 13, "rank": 15, "number_of_nan": 19, "search_time": 8.2, "ancestors": [4, 0, 9, 10, 15, 2, 2, 2, 2, 5], "is_for_training": true, "weight_of_cost_no_call_goal_pre": 2.3218124487359497, "weight_of_cost_no_call_goal_post": 1.3985913057845876, "weight_of_cost_call_goal": 10.22521239924943, "weight_of_cost_call_goal_pre": 3.126409518856517, "weight_of_cost_call_goal_post": 1.1383278115666067}