{"group_ID": 1, "generation_ID": 8, "individual_ID": 14, "rank": 13, "number_of_nan": 20, "search_time": 3.3000000000000003, "ancestors": [5, 0, 2, 10, 0, 1, 3], "is_for_training": true, "weight_of_cost_no_call_goal_pre": 2.9061544564011084, "weight_of_cost_no_call_goal_post": 0.9354899948835398, "weight_of_cost_call_goal": 11.790855251735167, "weight_of_cost_call_goal_pre": 3.0965677900893427, "weight_of_cost_call_goal_post": 1.01269969926892}