{"group_ID": 2, "generation_ID": 11, "individual_ID": 8, "rank": 12, "number_of_nan": 18, "search_time": 3.5, "ancestors": [3, 15, 10, 3, 11, 0, 0, 0, 8, 0], "is_for_training": true, "weight_of_cost_no_call_goal_pre": 4.160618098057104, "weight_of_cost_no_call_goal_post": 1.1223449384242656, "weight_of_cost_call_goal": 8.06203474587885, "weight_of_cost_call_goal_pre": 5.671938905676207, "weight_of_cost_call_goal_post": 1.4561961551531946}