{"group_ID": 2, "generation_ID": 10, "individual_ID": 15, "rank": 10, "number_of_nan": 12, "search_time": 39.6, "ancestors": [0, 13, 13, 1, 1, 4, 12, 11, 3], "is_for_training": true, "weight_of_cost_no_call_goal_pre": 4.603858784440113, "weight_of_cost_no_call_goal_post": 1.3409407962913098, "weight_of_cost_call_goal": 9.544428062246332, "weight_of_cost_call_goal_pre": 3.96405848195189, "weight_of_cost_call_goal_post": 1.3196597243376347}