{"group_ID": 2, "generation_ID": 9, "individual_ID": 12, "rank": 13, "number_of_nan": 13, "search_time": 31.7, "ancestors": [0, 13, 13, 1, 1, 4, 12, 3], "is_for_training": true, "weight_of_cost_no_call_goal_pre": 4.3252660804171486, "weight_of_cost_no_call_goal_post": 1.4616550505749926, "weight_of_cost_call_goal": 10.99405965094753, "weight_of_cost_call_goal_pre": 3.3608575149447706, "weight_of_cost_call_goal_post": 1.4175668433904485}