{"group_ID": 2, "generation_ID": 11, "individual_ID": 12, "rank": 2, "number_of_nan": 9, "search_time": 54.5, "ancestors": [4, 8, 0, 0, 0, 1, 1, 1, 9, 4], "is_for_training": true, "weight_of_cost_no_call_goal_pre": 4.853659351634983, "weight_of_cost_no_call_goal_post": 0.6721779392169085, "weight_of_cost_call_goal": 11.599115861398259, "weight_of_cost_call_goal_pre": 4.861714318676035, "weight_of_cost_call_goal_post": 0.867663687871686}