{"group_ID": 2, "generation_ID": 8, "individual_ID": 14, "rank": 12, "number_of_nan": 19, "search_time": 2.6999999999999997, "ancestors": [0, 13, 13, 1, 9, 11, 13], "is_for_training": true, "weight_of_cost_no_call_goal_pre": 5.668077483416114, "weight_of_cost_no_call_goal_post": 0.781747479802583, "weight_of_cost_call_goal": 11.854406336742247, "weight_of_cost_call_goal_pre": 4.56424437969746, "weight_of_cost_call_goal_post": 1.1323913746064151}