{"group_ID": 1, "generation_ID": 11, "individual_ID": 13, "rank": 14, "number_of_nan": 13, "search_time": 36.6, "ancestors": [2, 11, 0, 0, 9, 11, 0, 9, 11, 3], "is_for_training": true, "weight_of_cost_no_call_goal_pre": 3.4987372774214065, "weight_of_cost_no_call_goal_post": 0.854007466195987, "weight_of_cost_call_goal": 11.102109600415817, "weight_of_cost_call_goal_pre": 4.405489483480039, "weight_of_cost_call_goal_post": 1.0132619552080449}