{"group_ID": 2, "generation_ID": 7, "individual_ID": 14, "rank": 15, "number_of_nan": 20, "search_time": 3.6999999999999997, "ancestors": [4, 8, 0, 0, 8, 5], "is_for_training": true, "weight_of_cost_no_call_goal_pre": 3.106909279962836, "weight_of_cost_no_call_goal_post": 1.0732413978836193, "weight_of_cost_call_goal": 9.934631158143622, "weight_of_cost_call_goal_pre": 3.1413712265506684, "weight_of_cost_call_goal_post": 0.9362167519200241}