{"group_ID": 2, "generation_ID": 7, "individual_ID": 8, "rank": 8, "number_of_nan": 12, "search_time": 31.200000000000003, "ancestors": [3, 15, 10, 3, 11, 0], "is_for_training": true, "weight_of_cost_no_call_goal_pre": 4.46813849165609, "weight_of_cost_no_call_goal_post": 1.1283156727536496, "weight_of_cost_call_goal": 6.097963756751806, "weight_of_cost_call_goal_pre": 4.927555581955515, "weight_of_cost_call_goal_post": 1.29937410467745}