{"group_ID": 0, "generation_ID": 11, "individual_ID": 14, "rank": 14, "number_of_nan": 19, "search_time": 6.5, "ancestors": [2, 8, 1, 1, 2, 3, 3, 5, 5, 5], "is_for_training": true, "weight_of_cost_no_call_goal_pre": 1.7395636948682136, "weight_of_cost_no_call_goal_post": 1.0610027021459953, "weight_of_cost_call_goal": 10.263601785851067, "weight_of_cost_call_goal_pre": 2.409646719630427, "weight_of_cost_call_goal_post": 0.9009762173964185}