{"group_ID": 2, "generation_ID": 6, "individual_ID": 12, "rank": 11, "number_of_nan": 15, "search_time": 22.0, "ancestors": [0, 13, 13, 1, 1], "is_for_training": true, "weight_of_cost_no_call_goal_pre": 4.125256005776633, "weight_of_cost_no_call_goal_post": 1.0577483952817353, "weight_of_cost_call_goal": 12.028843767866848, "weight_of_cost_call_goal_pre": 3.201963367523825, "weight_of_cost_call_goal_post": 1.1584820090830852}