{"group_ID": 2, "generation_ID": 6, "individual_ID": 10, "rank": 14, "number_of_nan": 18, "search_time": 21.3, "ancestors": [4, 0, 9, 10, 15], "is_for_training": true, "weight_of_cost_no_call_goal_pre": 2.969581991641163, "weight_of_cost_no_call_goal_post": 1.365670640605649, "weight_of_cost_call_goal": 11.069579432797635, "weight_of_cost_call_goal_pre": 2.5010275381181146, "weight_of_cost_call_goal_post": 1.504722014802052}