{"group_ID": 0, "generation_ID": 7, "individual_ID": 13, "rank": 14, "number_of_nan": 19, "search_time": 6.4, "ancestors": [2, 8, 9, 2, 11, 5], "is_for_training": true, "weight_of_cost_no_call_goal_pre": 2.052857592315856, "weight_of_cost_no_call_goal_post": 1.2652899503582566, "weight_of_cost_call_goal": 14.213856957514304, "weight_of_cost_call_goal_pre": 1.9228694557076746, "weight_of_cost_call_goal_post": 0.9908411354787094}