{"group_ID": 0, "generation_ID": 10, "individual_ID": 14, "rank": 11, "number_of_nan": 8, "search_time": 49.699999999999996, "ancestors": [2, 8, 1, 1, 10, 4, 4, 6, 6], "is_for_training": true, "weight_of_cost_no_call_goal_pre": 1.6841137080765816, "weight_of_cost_no_call_goal_post": 0.8828330769533165, "weight_of_cost_call_goal": 13.555474295120325, "weight_of_cost_call_goal_pre": 1.5304243739815921, "weight_of_cost_call_goal_post": 0.8413386555020135}