{"group_ID": 2, "generation_ID": 4, "individual_ID": 13, "rank": 14, "number_of_nan": 20, "search_time": 2.9000000000000004, "ancestors": [3, 15, 2], "is_for_training": true, "weight_of_cost_no_call_goal_pre": 4.058161735113969, "weight_of_cost_no_call_goal_post": 1.0347410827233727, "weight_of_cost_call_goal": 9.22841084472145, "weight_of_cost_call_goal_pre": 3.4335628145522463, "weight_of_cost_call_goal_post": 1.1690098606633703}