{"group_ID": 1, "generation_ID": 6, "individual_ID": 12, "rank": 15, "number_of_nan": 19, "search_time": 9.0, "ancestors": [2, 11, 0, 0, 1], "is_for_training": true, "weight_of_cost_no_call_goal_pre": 2.6946129465529722, "weight_of_cost_no_call_goal_post": 0.8143351670095194, "weight_of_cost_call_goal": 11.768834648648964, "weight_of_cost_call_goal_pre": 3.428062130021994, "weight_of_cost_call_goal_post": 0.8044548103391668}