{"group_ID": 1, "generation_ID": 8, "individual_ID": 15, "rank": 12, "number_of_nan": 15, "search_time": 20.3, "ancestors": [5, 0, 2, 10, 8, 2, 4], "is_for_training": true, "weight_of_cost_no_call_goal_pre": 3.662489474497068, "weight_of_cost_no_call_goal_post": 1.0639399501592721, "weight_of_cost_call_goal": 13.068986812827488, "weight_of_cost_call_goal_pre": 3.1229253322334123, "weight_of_cost_call_goal_post": 1.4785772581910197}