{"group_ID": 2, "generation_ID": 7, "individual_ID": 15, "rank": 14, "number_of_nan": 16, "search_time": 11.2, "ancestors": [4, 0, 9, 2, 2, 6], "is_for_training": true, "weight_of_cost_no_call_goal_pre": 2.9941056678815534, "weight_of_cost_no_call_goal_post": 1.3600148273925396, "weight_of_cost_call_goal": 11.318137153157481, "weight_of_cost_call_goal_pre": 2.2838915614774775, "weight_of_cost_call_goal_post": 1.1939694667070375}