{"group_ID": 2, "generation_ID": 11, "individual_ID": 15, "rank": 8, "number_of_nan": 11, "search_time": 37.2, "ancestors": [0, 13, 13, 1, 1, 4, 12, 11, 3, 7], "is_for_training": true, "weight_of_cost_no_call_goal_pre": 4.393374083064038, "weight_of_cost_no_call_goal_post": 1.3892340669913164, "weight_of_cost_call_goal": 9.25222146645533, "weight_of_cost_call_goal_pre": 5.282540730935383, "weight_of_cost_call_goal_post": 1.2689251452909247}