{"group_ID": 0, "generation_ID": 7, "individual_ID": 12, "rank": 11, "number_of_nan": 8, "search_time": 59.2, "ancestors": [2, 8, 1, 1, 10, 4], "is_for_training": true, "weight_of_cost_no_call_goal_pre": 1.8848739821725349, "weight_of_cost_no_call_goal_post": 1.0662480493367141, "weight_of_cost_call_goal": 10.957161934836511, "weight_of_cost_call_goal_pre": 1.6399469279707937, "weight_of_cost_call_goal_post": 1.0171114773164147}