{"group_ID": 1, "generation_ID": 5, "individual_ID": 14, "rank": 13, "number_of_nan": 18, "search_time": 3.8000000000000003, "ancestors": [1, 1, 4, 12], "is_for_training": true, "weight_of_cost_no_call_goal_pre": 3.1246448413091676, "weight_of_cost_no_call_goal_post": 1.0118187318673686, "weight_of_cost_call_goal": 9.653542529223165, "weight_of_cost_call_goal_pre": 3.5269299006400656, "weight_of_cost_call_goal_post": 1.0372379551290134}