{"group_ID": 0, "generation_ID": 5, "individual_ID": 12, "rank": 13, "number_of_nan": 11, "search_time": 39.400000000000006, "ancestors": [4, 1, 2, 3], "is_for_training": true, "weight_of_cost_no_call_goal_pre": 3.08977815702995, "weight_of_cost_no_call_goal_post": 0.8456067326444289, "weight_of_cost_call_goal": 7.182240299580188, "weight_of_cost_call_goal_pre": 2.549344595410547, "weight_of_cost_call_goal_post": 1.028412035064719}