{"group_ID": 2, "generation_ID": 10, "individual_ID": 11, "rank": 9, "number_of_nan": 12, "search_time": 29.1, "ancestors": [4, 8, 0, 0, 0, 1, 1, 1, 1], "is_for_training": true, "weight_of_cost_no_call_goal_pre": 3.835635573341529, "weight_of_cost_no_call_goal_post": 0.7241512641622764, "weight_of_cost_call_goal": 10.152205103362814, "weight_of_cost_call_goal_pre": 2.918337937346801, "weight_of_cost_call_goal_post": 0.9035980685017047}