{"group_ID": 0, "generation_ID": 11, "individual_ID": 11, "rank": 3, "number_of_nan": 5, "search_time": 81.6, "ancestors": [2, 0, 0, 8, 0, 1, 1, 2, 2, 2], "is_for_training": true, "weight_of_cost_no_call_goal_pre": 2.5877582638770087, "weight_of_cost_no_call_goal_post": 0.8519325968781825, "weight_of_cost_call_goal": 9.967418013896564, "weight_of_cost_call_goal_pre": 2.1580782596923624, "weight_of_cost_call_goal_post": 0.7146425862034722}