{"group_ID": 1, "generation_ID": 9, "individual_ID": 12, "rank": 15, "number_of_nan": 19, "search_time": 7.6, "ancestors": [5, 0, 2, 10, 0, 9, 10, 2], "is_for_training": true, "weight_of_cost_no_call_goal_pre": 4.454087598822631, "weight_of_cost_no_call_goal_post": 1.1672331143484498, "weight_of_cost_call_goal": 10.830779510914331, "weight_of_cost_call_goal_pre": 4.95264947879812, "weight_of_cost_call_goal_post": 0.9383817698074588}