{"group_ID": 1, "generation_ID": 3, "individual_ID": 15, "rank": 12, "number_of_nan": 19, "search_time": 8.700000000000001, "ancestors": [2, 3], "is_for_training": true, "weight_of_cost_no_call_goal_pre": 3.212741185872021, "weight_of_cost_no_call_goal_post": 1.0719304023710516, "weight_of_cost_call_goal": 8.06873556805655, "weight_of_cost_call_goal_pre": 3.0248000647919264, "weight_of_cost_call_goal_post": 0.9454389053593838}