{"group_ID": 0, "generation_ID": 10, "individual_ID": 6, "rank": 7, "number_of_nan": 6, "search_time": 69.9, "ancestors": [2, 8, 1, 1, 10, 4, 4, 6, 6], "is_for_training": true, "weight_of_cost_no_call_goal_pre": 2.285092274453061, "weight_of_cost_no_call_goal_post": 0.8702789890675486, "weight_of_cost_call_goal": 11.733750892473436, "weight_of_cost_call_goal_pre": 1.7422358912898024, "weight_of_cost_call_goal_post": 1.018156104226868}