{"group_ID": 2, "generation_ID": 9, "individual_ID": 11, "rank": 2, "number_of_nan": 11, "search_time": 29.2, "ancestors": [0, 13, 13, 1, 1, 4, 12, 11], "is_for_training": true, "weight_of_cost_no_call_goal_pre": 5.211082469375554, "weight_of_cost_no_call_goal_post": 1.2836699760500596, "weight_of_cost_call_goal": 11.838867489426365, "weight_of_cost_call_goal_pre": 4.62022873729235, "weight_of_cost_call_goal_post": 1.163235485230583}