{"group_ID": 2, "generation_ID": 8, "individual_ID": 12, "rank": 11, "number_of_nan": 17, "search_time": 22.9, "ancestors": [4, 0, 9, 10, 15, 2, 10], "is_for_training": true, "weight_of_cost_no_call_goal_pre": 2.9255447428772094, "weight_of_cost_no_call_goal_post": 1.3794607529078367, "weight_of_cost_call_goal": 9.693821835424645, "weight_of_cost_call_goal_pre": 2.4408472234465823, "weight_of_cost_call_goal_post": 1.0939275857559367}