{"group_ID": 0, "generation_ID": 5, "individual_ID": 15, "rank": 15, "number_of_nan": 14, "search_time": 24.000000000000004, "ancestors": [3, 2, 4, 5], "is_for_training": true, "weight_of_cost_no_call_goal_pre": 2.28784320462126, "weight_of_cost_no_call_goal_post": 1.2813786257451885, "weight_of_cost_call_goal": 9.005357607980958, "weight_of_cost_call_goal_pre": 2.717321628398028, "weight_of_cost_call_goal_post": 1.168281963283181}