{"group_ID": 0, "generation_ID": 4, "individual_ID": 5, "rank": 7, "number_of_nan": 10, "search_time": 48.599999999999994, "ancestors": [3, 2, 4], "is_for_training": true, "weight_of_cost_no_call_goal_pre": 3.4062274524203775, "weight_of_cost_no_call_goal_post": 1.1696479154037234, "weight_of_cost_call_goal": 8.797064176228705, "weight_of_cost_call_goal_pre": 2.6030007187363777, "weight_of_cost_call_goal_post": 1.0813824859159444}