{"group_ID": 1, "generation_ID": 11, "individual_ID": 14, "rank": 11, "number_of_nan": 10, "search_time": 39.8, "ancestors": [2, 11, 0, 0, 9, 11, 0, 1, 2, 4], "is_for_training": true, "weight_of_cost_no_call_goal_pre": 3.260489359585513, "weight_of_cost_no_call_goal_post": 0.8253362952360577, "weight_of_cost_call_goal": 14.863778287466559, "weight_of_cost_call_goal_pre": 3.9051113675333813, "weight_of_cost_call_goal_post": 0.646423496672977}