{"group_ID": 1, "generation_ID": 6, "individual_ID": 14, "rank": 14, "number_of_nan": 19, "search_time": 3.4, "ancestors": [1, 9, 3, 11, 2], "is_for_training": true, "weight_of_cost_no_call_goal_pre": 2.6912458172340785, "weight_of_cost_no_call_goal_post": 0.6836214647261362, "weight_of_cost_call_goal": 11.504709533406112, "weight_of_cost_call_goal_pre": 2.303933587135267, "weight_of_cost_call_goal_post": 0.8199019350173261}