{"group_ID": 0, "generation_ID": 3, "individual_ID": 10, "rank": 12, "number_of_nan": 14, "search_time": 17.799999999999997, "ancestors": [4, 1], "is_for_training": true, "weight_of_cost_no_call_goal_pre": 2.8587049437967793, "weight_of_cost_no_call_goal_post": 1.0052638270894745, "weight_of_cost_call_goal": 7.475718561671303, "weight_of_cost_call_goal_pre": 3.6323200964439017, "weight_of_cost_call_goal_post": 0.9781880987931871}