{"group_ID": 0, "generation_ID": 8, "individual_ID": 15, "rank": 13, "number_of_nan": 11, "search_time": 37.2, "ancestors": [2, 8, 9, 2, 11, 5, 5], "is_for_training": true, "weight_of_cost_no_call_goal_pre": 2.3124761893592973, "weight_of_cost_no_call_goal_post": 1.286345303499928, "weight_of_cost_call_goal": 14.132052574032304, "weight_of_cost_call_goal_pre": 2.166352230535295, "weight_of_cost_call_goal_post": 1.0741006644344808}