{"group_ID": 1, "generation_ID": 11, "individual_ID": 12, "rank": 9, "number_of_nan": 10, "search_time": 35.0, "ancestors": [5, 0, 2, 10, 0, 1, 11, 0, 1, 2], "is_for_training": true, "weight_of_cost_no_call_goal_pre": 4.542080515563973, "weight_of_cost_no_call_goal_post": 1.2004896867653518, "weight_of_cost_call_goal": 9.657889195452062, "weight_of_cost_call_goal_pre": 4.400271279696245, "weight_of_cost_call_goal_post": 1.1577201333918723}