{"group_ID": 2, "generation_ID": 9, "individual_ID": 14, "rank": 10, "number_of_nan": 12, "search_time": 25.7, "ancestors": [0, 13, 13, 1, 9, 3, 3, 13], "is_for_training": true, "weight_of_cost_no_call_goal_pre": 5.010883499693857, "weight_of_cost_no_call_goal_post": 0.8444649495201247, "weight_of_cost_call_goal": 10.855090700445288, "weight_of_cost_call_goal_pre": 4.904412269536747, "weight_of_cost_call_goal_post": 1.1433910961765787}