{"group_ID": 1, "generation_ID": 9, "individual_ID": 5, "rank": 9, "number_of_nan": 10, "search_time": 48.8, "ancestors": [5, 0, 2, 10, 8, 2, 12, 3], "is_for_training": true, "weight_of_cost_no_call_goal_pre": 3.634405179822375, "weight_of_cost_no_call_goal_post": 1.3877860682846082, "weight_of_cost_call_goal": 11.572906386024705, "weight_of_cost_call_goal_pre": 3.447900810667975, "weight_of_cost_call_goal_post": 1.3262445338988271}