{"group_ID": 0, "generation_ID": 9, "individual_ID": 8, "rank": 13, "number_of_nan": 10, "search_time": 39.5, "ancestors": [2, 0, 0, 8, 8, 0, 8, 0], "is_for_training": true, "weight_of_cost_no_call_goal_pre": 2.5338832970436505, "weight_of_cost_no_call_goal_post": 1.0819119875513132, "weight_of_cost_call_goal": 8.22080947588846, "weight_of_cost_call_goal_pre": 2.7282077480804516, "weight_of_cost_call_goal_post": 0.9839749471902727}