{"group_ID": 2, "generation_ID": 8, "individual_ID": 8, "rank": 14, "number_of_nan": 19, "search_time": 15.799999999999999, "ancestors": [3, 15, 10, 3, 11, 0, 0], "is_for_training": true, "weight_of_cost_no_call_goal_pre": 4.192278590856916, "weight_of_cost_no_call_goal_post": 1.036437793348279, "weight_of_cost_call_goal": 7.489010707556719, "weight_of_cost_call_goal_pre": 4.619910212582158, "weight_of_cost_call_goal_post": 1.11774244823984}