{"group_ID": 0, "generation_ID": 9, "individual_ID": 14, "rank": 15, "number_of_nan": 19, "search_time": 3.3, "ancestors": [2, 8, 1, 1, 10, 4, 4, 6], "is_for_training": true, "weight_of_cost_no_call_goal_pre": 1.9047907081392659, "weight_of_cost_no_call_goal_post": 1.0059842426962795, "weight_of_cost_call_goal": 10.536947396268019, "weight_of_cost_call_goal_pre": 1.998673691391137, "weight_of_cost_call_goal_post": 0.8211866231232807}