{"group_ID": 2, "generation_ID": 4, "individual_ID": 14, "rank": 12, "number_of_nan": 15, "search_time": 27.200000000000003, "ancestors": [7, 1, 3], "is_for_training": true, "weight_of_cost_no_call_goal_pre": 3.137102872938242, "weight_of_cost_no_call_goal_post": 0.9018590204879937, "weight_of_cost_call_goal": 10.326377669012782, "weight_of_cost_call_goal_pre": 3.3360143066230625, "weight_of_cost_call_goal_post": 1.115591437389712}