{"group_ID": 1, "generation_ID": 7, "individual_ID": 15, "rank": 8, "number_of_nan": 12, "search_time": 29.5, "ancestors": [2, 11, 0, 0, 1, 4], "is_for_training": true, "weight_of_cost_no_call_goal_pre": 3.6022426252493878, "weight_of_cost_no_call_goal_post": 0.8236253947246842, "weight_of_cost_call_goal": 9.611612026535653, "weight_of_cost_call_goal_pre": 3.4099443247065495, "weight_of_cost_call_goal_post": 0.9329509596783939}