{"group_ID": 1, "generation_ID": 9, "individual_ID": 9, "rank": 6, "number_of_nan": 10, "search_time": 34.5, "ancestors": [5, 0, 2, 10, 0, 1, 11, 0], "is_for_training": true, "weight_of_cost_no_call_goal_pre": 4.518951963339479, "weight_of_cost_no_call_goal_post": 0.9661070242280496, "weight_of_cost_call_goal": 13.291921193003358, "weight_of_cost_call_goal_pre": 3.371995301129145, "weight_of_cost_call_goal_post": 1.2711301799286834}