{"group_ID": 2, "generation_ID": 10, "individual_ID": 12, "rank": 14, "number_of_nan": 19, "search_time": 6.9, "ancestors": [4, 8, 0, 0, 0, 1, 1, 1, 9], "is_for_training": true, "weight_of_cost_no_call_goal_pre": 3.374709447817186, "weight_of_cost_no_call_goal_post": 0.688985463504985, "weight_of_cost_call_goal": 10.192365651894336, "weight_of_cost_call_goal_pre": 4.528736550461342, "weight_of_cost_call_goal_post": 0.8359754764661844}