{"group_ID": 1, "generation_ID": 10, "individual_ID": 15, "rank": 7, "number_of_nan": 9, "search_time": 56.3, "ancestors": [2, 11, 0, 0, 9, 11, 0, 9, 3], "is_for_training": true, "weight_of_cost_no_call_goal_pre": 4.596751632818677, "weight_of_cost_no_call_goal_post": 0.9282071201987623, "weight_of_cost_call_goal": 13.706819826461865, "weight_of_cost_call_goal_pre": 3.9334221913634497, "weight_of_cost_call_goal_post": 0.8372504804202303}