{"group_ID": 1, "generation_ID": 10, "individual_ID": 10, "rank": 15, "number_of_nan": 20, "search_time": 3.3, "ancestors": [5, 0, 2, 10, 0, 1, 11, 0, 1], "is_for_training": true, "weight_of_cost_no_call_goal_pre": 4.504928724947457, "weight_of_cost_no_call_goal_post": 0.9504068188080924, "weight_of_cost_call_goal": 9.312815150775188, "weight_of_cost_call_goal_pre": 4.284643951268456, "weight_of_cost_call_goal_post": 1.093425768505648}