{"group_ID": 0, "generation_ID": 9, "individual_ID": 7, "rank": 7, "number_of_nan": 6, "search_time": 70.6, "ancestors": [2, 0, 0, 8, 0, 1, 1, 10], "is_for_training": true, "weight_of_cost_no_call_goal_pre": 2.711051695441168, "weight_of_cost_no_call_goal_post": 0.9065174593825381, "weight_of_cost_call_goal": 10.336855412357929, "weight_of_cost_call_goal_pre": 2.2585458843605606, "weight_of_cost_call_goal_post": 0.7224506363934177}