{"group_ID": 0, "generation_ID": 9, "individual_ID": 9, "rank": 11, "number_of_nan": 9, "search_time": 43.5, "ancestors": [2, 0, 0, 8, 8, 0, 0, 1], "is_for_training": true, "weight_of_cost_no_call_goal_pre": 2.7460981810995255, "weight_of_cost_no_call_goal_post": 1.0618526665250747, "weight_of_cost_call_goal": 10.596547805730689, "weight_of_cost_call_goal_pre": 2.0827236680001726, "weight_of_cost_call_goal_post": 1.0728874929849792}