{"group_ID": 0, "generation_ID": 9, "individual_ID": 11, "rank": 12, "number_of_nan": 10, "search_time": 33.2, "ancestors": [2, 0, 0, 0, 9, 7, 15, 3], "is_for_training": true, "weight_of_cost_no_call_goal_pre": 1.5036790457879108, "weight_of_cost_no_call_goal_post": 1.0360936010716528, "weight_of_cost_call_goal": 12.24760071457351, "weight_of_cost_call_goal_pre": 1.57001404263516, "weight_of_cost_call_goal_post": 0.718155315000219}