{"group_ID": 0, "generation_ID": 10, "individual_ID": 8, "rank": 14, "number_of_nan": 18, "search_time": 3.3000000000000003, "ancestors": [2, 0, 0, 8, 8, 0, 8, 0, 0], "is_for_training": true, "weight_of_cost_no_call_goal_pre": 2.9250511379332784, "weight_of_cost_no_call_goal_post": 1.2606020769843034, "weight_of_cost_call_goal": 8.859017649734588, "weight_of_cost_call_goal_pre": 2.83093530352789, "weight_of_cost_call_goal_post": 1.0637388060917794}