{"group_ID": 1, "generation_ID": 8, "individual_ID": 10, "rank": 8, "number_of_nan": 11, "search_time": 40.8, "ancestors": [5, 0, 2, 10, 0, 9, 10], "is_for_training": true, "weight_of_cost_no_call_goal_pre": 4.548933947742985, "weight_of_cost_no_call_goal_post": 1.2159579686897692, "weight_of_cost_call_goal": 9.154328706846966, "weight_of_cost_call_goal_pre": 3.5807765965998333, "weight_of_cost_call_goal_post": 1.2226896052852343}