{"group_ID": 0, "generation_ID": 10, "individual_ID": 15, "rank": 10, "number_of_nan": 8, "search_time": 38.599999999999994, "ancestors": [2, 0, 0, 8, 0, 1, 1, 10, 7], "is_for_training": true, "weight_of_cost_no_call_goal_pre": 1.9140280189046228, "weight_of_cost_no_call_goal_post": 0.6898804185200643, "weight_of_cost_call_goal": 9.185165869346475, "weight_of_cost_call_goal_pre": 2.1760684050648007, "weight_of_cost_call_goal_post": 0.6746145337619941}