{"group_ID": 0, "generation_ID": 11, "individual_ID": 10, "rank": 11, "number_of_nan": 8, "search_time": 52.9, "ancestors": [2, 8, 1, 1, 2, 3, 3, 5, 5, 13], "is_for_training": true, "weight_of_cost_no_call_goal_pre": 1.9624714452082705, "weight_of_cost_no_call_goal_post": 0.9939551911153325, "weight_of_cost_call_goal": 9.08548889209759, "weight_of_cost_call_goal_pre": 2.014267338388903, "weight_of_cost_call_goal_post": 1.042804019032989}