{"group_ID": 2, "generation_ID": 9, "individual_ID": 10, "rank": 14, "number_of_nan": 18, "search_time": 20.0, "ancestors": [4, 0, 9, 10, 15, 2, 2, 2], "is_for_training": true, "weight_of_cost_no_call_goal_pre": 2.5280124653729183, "weight_of_cost_no_call_goal_post": 1.2243305454134994, "weight_of_cost_call_goal": 11.014575206921137, "weight_of_cost_call_goal_pre": 2.388747240208347, "weight_of_cost_call_goal_post": 1.0421922638525931}