{"group_ID": 0, "generation_ID": 11, "individual_ID": 12, "rank": 10, "number_of_nan": 6, "search_time": 78.1, "ancestors": [2, 0, 0, 0, 9, 7, 15, 3, 3, 3], "is_for_training": true, "weight_of_cost_no_call_goal_pre": 1.7950420651633445, "weight_of_cost_no_call_goal_post": 0.830539598078426, "weight_of_cost_call_goal": 11.956170234928647, "weight_of_cost_call_goal_pre": 1.570182849017259, "weight_of_cost_call_goal_post": 1.0298775065817007}