{"group_ID": 1, "generation_ID": 9, "individual_ID": 8, "rank": 14, "number_of_nan": 19, "search_time": 3.1, "ancestors": [5, 0, 2, 10, 0, 1, 11, 8], "is_for_training": true, "weight_of_cost_no_call_goal_pre": 4.094245887469771, "weight_of_cost_no_call_goal_post": 1.049752660231991, "weight_of_cost_call_goal": 12.216910748256527, "weight_of_cost_call_goal_pre": 5.495647868608455, "weight_of_cost_call_goal_post": 1.1946283193501182}