{"group_ID": 2, "generation_ID": 10, "individual_ID": 13, "rank": 8, "number_of_nan": 12, "search_time": 24.200000000000003, "ancestors": [4, 0, 9, 10, 15, 2, 2, 2, 2], "is_for_training": true, "weight_of_cost_no_call_goal_pre": 2.801863674996254, "weight_of_cost_no_call_goal_post": 1.1610557411283504, "weight_of_cost_call_goal": 8.101499922527536, "weight_of_cost_call_goal_pre": 2.9235739748181286, "weight_of_cost_call_goal_post": 1.3782542740301729}