{"group_ID": 1, "generation_ID": 10, "individual_ID": 9, "rank": 14, "number_of_nan": 18, "search_time": 3.5, "ancestors": [5, 0, 2, 10, 0, 1, 11, 8, 0], "is_for_training": true, "weight_of_cost_no_call_goal_pre": 3.8512041747639327, "weight_of_cost_no_call_goal_post": 1.121864288612114, "weight_of_cost_call_goal": 10.805209043160984, "weight_of_cost_call_goal_pre": 4.534941764151704, "weight_of_cost_call_goal_post": 1.0593610848553197}