{"group_ID": 1, "generation_ID": 11, "individual_ID": 1, "rank": 1, "number_of_nan": 8, "search_time": 56.10000000000001, "ancestors": [2, 11, 0, 0, 9, 11, 0, 9, 11, 11], "is_for_training": true, "weight_of_cost_no_call_goal_pre": 4.52329544451917, "weight_of_cost_no_call_goal_post": 0.8349400543706077, "weight_of_cost_call_goal": 12.553211657012062, "weight_of_cost_call_goal_pre": 4.489986380918564, "weight_of_cost_call_goal_post": 1.0155177691670352}