{"group_ID": 1, "generation_ID": 5, "individual_ID": 0, "rank": 1, "number_of_nan": 11, "search_time": 53.400000000000006, "ancestors": [5, 0, 2, 10], "is_for_training": true, "weight_of_cost_no_call_goal_pre": 2.601376149790316, "weight_of_cost_no_call_goal_post": 1.1773013855308947, "weight_of_cost_call_goal": 10.373907076388063, "weight_of_cost_call_goal_pre": 3.361656092052507, "weight_of_cost_call_goal_post": 1.1355038984001826}