{"group_ID": 0, "generation_ID": 2, "individual_ID": 13, "rank": 10, "number_of_nan": 13, "search_time": 28.700000000000003, "ancestors": [0], "is_for_training": true, "weight_of_cost_no_call_goal_pre": 2.9910428085724683, "weight_of_cost_no_call_goal_post": 0.9607223278683406, "weight_of_cost_call_goal": 6.926550755804644, "weight_of_cost_call_goal_pre": 2.4107355909033035, "weight_of_cost_call_goal_post": 1.1879838747818723}