{"group_ID": 0, "generation_ID": 6, "individual_ID": 7, "rank": 7, "number_of_nan": 7, "search_time": 56.300000000000004, "ancestors": [2, 0, 0, 0, 9], "is_for_training": true, "weight_of_cost_no_call_goal_pre": 1.972147916065856, "weight_of_cost_no_call_goal_post": 0.8518996894215495, "weight_of_cost_call_goal": 9.983391341619303, "weight_of_cost_call_goal_pre": 2.2397769058573154, "weight_of_cost_call_goal_post": 0.8396981773772444}