{"group_ID": 1, "generation_ID": 11, "individual_ID": 0, "rank": 0, "number_of_nan": 7, "search_time": 57.4, "ancestors": [2, 11, 0, 0, 9, 11, 0, 1, 10, 0], "is_for_training": true, "weight_of_cost_no_call_goal_pre": 3.2400634569954536, "weight_of_cost_no_call_goal_post": 0.9051115178930523, "weight_of_cost_call_goal": 16.395963459830813, "weight_of_cost_call_goal_pre": 4.141448650893788, "weight_of_cost_call_goal_post": 0.8713571775726321}