{"group_ID": 2, "generation_ID": 10, "individual_ID": 9, "rank": 15, "number_of_nan": 19, "search_time": 12.999999999999998, "ancestors": [3, 15, 10, 3, 11, 0, 0, 0, 0], "is_for_training": true, "weight_of_cost_no_call_goal_pre": 5.300215457103567, "weight_of_cost_no_call_goal_post": 0.9887478434362457, "weight_of_cost_call_goal": 7.303092647914518, "weight_of_cost_call_goal_pre": 3.9214814170962, "weight_of_cost_call_goal_post": 1.1058559503642462}