{"group_ID": 1, "generation_ID": 9, "individual_ID": 0, "rank": 1, "number_of_nan": 9, "search_time": 43.3, "ancestors": [5, 0, 2, 10, 0, 1, 11, 8], "is_for_training": true, "weight_of_cost_no_call_goal_pre": 4.569288453858382, "weight_of_cost_no_call_goal_post": 0.9994309603795327, "weight_of_cost_call_goal": 11.082000858190309, "weight_of_cost_call_goal_pre": 4.598370807214213, "weight_of_cost_call_goal_post": 1.0214771252148591}