{"group_ID": 0, "generation_ID": 10, "individual_ID": 9, "rank": 12, "number_of_nan": 12, "search_time": 43.3, "ancestors": [2, 0, 0, 8, 8, 0, 0, 1, 1], "is_for_training": true, "weight_of_cost_no_call_goal_pre": 1.9632112333152667, "weight_of_cost_no_call_goal_post": 1.0223603765971758, "weight_of_cost_call_goal": 11.082047952367805, "weight_of_cost_call_goal_pre": 1.967453421102387, "weight_of_cost_call_goal_post": 0.8972358235276812}