{"group_ID": 2, "generation_ID": 8, "individual_ID": 13, "rank": 6, "number_of_nan": 12, "search_time": 26.0, "ancestors": [0, 13, 13, 1, 9, 3, 3], "is_for_training": true, "weight_of_cost_no_call_goal_pre": 3.962541608323375, "weight_of_cost_no_call_goal_post": 1.317343638508208, "weight_of_cost_call_goal": 10.808977021086038, "weight_of_cost_call_goal_pre": 4.3753994881893306, "weight_of_cost_call_goal_post": 0.9601595270966893}