{"group_ID": 2, "generation_ID": 7, "individual_ID": 9, "rank": 9, "number_of_nan": 12, "search_time": 31.299999999999997, "ancestors": [4, 8, 0, 0, 0, 1], "is_for_training": true, "weight_of_cost_no_call_goal_pre": 3.642014578878405, "weight_of_cost_no_call_goal_post": 0.8224043189804635, "weight_of_cost_call_goal": 9.624942151790924, "weight_of_cost_call_goal_pre": 2.951820644379681, "weight_of_cost_call_goal_post": 0.9875399104355284}