{"group_ID": 1, "generation_ID": 3, "individual_ID": 8, "rank": 13, "number_of_nan": 20, "search_time": 3.6999999999999997, "ancestors": [2, 11], "is_for_training": true, "weight_of_cost_no_call_goal_pre": 3.403232141917548, "weight_of_cost_no_call_goal_post": 0.8889783218153567, "weight_of_cost_call_goal": 11.212992034852952, "weight_of_cost_call_goal_pre": 3.7342961924209828, "weight_of_cost_call_goal_post": 0.777155906167924}