{"group_ID": 2, "generation_ID": 7, "individual_ID": 11, "rank": 13, "number_of_nan": 14, "search_time": 19.299999999999997, "ancestors": [0, 13, 13, 1, 9, 3], "is_for_training": true, "weight_of_cost_no_call_goal_pre": 3.5640714515876946, "weight_of_cost_no_call_goal_post": 1.1161651184179138, "weight_of_cost_call_goal": 11.043538566024433, "weight_of_cost_call_goal_pre": 4.585939894532572, "weight_of_cost_call_goal_post": 0.9542144167105392}