{"group_ID": 1, "generation_ID": 9, "individual_ID": 1, "rank": 2, "number_of_nan": 9, "search_time": 46.4, "ancestors": [5, 0, 2, 10, 0, 1, 11, 0], "is_for_training": true, "weight_of_cost_no_call_goal_pre": 3.1981567605119197, "weight_of_cost_no_call_goal_post": 1.2683596896031535, "weight_of_cost_call_goal": 11.170478021431219, "weight_of_cost_call_goal_pre": 3.853985743523648, "weight_of_cost_call_goal_post": 1.1750768196276953}