{"group_ID": 2, "generation_ID": 11, "individual_ID": 10, "rank": 14, "number_of_nan": 19, "search_time": 8.0, "ancestors": [0, 13, 13, 1, 1, 4, 12, 11, 11, 2], "is_for_training": true, "weight_of_cost_no_call_goal_pre": 4.537096603321219, "weight_of_cost_no_call_goal_post": 0.9765276650811464, "weight_of_cost_call_goal": 14.170152117670877, "weight_of_cost_call_goal_pre": 5.055097114055457, "weight_of_cost_call_goal_post": 0.9426383565250618}