{"group_ID": 0, "generation_ID": 8, "individual_ID": 8, "rank": 9, "number_of_nan": 7, "search_time": 67.10000000000001, "ancestors": [2, 0, 0, 8, 8, 0, 8], "is_for_training": true, "weight_of_cost_no_call_goal_pre": 2.375181095048546, "weight_of_cost_no_call_goal_post": 1.1223346773696088, "weight_of_cost_call_goal": 8.380914101145688, "weight_of_cost_call_goal_pre": 2.109763978654352, "weight_of_cost_call_goal_post": 0.914510921463727}