{"group_ID": 2, "generation_ID": 6, "individual_ID": 13, "rank": 9, "number_of_nan": 13, "search_time": 29.299999999999997, "ancestors": [4, 8, 0, 0, 8], "is_for_training": true, "weight_of_cost_no_call_goal_pre": 2.7613673508159056, "weight_of_cost_no_call_goal_post": 0.7444128325746501, "weight_of_cost_call_goal": 8.603563172251071, "weight_of_cost_call_goal_pre": 2.536438993729412, "weight_of_cost_call_goal_post": 0.8731307579911948}