{"group_ID": 0, "generation_ID": 11, "individual_ID": 13, "rank": 12, "number_of_nan": 18, "search_time": 15.6, "ancestors": [2, 0, 0, 0, 1, 2, 2, 4, 4, 4], "is_for_training": true, "weight_of_cost_no_call_goal_pre": 2.8910429251849874, "weight_of_cost_no_call_goal_post": 1.1424941428288053, "weight_of_cost_call_goal": 9.598764750660497, "weight_of_cost_call_goal_pre": 2.113863149296915, "weight_of_cost_call_goal_post": 0.8229879874044373}