{"group_ID": 0, "generation_ID": 10, "individual_ID": 12, "rank": 15, "number_of_nan": 18, "search_time": 20.6, "ancestors": [2, 0, 0, 0, 1, 2, 2, 4, 4], "is_for_training": true, "weight_of_cost_no_call_goal_pre": 2.261751052975497, "weight_of_cost_no_call_goal_post": 1.0622272376576833, "weight_of_cost_call_goal": 10.23644987763284, "weight_of_cost_call_goal_pre": 2.525694069036876, "weight_of_cost_call_goal_post": 0.796489674931178}