{"group_ID": 0, "generation_ID": 11, "individual_ID": 15, "rank": 13, "number_of_nan": 18, "search_time": 17.8, "ancestors": [2, 8, 1, 1, 10, 4, 4, 6, 6, 6], "is_for_training": true, "weight_of_cost_no_call_goal_pre": 1.4923037777407984, "weight_of_cost_no_call_goal_post": 1.1145883297030128, "weight_of_cost_call_goal": 10.284230089535338, "weight_of_cost_call_goal_pre": 1.394854081439978, "weight_of_cost_call_goal_post": 0.9044446164832164}