{"group_ID": 2, "generation_ID": 10, "individual_ID": 8, "rank": 13, "number_of_nan": 19, "search_time": 6.5, "ancestors": [3, 15, 10, 3, 11, 0, 0, 0, 8], "is_for_training": true, "weight_of_cost_no_call_goal_pre": 4.9674432187345055, "weight_of_cost_no_call_goal_post": 1.2242368501029621, "weight_of_cost_call_goal": 6.44182721099627, "weight_of_cost_call_goal_pre": 5.211831220225585, "weight_of_cost_call_goal_post": 1.275415838853297}