{"group_ID": 1, "generation_ID": 9, "individual_ID": 14, "rank": 12, "number_of_nan": 13, "search_time": 35.7, "ancestors": [1, 9, 3, 3, 15, 0, 1, 4], "is_for_training": true, "weight_of_cost_no_call_goal_pre": 2.32760177955608, "weight_of_cost_no_call_goal_post": 0.697468066957482, "weight_of_cost_call_goal": 9.796078773638515, "weight_of_cost_call_goal_pre": 1.9786740501128968, "weight_of_cost_call_goal_post": 0.5929334883393391}