{"group_ID": 0, "generation_ID": 6, "individual_ID": 15, "rank": 12, "number_of_nan": 18, "search_time": 3.4000000000000004, "ancestors": [2, 0, 0, 0, 9], "is_for_training": true, "weight_of_cost_no_call_goal_pre": 2.3870156619622, "weight_of_cost_no_call_goal_post": 0.9398434821194065, "weight_of_cost_call_goal": 10.785040630870567, "weight_of_cost_call_goal_pre": 1.835567451050633, "weight_of_cost_call_goal_post": 0.7762032695087421}