{"group_ID": 0, "generation_ID": 11, "individual_ID": 9, "rank": 6, "number_of_nan": 6, "search_time": 65.4, "ancestors": [2, 0, 0, 8, 8, 0, 0, 1, 1, 1], "is_for_training": true, "weight_of_cost_no_call_goal_pre": 2.793011158283169, "weight_of_cost_no_call_goal_post": 0.9295443557735469, "weight_of_cost_call_goal": 7.719597489092708, "weight_of_cost_call_goal_pre": 2.0788120933029077, "weight_of_cost_call_goal_post": 0.8230919928763436}