{"group_ID": 2, "generation_ID": 8, "individual_ID": 10, "rank": 10, "number_of_nan": 13, "search_time": 19.6, "ancestors": [4, 0, 9, 10, 15, 2, 2], "is_for_training": true, "weight_of_cost_no_call_goal_pre": 2.3913475869217247, "weight_of_cost_no_call_goal_post": 1.3087289506010427, "weight_of_cost_call_goal": 10.806375209574883, "weight_of_cost_call_goal_pre": 2.2919360190010987, "weight_of_cost_call_goal_post": 1.3044898555886366}