{"group_ID": 0, "generation_ID": 7, "individual_ID": 14, "rank": 13, "number_of_nan": 17, "search_time": 8.9, "ancestors": [2, 8, 9, 2, 3, 6], "is_for_training": true, "weight_of_cost_no_call_goal_pre": 1.6559972089902943, "weight_of_cost_no_call_goal_post": 0.7734513854333696, "weight_of_cost_call_goal": 12.306817848367249, "weight_of_cost_call_goal_pre": 1.6434608732205136, "weight_of_cost_call_goal_post": 1.0796763039895894}