{"group_ID": 1, "generation_ID": 9, "individual_ID": 15, "rank": 5, "number_of_nan": 9, "search_time": 65.1, "ancestors": [5, 0, 2, 10, 0, 9, 2, 13], "is_for_training": true, "weight_of_cost_no_call_goal_pre": 3.3879306895188086, "weight_of_cost_no_call_goal_post": 1.0662173942365782, "weight_of_cost_call_goal": 9.420240403539115, "weight_of_cost_call_goal_pre": 3.97735127942339, "weight_of_cost_call_goal_post": 1.0868978335446686}