{"group_ID": 1, "generation_ID": 10, "individual_ID": 3, "rank": 4, "number_of_nan": 9, "search_time": 58.3, "ancestors": [5, 0, 2, 10, 0, 1, 11, 9, 1], "is_for_training": true, "weight_of_cost_no_call_goal_pre": 3.661065266013737, "weight_of_cost_no_call_goal_post": 1.0773936510796576, "weight_of_cost_call_goal": 9.323934639553924, "weight_of_cost_call_goal_pre": 4.140468420381853, "weight_of_cost_call_goal_post": 1.3762291990566355}