{"group_ID": 1, "generation_ID": 8, "individual_ID": 13, "rank": 11, "number_of_nan": 14, "search_time": 44.0, "ancestors": [1, 9, 11, 13, 15, 4, 14], "is_for_training": true, "weight_of_cost_no_call_goal_pre": 1.6538510521059526, "weight_of_cost_no_call_goal_post": 0.6260313142408959, "weight_of_cost_call_goal": 9.135817275473741, "weight_of_cost_call_goal_pre": 1.5028049023306678, "weight_of_cost_call_goal_post": 0.7734642902660791}