{"group_ID": 0, "generation_ID": 8, "individual_ID": 11, "rank": 11, "number_of_nan": 9, "search_time": 47.5, "ancestors": [3, 11, 2, 11, 8, 2, 2], "is_for_training": true, "weight_of_cost_no_call_goal_pre": 2.5568891125833755, "weight_of_cost_no_call_goal_post": 0.9282227640719223, "weight_of_cost_call_goal": 7.020424356578666, "weight_of_cost_call_goal_pre": 3.3124182086688254, "weight_of_cost_call_goal_post": 1.152028850106888}