{"group_ID": 2, "generation_ID": 8, "individual_ID": 8, "rank": 14, "number_of_nan": 25, "search_time": 5.8999999999999995, "ancestors": [4, 0, 10, 4, 14, 3, 11], "is_for_training": true, "weight_of_cost_no_call_goal_pre": 3.682981187664489, "weight_of_cost_no_call_goal_post": 0.7101966373465847, "weight_of_cost_call_goal": 7.235884678021307, "weight_of_cost_call_goal_pre": 4.058662141096211, "weight_of_cost_call_goal_post": 0.7659088980101706}