{"group_ID": 0, "generation_ID": 11, "individual_ID": 10, "rank": 8, "number_of_nan": 7, "search_time": 68.1, "ancestors": [2, 0, 0, 0, 1, 4, 4, 5, 6, 14], "is_for_training": true, "weight_of_cost_no_call_goal_pre": 1.8962173454602587, "weight_of_cost_no_call_goal_post": 0.8769225125821154, "weight_of_cost_call_goal": 8.715186928296378, "weight_of_cost_call_goal_pre": 1.9462645812111452, "weight_of_cost_call_goal_post": 0.9200196635373563}