{"group_ID": 0, "generation_ID": 10, "individual_ID": 10, "rank": 11, "number_of_nan": 8, "search_time": 57.599999999999994, "ancestors": [3, 11, 2, 11, 0, 1, 1, 2, 2], "is_for_training": true, "weight_of_cost_no_call_goal_pre": 3.652799837435699, "weight_of_cost_no_call_goal_post": 1.0759122694386432, "weight_of_cost_call_goal": 6.986097892040458, "weight_of_cost_call_goal_pre": 3.4522151395888683, "weight_of_cost_call_goal_post": 0.8140488970379232}