{"group_ID": 1, "generation_ID": 11, "individual_ID": 14, "rank": 11, "number_of_nan": 10, "search_time": 78.9, "ancestors": [5, 0, 2, 10, 0, 9, 1, 10, 3, 13], "is_for_training": true, "weight_of_cost_no_call_goal_pre": 2.482763274759593, "weight_of_cost_no_call_goal_post": 1.2490217109269361, "weight_of_cost_call_goal": 9.240827646365963, "weight_of_cost_call_goal_pre": 2.9736232871468777, "weight_of_cost_call_goal_post": 0.9782642378122092}