{"group_ID": 1, "generation_ID": 10, "individual_ID": 1, "rank": 1, "number_of_nan": 9, "search_time": 51.800000000000004, "ancestors": [5, 0, 2, 10, 0, 1, 11, 9, 9], "is_for_training": true, "weight_of_cost_no_call_goal_pre": 4.854864325554782, "weight_of_cost_no_call_goal_post": 1.1314874686895928, "weight_of_cost_call_goal": 11.094691220903185, "weight_of_cost_call_goal_pre": 3.6226496378360444, "weight_of_cost_call_goal_post": 1.488725196684782}