{"group_ID": 0, "generation_ID": 10, "individual_ID": 9, "rank": 13, "number_of_nan": 15, "search_time": 31.200000000000003, "ancestors": [2, 0, 0, 8, 11, 0, 0, 1, 1], "is_for_training": true, "weight_of_cost_no_call_goal_pre": 2.0903972328287788, "weight_of_cost_no_call_goal_post": 1.0486222356370514, "weight_of_cost_call_goal": 10.677969444272964, "weight_of_cost_call_goal_pre": 2.094914249368238, "weight_of_cost_call_goal_post": 0.9202835484419017}