{"group_ID": 0, "generation_ID": 11, "individual_ID": 9, "rank": 9, "number_of_nan": 8, "search_time": 52.599999999999994, "ancestors": [2, 0, 0, 8, 11, 0, 0, 1, 1, 1], "is_for_training": true, "weight_of_cost_no_call_goal_pre": 2.973955475323755, "weight_of_cost_no_call_goal_post": 0.9534220053787559, "weight_of_cost_call_goal": 7.4381221291328385, "weight_of_cost_call_goal_pre": 2.2134872568312987, "weight_of_cost_call_goal_post": 0.8442351498184341}