{"group_ID": 1, "generation_ID": 9, "individual_ID": 13, "rank": 12, "number_of_nan": 22, "search_time": 25.700000000000003, "ancestors": [5, 0, 2, 10, 8, 0, 2, 3], "is_for_training": true, "weight_of_cost_no_call_goal_pre": 4.19004706321296, "weight_of_cost_no_call_goal_post": 1.0638616803213028, "weight_of_cost_call_goal": 11.414202631025537, "weight_of_cost_call_goal_pre": 3.219762679629723, "weight_of_cost_call_goal_post": 1.3381992654300083}