{"group_ID": 1, "generation_ID": 10, "individual_ID": 10, "rank": 15, "number_of_nan": 25, "search_time": 4.8, "ancestors": [2, 11, 0, 0, 9, 11, 0, 0, 0], "is_for_training": true, "weight_of_cost_no_call_goal_pre": 4.477109956568553, "weight_of_cost_no_call_goal_post": 0.6224448370306327, "weight_of_cost_call_goal": 11.719839654216868, "weight_of_cost_call_goal_pre": 4.258185482124129, "weight_of_cost_call_goal_post": 0.7161114701766671}