{"group_ID": 2, "generation_ID": 9, "individual_ID": 14, "rank": 7, "number_of_nan": 10, "search_time": 54.099999999999994, "ancestors": [0, 15, 0, 8, 9, 0, 0, 10], "is_for_training": true, "weight_of_cost_no_call_goal_pre": 3.364790901668474, "weight_of_cost_no_call_goal_post": 0.8813295537073992, "weight_of_cost_call_goal": 9.021678647128141, "weight_of_cost_call_goal_pre": 3.2932958396611496, "weight_of_cost_call_goal_post": 1.1933051396377738}