{"group_ID": 0, "generation_ID": 10, "individual_ID": 8, "rank": 14, "number_of_nan": 22, "search_time": 4.5, "ancestors": [2, 0, 0, 8, 11, 0, 8, 0, 0], "is_for_training": true, "weight_of_cost_no_call_goal_pre": 3.114549621994997, "weight_of_cost_no_call_goal_post": 1.2929837643119415, "weight_of_cost_call_goal": 8.535996250578327, "weight_of_cost_call_goal_pre": 3.014336523950442, "weight_of_cost_call_goal_post": 1.0910635726029867}