{"group_ID": 2, "generation_ID": 9, "individual_ID": 6, "rank": 8, "number_of_nan": 10, "search_time": 55.2, "ancestors": [0, 15, 0, 8, 9, 0, 0, 10], "is_for_training": true, "weight_of_cost_no_call_goal_pre": 3.065502702555328, "weight_of_cost_no_call_goal_post": 1.0053310687640087, "weight_of_cost_call_goal": 8.983353513981276, "weight_of_cost_call_goal_pre": 2.9380655906136766, "weight_of_cost_call_goal_post": 1.002074707760107}