{"group_ID": 2, "generation_ID": 10, "individual_ID": 10, "rank": 10, "number_of_nan": 11, "search_time": 48.0, "ancestors": [0, 15, 0, 8, 1, 4, 12, 1, 1], "is_for_training": true, "weight_of_cost_no_call_goal_pre": 3.9346600595700356, "weight_of_cost_no_call_goal_post": 1.1037218735606118, "weight_of_cost_call_goal": 9.082128335515211, "weight_of_cost_call_goal_pre": 3.7139741577806813, "weight_of_cost_call_goal_post": 1.1007937853659362}