{"group_ID": 0, "generation_ID": 7, "individual_ID": 9, "rank": 14, "number_of_nan": 23, "search_time": 18.6, "ancestors": [3, 11, 2, 11, 0, 1], "is_for_training": true, "weight_of_cost_no_call_goal_pre": 3.2368330715960436, "weight_of_cost_no_call_goal_post": 1.1363994357819551, "weight_of_cost_call_goal": 9.019538264606595, "weight_of_cost_call_goal_pre": 4.050757326601474, "weight_of_cost_call_goal_post": 1.042130333703653}