{"group_ID": 0, "generation_ID": 10, "individual_ID": 14, "rank": 2, "number_of_nan": 6, "search_time": 68.0, "ancestors": [2, 0, 0, 0, 1, 4, 4, 5, 6], "is_for_training": true, "weight_of_cost_no_call_goal_pre": 2.3455636737119865, "weight_of_cost_no_call_goal_post": 0.8455025833881944, "weight_of_cost_call_goal": 10.168677806563455, "weight_of_cost_call_goal_pre": 2.131511548038178, "weight_of_cost_call_goal_post": 0.8057627487024008}