{"group_ID": 2, "generation_ID": 10, "individual_ID": 9, "rank": 12, "number_of_nan": 21, "search_time": 26.6, "ancestors": [4, 0, 10, 4, 14, 3, 11, 0, 0], "is_for_training": true, "weight_of_cost_no_call_goal_pre": 4.65632075636722, "weight_of_cost_no_call_goal_post": 0.6775181280524221, "weight_of_cost_call_goal": 7.05625058592754, "weight_of_cost_call_goal_pre": 3.4450817076994493, "weight_of_cost_call_goal_post": 0.7577639317852298}