{"group_ID": 2, "generation_ID": 11, "individual_ID": 10, "rank": 14, "number_of_nan": 24, "search_time": 8.5, "ancestors": [4, 0, 10, 4, 14, 3, 3, 13, 2, 11], "is_for_training": true, "weight_of_cost_no_call_goal_pre": 3.2362549888824317, "weight_of_cost_no_call_goal_post": 0.6675288617435851, "weight_of_cost_call_goal": 9.027422042339392, "weight_of_cost_call_goal_pre": 3.605738357581302, "weight_of_cost_call_goal_post": 0.6443630136323177}