{"group_ID": 1, "generation_ID": 7, "individual_ID": 0, "rank": 0, "number_of_nan": 6, "search_time": 83.10000000000001, "ancestors": [2, 11, 0, 0, 9, 11], "is_for_training": false, "weight_of_cost_no_call_goal_pre": 3.681573361231456, "weight_of_cost_no_call_goal_post": 0.8977955357208482, "weight_of_cost_call_goal": 14.057640912289584, "weight_of_cost_call_goal_pre": 3.8301866684925696, "weight_of_cost_call_goal_post": 0.7695867548687321}