{"group_ID": 1, "generation_ID": 10, "individual_ID": 7, "rank": 11, "number_of_nan": 12, "search_time": 47.300000000000004, "ancestors": [5, 0, 2, 10, 0, 1, 11, 1, 10], "is_for_training": true, "weight_of_cost_no_call_goal_pre": 3.260195769071209, "weight_of_cost_no_call_goal_post": 1.3820086652031547, "weight_of_cost_call_goal": 13.028555118954129, "weight_of_cost_call_goal_pre": 4.167181769331791, "weight_of_cost_call_goal_post": 1.330469390882983}