{"group_ID": 2, "generation_ID": 4, "individual_ID": 0, "rank": 0, "number_of_nan": 9, "search_time": 64.30000000000001, "ancestors": [0, 15, 0], "is_for_training": false, "weight_of_cost_no_call_goal_pre": 2.675780907641134, "weight_of_cost_no_call_goal_post": 1.0465178226986576, "weight_of_cost_call_goal": 8.179765726193951, "weight_of_cost_call_goal_pre": 3.5149885905016958, "weight_of_cost_call_goal_post": 1.1523331282795017}