{"group_ID": 2, "generation_ID": 10, "individual_ID": 0, "rank": 0, "number_of_nan": 7, "search_time": 76.6, "ancestors": [4, 0, 10, 4, 14, 3, 11, 0, 8], "is_for_training": true, "weight_of_cost_no_call_goal_pre": 3.731407775818087, "weight_of_cost_no_call_goal_post": 0.8811046807934745, "weight_of_cost_call_goal": 6.79383959838624, "weight_of_cost_call_goal_pre": 4.388719613039629, "weight_of_cost_call_goal_post": 0.8453281086176404}