{"group_ID": 0, "generation_ID": 11, "individual_ID": 15, "rank": 12, "number_of_nan": 23, "search_time": 14.899999999999999, "ancestors": [2, 0, 0, 0, 1, 4, 4, 5, 6, 6], "is_for_training": true, "weight_of_cost_no_call_goal_pre": 2.078418763783861, "weight_of_cost_no_call_goal_post": 1.0674580923388564, "weight_of_cost_call_goal": 7.714744611090115, "weight_of_cost_call_goal_pre": 1.9426948714116987, "weight_of_cost_call_goal_post": 0.8662002814927848}