{"group_ID": 2, "generation_ID": 11, "individual_ID": 1, "rank": 2, "number_of_nan": 8, "search_time": 71.5, "ancestors": [4, 0, 10, 4, 14, 3, 11, 0, 0, 1], "is_for_training": true, "weight_of_cost_no_call_goal_pre": 3.276162918922501, "weight_of_cost_no_call_goal_post": 0.8708358500899165, "weight_of_cost_call_goal": 6.7005815401492805, "weight_of_cost_call_goal_pre": 4.215484014548046, "weight_of_cost_call_goal_post": 0.7444813576704582}