{"group_ID": 1, "generation_ID": 11, "individual_ID": 11, "rank": 15, "number_of_nan": 24, "search_time": 24.2, "ancestors": [5, 0, 2, 10, 0, 1, 11, 9, 1, 11], "is_for_training": true, "weight_of_cost_no_call_goal_pre": 3.89545249004204, "weight_of_cost_no_call_goal_post": 1.6007661739237877, "weight_of_cost_call_goal": 12.470155539643812, "weight_of_cost_call_goal_pre": 4.161247559204721, "weight_of_cost_call_goal_post": 1.525010966092118}