{"group_ID": 0, "generation_ID": 11, "individual_ID": 8, "rank": 14, "number_of_nan": 24, "search_time": 6.7, "ancestors": [2, 0, 0, 8, 11, 0, 8, 0, 0, 0], "is_for_training": true, "weight_of_cost_no_call_goal_pre": 3.1031379868790996, "weight_of_cost_no_call_goal_post": 1.2774897080211567, "weight_of_cost_call_goal": 7.132549578721761, "weight_of_cost_call_goal_pre": 3.083907196617859, "weight_of_cost_call_goal_post": 1.0510913981631673}