{"group_ID": 1, "generation_ID": 11, "individual_ID": 2, "rank": 3, "number_of_nan": 9, "search_time": 57.2, "ancestors": [2, 11, 0, 0, 9, 11, 0, 0, 0, 2], "is_for_training": true, "weight_of_cost_no_call_goal_pre": 3.681573361231456, "weight_of_cost_no_call_goal_post": 0.8977955357208482, "weight_of_cost_call_goal": 14.057640912289584, "weight_of_cost_call_goal_pre": 3.8301866684925696, "weight_of_cost_call_goal_post": 0.7695867548687321}