{"group_ID": 0, "generation_ID": 7, "individual_ID": 11, "rank": 12, "number_of_nan": 10, "search_time": 43.0, "ancestors": [2, 8, 9, 1, 10, 3], "is_for_training": true, "weight_of_cost_no_call_goal_pre": 1.7192639258407565, "weight_of_cost_no_call_goal_post": 0.9226468791183776, "weight_of_cost_call_goal": 15.448973237152039, "weight_of_cost_call_goal_pre": 1.9413333457038053, "weight_of_cost_call_goal_post": 0.809214537582885}