{"group_ID": 2, "generation_ID": 9, "individual_ID": 2, "rank": 3, "number_of_nan": 9, "search_time": 63.800000000000004, "ancestors": [4, 0, 10, 4, 14, 3, 3, 13], "is_for_training": true, "weight_of_cost_no_call_goal_pre": 3.642444338789415, "weight_of_cost_no_call_goal_post": 1.0277960208314885, "weight_of_cost_call_goal": 6.5582631384298855, "weight_of_cost_call_goal_pre": 4.021951230044151, "weight_of_cost_call_goal_post": 0.749119753165508}