{"group_ID": 2, "generation_ID": 9, "individual_ID": 13, "rank": 13, "number_of_nan": 22, "search_time": 4.3999999999999995, "ancestors": [0, 15, 0, 0, 0, 1, 1, 11], "is_for_training": true, "weight_of_cost_no_call_goal_pre": 3.3136225855305934, "weight_of_cost_no_call_goal_post": 1.0396246357684606, "weight_of_cost_call_goal": 7.688573523514587, "weight_of_cost_call_goal_pre": 4.50144366188438, "weight_of_cost_call_goal_post": 1.098961187659962}