{"group_ID": 1, "generation_ID": 9, "individual_ID": 7, "rank": 10, "number_of_nan": 13, "search_time": 60.400000000000006, "ancestors": [1, 9, 11, 13, 15, 4, 14, 5], "is_for_training": true, "weight_of_cost_no_call_goal_pre": 1.6908742964625016, "weight_of_cost_no_call_goal_post": 0.6462708376911955, "weight_of_cost_call_goal": 9.412403264591628, "weight_of_cost_call_goal_pre": 1.7077859457392115, "weight_of_cost_call_goal_post": 0.7052039033088644}