{"group_ID": 2, "generation_ID": 10, "individual_ID": 15, "rank": 5, "number_of_nan": 9, "search_time": 68.69999999999999, "ancestors": [0, 15, 0, 8, 9, 0, 0, 10, 14], "is_for_training": true, "weight_of_cost_no_call_goal_pre": 3.409407005032379, "weight_of_cost_no_call_goal_post": 1.2430365999117878, "weight_of_cost_call_goal": 8.299097567325344, "weight_of_cost_call_goal_pre": 2.935600197469653, "weight_of_cost_call_goal_post": 1.2233092924893147}