{"group_ID": 0, "generation_ID": 8, "individual_ID": 8, "rank": 12, "number_of_nan": 9, "search_time": 58.300000000000004, "ancestors": [2, 0, 0, 8, 11, 0, 8], "is_for_training": true, "weight_of_cost_no_call_goal_pre": 2.529056427704019, "weight_of_cost_no_call_goal_post": 1.1511646239983584, "weight_of_cost_call_goal": 8.075325523924418, "weight_of_cost_call_goal_pre": 2.246444349981296, "weight_of_cost_call_goal_post": 0.9380024000652789}