{"group_ID": 2, "generation_ID": 8, "individual_ID": 5, "rank": 8, "number_of_nan": 10, "search_time": 59.5, "ancestors": [4, 0, 10, 4, 14, 3, 3], "is_for_training": true, "weight_of_cost_no_call_goal_pre": 3.1116487562014292, "weight_of_cost_no_call_goal_post": 0.7717472139068456, "weight_of_cost_call_goal": 7.560115914116913, "weight_of_cost_call_goal_pre": 3.8010859305178393, "weight_of_cost_call_goal_post": 0.9169707967005161}