{"group_ID": 2, "generation_ID": 11, "individual_ID": 11, "rank": 8, "number_of_nan": 9, "search_time": 66.5, "ancestors": [0, 15, 0, 8, 1, 4, 12, 1, 1, 2], "is_for_training": true, "weight_of_cost_no_call_goal_pre": 3.8438458015768724, "weight_of_cost_no_call_goal_post": 0.9050852518861188, "weight_of_cost_call_goal": 9.357677904683147, "weight_of_cost_call_goal_pre": 2.8665475537749425, "weight_of_cost_call_goal_post": 1.0369817143413258}