{"group_ID": 1, "generation_ID": 4, "individual_ID": 12, "rank": 9, "number_of_nan": 22, "search_time": 4.800000000000001, "ancestors": [1, 1, 4], "is_for_training": true, "weight_of_cost_no_call_goal_pre": 3.0342499021525278, "weight_of_cost_no_call_goal_post": 0.9178822696057397, "weight_of_cost_call_goal": 10.531691832063013, "weight_of_cost_call_goal_pre": 3.246510971350192, "weight_of_cost_call_goal_post": 1.0590570778015151}