{"group_ID": 2, "generation_ID": 7, "individual_ID": 10, "rank": 9, "number_of_nan": 11, "search_time": 42.599999999999994, "ancestors": [4, 8, 1, 2, 11, 2], "is_for_training": true, "weight_of_cost_no_call_goal_pre": 3.5008769975244727, "weight_of_cost_no_call_goal_post": 1.0974110203123397, "weight_of_cost_call_goal": 8.033095283636195, "weight_of_cost_call_goal_pre": 4.023704680859508, "weight_of_cost_call_goal_post": 0.9846022364801758}