{"group_ID": 1, "generation_ID": 11, "individual_ID": 13, "rank": 13, "number_of_nan": 16, "search_time": 32.7, "ancestors": [5, 0, 2, 10, 0, 1, 11, 1, 2, 4], "is_for_training": true, "weight_of_cost_no_call_goal_pre": 3.2220268569674975, "weight_of_cost_no_call_goal_post": 1.0968213312482782, "weight_of_cost_call_goal": 11.126977071369058, "weight_of_cost_call_goal_pre": 4.057065251930569, "weight_of_cost_call_goal_post": 1.3013555157367585}