{"group_ID": 0, "generation_ID": 5, "individual_ID": 9, "rank": 8, "number_of_nan": 8, "search_time": 60.99999999999999, "ancestors": [2, 0, 0, 0], "is_for_training": true, "weight_of_cost_no_call_goal_pre": 1.972147916065856, "weight_of_cost_no_call_goal_post": 0.8518996894215495, "weight_of_cost_call_goal": 9.983391341619303, "weight_of_cost_call_goal_pre": 2.2397769058573154, "weight_of_cost_call_goal_post": 0.8396981773772444}