{"group_ID": 1, "generation_ID": 8, "individual_ID": 15, "rank": 9, "number_of_nan": 14, "search_time": 34.900000000000006, "ancestors": [5, 0, 2, 10, 8, 8, 15], "is_for_training": true, "weight_of_cost_no_call_goal_pre": 3.9675401378431423, "weight_of_cost_no_call_goal_post": 0.9079354513766725, "weight_of_cost_call_goal": 9.388235223134053, "weight_of_cost_call_goal_pre": 3.383035416047067, "weight_of_cost_call_goal_post": 1.261774886928516}