{"group_ID": 2, "generation_ID": 6, "individual_ID": 14, "rank": 10, "number_of_nan": 14, "search_time": 28.400000000000002, "ancestors": [4, 8, 1, 2, 3], "is_for_training": true, "weight_of_cost_no_call_goal_pre": 3.215979553247174, "weight_of_cost_no_call_goal_post": 0.8104374853907444, "weight_of_cost_call_goal": 8.62478413202896, "weight_of_cost_call_goal_pre": 3.0413573171318786, "weight_of_cost_call_goal_post": 0.7750010790371011}