{"group_ID": 0, "generation_ID": 7, "individual_ID": 15, "rank": 11, "number_of_nan": 9, "search_time": 51.7, "ancestors": [2, 8, 1, 2, 4, 7], "is_for_training": true, "weight_of_cost_no_call_goal_pre": 2.2952409089191157, "weight_of_cost_no_call_goal_post": 0.9556321108084688, "weight_of_cost_call_goal": 11.669890523063362, "weight_of_cost_call_goal_pre": 1.7219707485229847, "weight_of_cost_call_goal_post": 1.0409081252062418}