{"group_ID": 0, "generation_ID": 5, "individual_ID": 15, "rank": 15, "number_of_nan": 15, "search_time": 23.6, "ancestors": [6, 10, 14, 5], "is_for_training": true, "weight_of_cost_no_call_goal_pre": 1.9612665552492512, "weight_of_cost_no_call_goal_post": 0.7856962495168959, "weight_of_cost_call_goal": 13.407337614024215, "weight_of_cost_call_goal_pre": 2.3294393684267964, "weight_of_cost_call_goal_post": 0.7163493587978463}