{"group_ID": 1, "generation_ID": 10, "individual_ID": 9, "rank": 13, "number_of_nan": 22, "search_time": 4.800000000000001, "ancestors": [5, 0, 2, 10, 0, 1, 11, 9, 9], "is_for_training": true, "weight_of_cost_no_call_goal_pre": 3.0340231342485766, "weight_of_cost_no_call_goal_post": 1.6350318499461267, "weight_of_cost_call_goal": 10.817582442486685, "weight_of_cost_call_goal_pre": 3.572679505040709, "weight_of_cost_call_goal_post": 1.543938185673723}