{"group_ID": 2, "generation_ID": 11, "individual_ID": 9, "rank": 0, "number_of_nan": 7, "search_time": 68.9, "ancestors": [4, 0, 10, 4, 14, 3, 11, 0, 0, 1], "is_for_training": true, "weight_of_cost_no_call_goal_pre": 4.858355673900874, "weight_of_cost_no_call_goal_post": 0.7629543093315228, "weight_of_cost_call_goal": 7.962445626813548, "weight_of_cost_call_goal_pre": 4.123670118369943, "weight_of_cost_call_goal_post": 0.8141314823704755}