{"group_ID": 0, "generation_ID": 11, "individual_ID": 13, "rank": 15, "number_of_nan": 25, "search_time": 3.2, "ancestors": [2, 0, 0, 8, 3, 6, 6, 15, 4, 4], "is_for_training": true, "weight_of_cost_no_call_goal_pre": 3.3966351448277696, "weight_of_cost_no_call_goal_post": 0.9419337274358417, "weight_of_cost_call_goal": 11.276265548752903, "weight_of_cost_call_goal_pre": 2.4835403866577974, "weight_of_cost_call_goal_post": 0.6785156383308841}