{"group_ID": 1, "generation_ID": 11, "individual_ID": 9, "rank": 14, "number_of_nan": 22, "search_time": 4.6, "ancestors": [5, 0, 2, 10, 0, 1, 11, 9, 9, 1], "is_for_training": true, "weight_of_cost_no_call_goal_pre": 3.310922439457878, "weight_of_cost_no_call_goal_post": 1.6943015603228975, "weight_of_cost_call_goal": 12.584587857782717, "weight_of_cost_call_goal_pre": 3.7099619014540632, "weight_of_cost_call_goal_post": 1.2690978117327325}