{"group_ID": 0, "generation_ID": 8, "individual_ID": 13, "rank": 14, "number_of_nan": 12, "search_time": 41.39999999999999, "ancestors": [2, 0, 0, 0, 1, 4, 4], "is_for_training": true, "weight_of_cost_no_call_goal_pre": 2.6046416947210305, "weight_of_cost_no_call_goal_post": 0.9462973734893644, "weight_of_cost_call_goal": 8.21729620051049, "weight_of_cost_call_goal_pre": 2.5970927675210413, "weight_of_cost_call_goal_post": 0.8051702018269298}