{"group_ID": 0, "generation_ID": 11, "individual_ID": 3, "rank": 3, "number_of_nan": 6, "search_time": 68.3, "ancestors": [3, 11, 2, 11, 0, 1, 1, 2, 2, 2], "is_for_training": true, "weight_of_cost_no_call_goal_pre": 3.5037727976966098, "weight_of_cost_no_call_goal_post": 0.961080714884979, "weight_of_cost_call_goal": 7.939451958269431, "weight_of_cost_call_goal_pre": 3.4194952021413836, "weight_of_cost_call_goal_post": 0.99046117692892}