{"group_ID": 2, "generation_ID": 5, "individual_ID": 15, "rank": 12, "number_of_nan": 14, "search_time": 31.799999999999997, "ancestors": [3, 13, 3, 5], "is_for_training": true, "weight_of_cost_no_call_goal_pre": 3.0365177137194124, "weight_of_cost_no_call_goal_post": 0.9919001954373526, "weight_of_cost_call_goal": 8.390141012298079, "weight_of_cost_call_goal_pre": 3.8049281528812626, "weight_of_cost_call_goal_post": 1.1382174581995173}