{"group_ID": 1, "generation_ID": 5, "individual_ID": 11, "rank": 14, "number_of_nan": 24, "search_time": 25.200000000000003, "ancestors": [5, 8, 1, 1], "is_for_training": true, "weight_of_cost_no_call_goal_pre": 3.121353477322076, "weight_of_cost_no_call_goal_post": 0.881944422966445, "weight_of_cost_call_goal": 9.902546110350006, "weight_of_cost_call_goal_pre": 3.4916109592423634, "weight_of_cost_call_goal_post": 0.9791693422118489}