{"group_ID": 0, "generation_ID": 10, "individual_ID": 13, "rank": 9, "number_of_nan": 7, "search_time": 66.1, "ancestors": [2, 8, 9, 1, 10, 3, 3, 4, 5], "is_for_training": true, "weight_of_cost_no_call_goal_pre": 1.9203524241949097, "weight_of_cost_no_call_goal_post": 0.8330499815221926, "weight_of_cost_call_goal": 14.328838935761727, "weight_of_cost_call_goal_pre": 1.7223555976892517, "weight_of_cost_call_goal_post": 0.8337530409951575}