{"group_ID": 1, "generation_ID": 9, "individual_ID": 14, "rank": 13, "number_of_nan": 23, "search_time": 3.2, "ancestors": [5, 0, 2, 10, 0, 1, 3, 4], "is_for_training": true, "weight_of_cost_no_call_goal_pre": 3.8592709488546384, "weight_of_cost_no_call_goal_post": 1.1068442754402332, "weight_of_cost_call_goal": 11.724456118020374, "weight_of_cost_call_goal_pre": 3.2807327034737153, "weight_of_cost_call_goal_post": 0.9409535265866347}