{"group_ID": 0, "generation_ID": 9, "individual_ID": 13, "rank": 7, "number_of_nan": 7, "search_time": 64.3, "ancestors": [2, 8, 9, 1, 10, 3, 3, 4], "is_for_training": true, "weight_of_cost_no_call_goal_pre": 1.5984694952717222, "weight_of_cost_no_call_goal_post": 0.793236115945574, "weight_of_cost_call_goal": 11.74301777000802, "weight_of_cost_call_goal_pre": 1.4602607861770902, "weight_of_cost_call_goal_post": 0.9444220726739463}