{"group_ID": 1, "generation_ID": 8, "individual_ID": 11, "rank": 15, "number_of_nan": 25, "search_time": 3.6, "ancestors": [5, 0, 2, 10, 8, 0, 2], "is_for_training": true, "weight_of_cost_no_call_goal_pre": 4.479770392196841, "weight_of_cost_no_call_goal_post": 1.1296679704992165, "weight_of_cost_call_goal": 11.250101578429897, "weight_of_cost_call_goal_pre": 3.8837790693667924, "weight_of_cost_call_goal_post": 1.038907688907241}