{"group_ID": 0, "generation_ID": 10, "individual_ID": 15, "rank": 12, "number_of_nan": 10, "search_time": 45.0, "ancestors": [2, 8, 9, 1, 10, 3, 3, 4, 13], "is_for_training": true, "weight_of_cost_no_call_goal_pre": 1.2375130737899342, "weight_of_cost_no_call_goal_post": 0.9018447239640702, "weight_of_cost_call_goal": 10.434659451195964, "weight_of_cost_call_goal_pre": 1.4069350469958253, "weight_of_cost_call_goal_post": 0.8818884282697481}