{"group_ID": 2, "generation_ID": 8, "individual_ID": 12, "rank": 11, "number_of_nan": 20, "search_time": 31.599999999999998, "ancestors": [4, 8, 1, 2, 11, 2, 2], "is_for_training": true, "weight_of_cost_no_call_goal_pre": 4.918966953931675, "weight_of_cost_no_call_goal_post": 0.9853923161392689, "weight_of_cost_call_goal": 8.003265794896263, "weight_of_cost_call_goal_pre": 4.104003830726425, "weight_of_cost_call_goal_post": 0.7814269707524619}