{"group_ID": 0, "generation_ID": 3, "individual_ID": 12, "rank": 15, "number_of_nan": 24, "search_time": 6.800000000000001, "ancestors": [6, 2], "is_for_training": true, "weight_of_cost_no_call_goal_pre": 3.050228356685298, "weight_of_cost_no_call_goal_post": 0.9118970078077104, "weight_of_cost_call_goal": 11.60533553876777, "weight_of_cost_call_goal_pre": 2.9130101460870317, "weight_of_cost_call_goal_post": 0.8230812706564073}