{"group_ID": 0, "generation_ID": 6, "individual_ID": 13, "rank": 13, "number_of_nan": 22, "search_time": 19.9, "ancestors": [2, 8, 9, 1, 2], "is_for_training": true, "weight_of_cost_no_call_goal_pre": 2.2422981409832996, "weight_of_cost_no_call_goal_post": 0.7996208748767927, "weight_of_cost_call_goal": 13.311802958530366, "weight_of_cost_call_goal_pre": 1.8578431828706368, "weight_of_cost_call_goal_post": 0.7959561517182363}