{"group_ID": 0, "generation_ID": 4, "individual_ID": 13, "rank": 12, "number_of_nan": 13, "search_time": 31.0, "ancestors": [6, 10, 14], "is_for_training": true, "weight_of_cost_no_call_goal_pre": 2.0578548205871026, "weight_of_cost_no_call_goal_post": 0.6142148167624898, "weight_of_cost_call_goal": 14.92962838553083, "weight_of_cost_call_goal_pre": 2.0671386077650062, "weight_of_cost_call_goal_post": 0.7731354809548606}