{"group_ID": 1, "generation_ID": 11, "individual_ID": 8, "rank": 9, "number_of_nan": 10, "search_time": 59.6, "ancestors": [5, 0, 2, 10, 0, 9, 1, 10, 11, 0], "is_for_training": true, "weight_of_cost_no_call_goal_pre": 3.145871156960939, "weight_of_cost_no_call_goal_post": 0.8791307561464639, "weight_of_cost_call_goal": 6.7487997016361785, "weight_of_cost_call_goal_pre": 2.9025365944259365, "weight_of_cost_call_goal_post": 1.063779327043618}