{"group_ID": 1, "generation_ID": 8, "individual_ID": 8, "rank": 12, "number_of_nan": 16, "search_time": 19.5, "ancestors": [2, 11, 0, 0, 9, 11, 0], "is_for_training": true, "weight_of_cost_no_call_goal_pre": 4.541072252245609, "weight_of_cost_no_call_goal_post": 0.6545519549585854, "weight_of_cost_call_goal": 13.94629561557153, "weight_of_cost_call_goal_pre": 4.569975016688647, "weight_of_cost_call_goal_post": 0.6689905313729303}