{"group_ID": 2, "generation_ID": 9, "individual_ID": 12, "rank": 11, "number_of_nan": 15, "search_time": 29.6, "ancestors": [0, 15, 0, 0, 0, 1, 1, 3], "is_for_training": true, "weight_of_cost_no_call_goal_pre": 3.785943252907443, "weight_of_cost_no_call_goal_post": 1.3606391296252733, "weight_of_cost_call_goal": 7.186086819100886, "weight_of_cost_call_goal_pre": 2.9417879954939714, "weight_of_cost_call_goal_post": 1.3195978868048703}