{"group_ID": 2, "generation_ID": 4, "individual_ID": 10, "rank": 12, "number_of_nan": 17, "search_time": 15.099999999999998, "ancestors": [4, 8, 1], "is_for_training": true, "weight_of_cost_no_call_goal_pre": 3.5974989386585325, "weight_of_cost_no_call_goal_post": 0.8154977216675359, "weight_of_cost_call_goal": 10.560365786103725, "weight_of_cost_call_goal_pre": 3.0904444003266236, "weight_of_cost_call_goal_post": 0.9059281741735119}