{"group_ID": 0, "generation_ID": 9, "individual_ID": 3, "rank": 3, "number_of_nan": 6, "search_time": 69.4, "ancestors": [3, 11, 2, 11, 8, 2, 2, 3], "is_for_training": true, "weight_of_cost_no_call_goal_pre": 3.2679346510741047, "weight_of_cost_no_call_goal_post": 0.9218322609423999, "weight_of_cost_call_goal": 8.374875518506823, "weight_of_cost_call_goal_pre": 3.1146971497516973, "weight_of_cost_call_goal_post": 1.1483619595890942}