{"group_ID": 2, "generation_ID": 5, "individual_ID": 13, "rank": 11, "number_of_nan": 13, "search_time": 46.599999999999994, "ancestors": [4, 0, 2, 3], "is_for_training": true, "weight_of_cost_no_call_goal_pre": 2.678287006760251, "weight_of_cost_no_call_goal_post": 0.9216268067816562, "weight_of_cost_call_goal": 10.199864512150782, "weight_of_cost_call_goal_pre": 3.2337525228091213, "weight_of_cost_call_goal_post": 1.1769582328761872}