{"group_ID": 2, "generation_ID": 7, "individual_ID": 11, "rank": 0, "number_of_nan": 6, "search_time": 79.80000000000001, "ancestors": [4, 0, 10, 4, 14, 3], "is_for_training": false, "weight_of_cost_no_call_goal_pre": 3.276162918922501, "weight_of_cost_no_call_goal_post": 0.8708358500899165, "weight_of_cost_call_goal": 6.7005815401492805, "weight_of_cost_call_goal_pre": 4.215484014548046, "weight_of_cost_call_goal_post": 0.7444813576704582}