{"group_ID": 2, "generation_ID": 9, "individual_ID": 15, "rank": 15, "number_of_nan": 24, "search_time": 5.800000000000001, "ancestors": [4, 8, 1, 2, 11, 2, 2, 4], "is_for_training": true, "weight_of_cost_no_call_goal_pre": 4.304087994418832, "weight_of_cost_no_call_goal_post": 0.7694396329199804, "weight_of_cost_call_goal": 7.213520441060602, "weight_of_cost_call_goal_pre": 4.962267631681221, "weight_of_cost_call_goal_post": 0.7918228373455302}