{"group_ID": 2, "generation_ID": 4, "individual_ID": 13, "rank": 15, "number_of_nan": 25, "search_time": 3.0, "ancestors": [3, 13, 3], "is_for_training": true, "weight_of_cost_no_call_goal_pre": 3.6892988513317833, "weight_of_cost_no_call_goal_post": 0.9842807012030874, "weight_of_cost_call_goal": 11.755914318734119, "weight_of_cost_call_goal_pre": 3.1214722760051297, "weight_of_cost_call_goal_post": 1.1120017022409805}