{"group_ID": 0, "generation_ID": 4, "individual_ID": 11, "rank": 0, "number_of_nan": 5, "search_time": 58.00000000000001, "ancestors": [3, 11, 2], "is_for_training": false, "weight_of_cost_no_call_goal_pre": 3.5037727976966098, "weight_of_cost_no_call_goal_post": 0.961080714884979, "weight_of_cost_call_goal": 7.939451958269431, "weight_of_cost_call_goal_pre": 3.4194952021413836, "weight_of_cost_call_goal_post": 0.99046117692892}