{"group_ID": 2, "generation_ID": 11, "individual_ID": 12, "rank": 4, "number_of_nan": 9, "search_time": 55.8, "ancestors": [4, 0, 10, 4, 14, 3, 3, 13, 2, 3], "is_for_training": true, "weight_of_cost_no_call_goal_pre": 4.651082506201708, "weight_of_cost_no_call_goal_post": 0.6133761656988396, "weight_of_cost_call_goal": 7.597729770416943, "weight_of_cost_call_goal_pre": 4.6588012836392, "weight_of_cost_call_goal_post": 0.7917609236073275}