{"group_ID": 1, "generation_ID": 9, "individual_ID": 12, "rank": 15, "number_of_nan": 26, "search_time": 0.6, "ancestors": [5, 0, 2, 10, 0, 9, 1, 2], "is_for_training": true, "weight_of_cost_no_call_goal_pre": 4.012254660188625, "weight_of_cost_no_call_goal_post": 1.0267671151454092, "weight_of_cost_call_goal": 9.799497968801667, "weight_of_cost_call_goal_pre": 4.461360606567592, "weight_of_cost_call_goal_post": 0.8254559700596518}