{"group_ID": 2, "generation_ID": 10, "individual_ID": 11, "rank": 2, "number_of_nan": 9, "search_time": 53.699999999999996, "ancestors": [4, 0, 10, 4, 14, 3, 3, 13, 2], "is_for_training": true, "weight_of_cost_no_call_goal_pre": 4.3314164405341185, "weight_of_cost_no_call_goal_post": 0.6372460291065046, "weight_of_cost_call_goal": 7.542223431539954, "weight_of_cost_call_goal_pre": 3.2955521136347627, "weight_of_cost_call_goal_post": 0.7951574616487632}