{"group_ID": 0, "generation_ID": 11, "individual_ID": 6, "rank": 6, "number_of_nan": 7, "search_time": 59.8, "ancestors": [2, 8, 9, 1, 10, 3, 3, 4, 5, 5], "is_for_training": true, "weight_of_cost_no_call_goal_pre": 2.192236810075301, "weight_of_cost_no_call_goal_post": 0.7835531854665159, "weight_of_cost_call_goal": 13.682135975066059, "weight_of_cost_call_goal_pre": 1.6714395717932358, "weight_of_cost_call_goal_post": 0.9166939209045056}