{"group_ID": 2, "generation_ID": 6, "individual_ID": 9, "rank": 14, "number_of_nan": 22, "search_time": 4.3999999999999995, "ancestors": [0, 15, 0, 0, 0], "is_for_training": true, "weight_of_cost_no_call_goal_pre": 3.6776093692691636, "weight_of_cost_no_call_goal_post": 0.976273696117008, "weight_of_cost_call_goal": 8.262374333616217, "weight_of_cost_call_goal_pre": 3.5797382038105625, "weight_of_cost_call_goal_post": 1.048091077255202}