{"group_ID": 0, "generation_ID": 8, "individual_ID": 12, "rank": 13, "number_of_nan": 10, "search_time": 48.4, "ancestors": [2, 8, 9, 1, 10, 3, 3], "is_for_training": true, "weight_of_cost_no_call_goal_pre": 1.629092926746027, "weight_of_cost_no_call_goal_post": 0.7690783213532038, "weight_of_cost_call_goal": 12.872619030989483, "weight_of_cost_call_goal_pre": 1.6544004059534931, "weight_of_cost_call_goal_post": 1.057314622245257}