{"group_ID": 0, "generation_ID": 9, "individual_ID": 11, "rank": 12, "number_of_nan": 9, "search_time": 62.7, "ancestors": [3, 11, 2, 11, 8, 2, 2, 3], "is_for_training": true, "weight_of_cost_no_call_goal_pre": 2.5996280928097617, "weight_of_cost_no_call_goal_post": 1.3669161439028559, "weight_of_cost_call_goal": 8.911760079711748, "weight_of_cost_call_goal_pre": 2.7143110245321997, "weight_of_cost_call_goal_post": 0.9474608209992719}