{"group_ID": 2, "generation_ID": 11, "individual_ID": 8, "rank": 12, "number_of_nan": 11, "search_time": 45.0, "ancestors": [4, 0, 10, 4, 14, 3, 11, 0, 8, 0], "is_for_training": true, "weight_of_cost_no_call_goal_pre": 3.6551669580404846, "weight_of_cost_no_call_goal_post": 0.7690626551129873, "weight_of_cost_call_goal": 7.7895406976140125, "weight_of_cost_call_goal_pre": 4.982885520238736, "weight_of_cost_call_goal_post": 0.9978269987297752}