{"group_ID": 1, "generation_ID": 4, "individual_ID": 8, "rank": 15, "number_of_nan": 23, "search_time": 4.3999999999999995, "ancestors": [2, 11, 0], "is_for_training": true, "weight_of_cost_no_call_goal_pre": 2.5877293181375345, "weight_of_cost_no_call_goal_post": 1.0698659213002193, "weight_of_cost_call_goal": 13.009071405211902, "weight_of_cost_call_goal_pre": 2.5716549099112336, "weight_of_cost_call_goal_post": 0.7690755412284068}