{"group_ID": 2, "generation_ID": 11, "individual_ID": 15, "rank": 7, "number_of_nan": 9, "search_time": 63.9, "ancestors": [0, 15, 0, 0, 0, 1, 1, 3, 4, 5], "is_for_training": true, "weight_of_cost_no_call_goal_pre": 3.4725476444362826, "weight_of_cost_no_call_goal_post": 1.2435872861231907, "weight_of_cost_call_goal": 7.294247464031511, "weight_of_cost_call_goal_pre": 4.1753499759016535, "weight_of_cost_call_goal_post": 1.1358915068526607}