{"group_ID": 2, "generation_ID": 3, "individual_ID": 13, "rank": 10, "number_of_nan": 23, "search_time": 11.399999999999999, "ancestors": [1, 2], "is_for_training": true, "weight_of_cost_no_call_goal_pre": 2.968195170335075, "weight_of_cost_no_call_goal_post": 1.1343153614998513, "weight_of_cost_call_goal": 10.413934608615039, "weight_of_cost_call_goal_pre": 3.3792212098840326, "weight_of_cost_call_goal_post": 1.0483963379280474}