{"group_ID": 2, "generation_ID": 9, "individual_ID": 1, "rank": 2, "number_of_nan": 9, "search_time": 61.8, "ancestors": [0, 15, 0, 8, 1, 4, 12, 1], "is_for_training": true, "weight_of_cost_no_call_goal_pre": 2.7639242963444355, "weight_of_cost_no_call_goal_post": 0.9849652154416424, "weight_of_cost_call_goal": 8.210554918671251, "weight_of_cost_call_goal_pre": 3.352185161223075, "weight_of_cost_call_goal_post": 1.0145478000614823}