{"group_ID": 2, "generation_ID": 7, "individual_ID": 7, "rank": 12, "number_of_nan": 11, "search_time": 54.1, "ancestors": [4, 0, 10, 4, 14, 11], "is_for_training": true, "weight_of_cost_no_call_goal_pre": 3.317861350834086, "weight_of_cost_no_call_goal_post": 0.7769020854112162, "weight_of_cost_call_goal": 7.725723743517439, "weight_of_cost_call_goal_pre": 4.007496689290319, "weight_of_cost_call_goal_post": 0.7611292939560435}