{"group_ID": 1, "generation_ID": 4, "individual_ID": 14, "rank": 12, "number_of_nan": 23, "search_time": 3.4000000000000004, "ancestors": [4, 2, 5], "is_for_training": true, "weight_of_cost_no_call_goal_pre": 2.980777252854474, "weight_of_cost_no_call_goal_post": 1.1460005991780637, "weight_of_cost_call_goal": 11.722296938881323, "weight_of_cost_call_goal_pre": 2.439153342973847, "weight_of_cost_call_goal_post": 1.1312105469991338}