{"group_ID": 1, "generation_ID": 5, "individual_ID": 14, "rank": 13, "number_of_nan": 22, "search_time": 4.800000000000001, "ancestors": [1, 9, 3, 11], "is_for_training": true, "weight_of_cost_no_call_goal_pre": 2.7018212527930148, "weight_of_cost_no_call_goal_post": 0.6926172741184622, "weight_of_cost_call_goal": 10.329655852061592, "weight_of_cost_call_goal_pre": 3.0496695293753633, "weight_of_cost_call_goal_post": 0.7100174195903656}