{"group_ID": 2, "generation_ID": 7, "individual_ID": 15, "rank": 14, "number_of_nan": 16, "search_time": 23.200000000000003, "ancestors": [4, 0, 10, 4, 14, 11], "is_for_training": true, "weight_of_cost_no_call_goal_pre": 4.603945101011146, "weight_of_cost_no_call_goal_post": 0.9122241650707186, "weight_of_cost_call_goal": 8.564665118595707, "weight_of_cost_call_goal_pre": 3.511870498927527, "weight_of_cost_call_goal_post": 0.8008499451251886}