{"group_ID": 2, "generation_ID": 10, "individual_ID": 14, "rank": 14, "number_of_nan": 24, "search_time": 10.5, "ancestors": [0, 15, 0, 0, 0, 1, 1, 11, 5], "is_for_training": true, "weight_of_cost_no_call_goal_pre": 4.000794071509616, "weight_of_cost_no_call_goal_post": 1.030530019588401, "weight_of_cost_call_goal": 6.587148555323979, "weight_of_cost_call_goal_pre": 4.183742809313221, "weight_of_cost_call_goal_post": 1.4105365264150405}