{"group_ID": 2, "generation_ID": 8, "individual_ID": 15, "rank": 15, "number_of_nan": 25, "search_time": 7.1, "ancestors": [0, 15, 0, 0, 0, 1, 9], "is_for_training": true, "weight_of_cost_no_call_goal_pre": 2.3486765497191855, "weight_of_cost_no_call_goal_post": 1.5466507722857035, "weight_of_cost_call_goal": 7.5969882490632905, "weight_of_cost_call_goal_pre": 2.8154219961565556, "weight_of_cost_call_goal_post": 1.5874767308514113}