{"group_ID": 2, "generation_ID": 10, "individual_ID": 8, "rank": 13, "number_of_nan": 24, "search_time": 7.300000000000001, "ancestors": [4, 0, 10, 4, 14, 3, 11, 0, 8], "is_for_training": true, "weight_of_cost_no_call_goal_pre": 4.363975229435113, "weight_of_cost_no_call_goal_post": 0.8388818893318121, "weight_of_cost_call_goal": 6.2240956295435526, "weight_of_cost_call_goal_pre": 4.578673845587574, "weight_of_cost_call_goal_post": 0.873951187215928}