{"group_ID": 2, "generation_ID": 8, "individual_ID": 11, "rank": 5, "number_of_nan": 9, "search_time": 75.80000000000001, "ancestors": [0, 15, 0, 0, 0, 1, 1], "is_for_training": true, "weight_of_cost_no_call_goal_pre": 2.9999976917505524, "weight_of_cost_no_call_goal_post": 0.9424208536925716, "weight_of_cost_call_goal": 6.781734178899096, "weight_of_cost_call_goal_pre": 3.892558614818215, "weight_of_cost_call_goal_post": 1.198326776172222}