{"group_ID": 0, "generation_ID": 5, "individual_ID": 13, "rank": 12, "number_of_nan": 13, "search_time": 35.400000000000006, "ancestors": [3, 11, 2, 3], "is_for_training": true, "weight_of_cost_no_call_goal_pre": 2.6583723893927704, "weight_of_cost_no_call_goal_post": 1.0700971001798858, "weight_of_cost_call_goal": 6.232980402542617, "weight_of_cost_call_goal_pre": 3.6713423832379157, "weight_of_cost_call_goal_post": 0.8882784600091198}