{"group_ID": 1, "generation_ID": 8, "individual_ID": 14, "rank": 13, "number_of_nan": 24, "search_time": 7.1, "ancestors": [2, 11, 0, 0, 1, 2, 12], "is_for_training": true, "weight_of_cost_no_call_goal_pre": 2.4857733522229912, "weight_of_cost_no_call_goal_post": 0.805353046741017, "weight_of_cost_call_goal": 14.00746948615267, "weight_of_cost_call_goal_pre": 2.648643013106848, "weight_of_cost_call_goal_post": 0.8718220319838577}