{"group_ID": 1, "generation_ID": 9, "individual_ID": 15, "rank": 11, "number_of_nan": 15, "search_time": 41.39999999999999, "ancestors": [1, 9, 11, 13, 15, 4, 14, 5], "is_for_training": true, "weight_of_cost_no_call_goal_pre": 1.6389470536872197, "weight_of_cost_no_call_goal_post": 0.6651984755524023, "weight_of_cost_call_goal": 10.212482426294981, "weight_of_cost_call_goal_pre": 1.9240854545982202, "weight_of_cost_call_goal_post": 0.6781007192935538}