{"group_ID": 2, "generation_ID": 5, "individual_ID": 9, "rank": 0, "number_of_nan": 8, "search_time": 73.39999999999999, "ancestors": [0, 15, 0, 8], "is_for_training": false, "weight_of_cost_no_call_goal_pre": 2.5684368019791277, "weight_of_cost_no_call_goal_post": 1.0063635484338336, "weight_of_cost_call_goal": 8.175046388878554, "weight_of_cost_call_goal_pre": 3.451866170162617, "weight_of_cost_call_goal_post": 0.96325258242701}