{"group_ID": 2, "generation_ID": 6, "individual_ID": 15, "rank": 15, "number_of_nan": 25, "search_time": 9.5, "ancestors": [4, 0, 10, 12, 4], "is_for_training": true, "weight_of_cost_no_call_goal_pre": 3.9350521429286305, "weight_of_cost_no_call_goal_post": 0.9329382398991557, "weight_of_cost_call_goal": 9.365978567695764, "weight_of_cost_call_goal_pre": 3.9017458906732445, "weight_of_cost_call_goal_post": 0.8325382266974386}