{"group_ID": 0, "generation_ID": 6, "individual_ID": 12, "rank": 12, "number_of_nan": 14, "search_time": 36.7, "ancestors": [2, 0, 0, 0, 1], "is_for_training": true, "weight_of_cost_no_call_goal_pre": 2.8667366578520403, "weight_of_cost_no_call_goal_post": 0.8848737803682736, "weight_of_cost_call_goal": 7.857298857586552, "weight_of_cost_call_goal_pre": 2.4785406624654276, "weight_of_cost_call_goal_post": 0.8829003295927559}