{"group_ID": 0, "generation_ID": 9, "individual_ID": 12, "rank": 10, "number_of_nan": 8, "search_time": 61.800000000000004, "ancestors": [2, 0, 0, 8, 3, 6, 6, 15], "is_for_training": true, "weight_of_cost_no_call_goal_pre": 2.869289113682318, "weight_of_cost_no_call_goal_post": 0.673435670247324, "weight_of_cost_call_goal": 12.096983754329358, "weight_of_cost_call_goal_pre": 3.3197601825816334, "weight_of_cost_call_goal_post": 0.8001229507542752}