{"group_ID": 2, "generation_ID": 7, "individual_ID": 14, "rank": 15, "number_of_nan": 23, "search_time": 26.8, "ancestors": [4, 8, 1, 2, 3, 6], "is_for_training": true, "weight_of_cost_no_call_goal_pre": 3.7482717318143157, "weight_of_cost_no_call_goal_post": 0.9937207704578408, "weight_of_cost_call_goal": 9.434690400590512, "weight_of_cost_call_goal_pre": 3.7898476931890275, "weight_of_cost_call_goal_post": 0.8668488132009122}