{"group_ID": 0, "generation_ID": 9, "individual_ID": 10, "rank": 9, "number_of_nan": 7, "search_time": 73.5, "ancestors": [3, 11, 2, 11, 0, 1, 1, 2], "is_for_training": true, "weight_of_cost_no_call_goal_pre": 3.4253774094040583, "weight_of_cost_no_call_goal_post": 0.8137192320578176, "weight_of_cost_call_goal": 8.184154678074774, "weight_of_cost_call_goal_pre": 3.7338723179140394, "weight_of_cost_call_goal_post": 0.8989647859598738}