{"group_ID": 2, "generation_ID": 10, "individual_ID": 12, "rank": 15, "number_of_nan": 25, "search_time": 13.1, "ancestors": [0, 15, 0, 8, 9, 0, 0, 2, 3], "is_for_training": true, "weight_of_cost_no_call_goal_pre": 2.775481186991977, "weight_of_cost_no_call_goal_post": 0.8084285336716419, "weight_of_cost_call_goal": 8.322146174777538, "weight_of_cost_call_goal_pre": 3.724594158699645, "weight_of_cost_call_goal_post": 0.9809008526638094}