{"group_ID": 0, "generation_ID": 11, "individual_ID": 12, "rank": 11, "number_of_nan": 8, "search_time": 59.9, "ancestors": [3, 11, 2, 11, 8, 2, 2, 3, 3, 3], "is_for_training": true, "weight_of_cost_no_call_goal_pre": 3.1033496100417612, "weight_of_cost_no_call_goal_post": 1.0957291731072836, "weight_of_cost_call_goal": 8.699705606755264, "weight_of_cost_call_goal_pre": 2.7146028646122877, "weight_of_cost_call_goal_post": 1.3587152633052413}