{"group_ID": 0, "generation_ID": 7, "individual_ID": 13, "rank": 15, "number_of_nan": 23, "search_time": 31.3, "ancestors": [2, 8, 9, 1, 2, 5], "is_for_training": true, "weight_of_cost_no_call_goal_pre": 2.1166215087386564, "weight_of_cost_no_call_goal_post": 1.0639804910128847, "weight_of_cost_call_goal": 13.98477413048565, "weight_of_cost_call_goal_pre": 1.9825958038599507, "weight_of_cost_call_goal_post": 0.8331968791373892}