{"group_ID": 0, "generation_ID": 9, "individual_ID": 15, "rank": 14, "number_of_nan": 16, "search_time": 22.2, "ancestors": [2, 8, 9, 1, 2, 5, 5, 6], "is_for_training": true, "weight_of_cost_no_call_goal_pre": 2.354152409049822, "weight_of_cost_no_call_goal_post": 0.8195273304654308, "weight_of_cost_call_goal": 12.266058237103671, "weight_of_cost_call_goal_pre": 1.8350209912338953, "weight_of_cost_call_goal_post": 0.7688130324582438}