{"group_ID": 1, "generation_ID": 10, "individual_ID": 12, "rank": 14, "number_of_nan": 23, "search_time": 4.1, "ancestors": [5, 0, 2, 10, 0, 1, 11, 1, 2], "is_for_training": true, "weight_of_cost_no_call_goal_pre": 3.468165958965669, "weight_of_cost_no_call_goal_post": 1.000279078917174, "weight_of_cost_call_goal": 10.626832291595106, "weight_of_cost_call_goal_pre": 4.429364920309384, "weight_of_cost_call_goal_post": 1.3478455278297332}