{"group_ID": 0, "generation_ID": 9, "individual_ID": 8, "rank": 13, "number_of_nan": 10, "search_time": 54.2, "ancestors": [2, 0, 0, 8, 11, 0, 8, 0], "is_for_training": true, "weight_of_cost_no_call_goal_pre": 2.6980401000998695, "weight_of_cost_no_call_goal_post": 1.1097035772500399, "weight_of_cost_call_goal": 7.921058703952919, "weight_of_cost_call_goal_pre": 2.904953797324557, "weight_of_cost_call_goal_post": 1.0092507813808438}