{"group_ID": 2, "generation_ID": 11, "individual_ID": 14, "rank": 13, "number_of_nan": 13, "search_time": 44.400000000000006, "ancestors": [0, 15, 0, 8, 9, 0, 0, 2, 3, 4], "is_for_training": true, "weight_of_cost_no_call_goal_pre": 3.8524950990747, "weight_of_cost_no_call_goal_post": 0.9706162412292448, "weight_of_cost_call_goal": 8.064032654828468, "weight_of_cost_call_goal_pre": 3.1624684641205647, "weight_of_cost_call_goal_post": 0.9017839213858132}