{"group_ID": 1, "generation_ID": 7, "individual_ID": 7, "rank": 13, "number_of_nan": 17, "search_time": 13.5, "ancestors": [5, 0, 2, 10, 8, 8], "is_for_training": true, "weight_of_cost_no_call_goal_pre": 4.404100894255756, "weight_of_cost_no_call_goal_post": 1.4155297112005611, "weight_of_cost_call_goal": 10.00237299500169, "weight_of_cost_call_goal_pre": 3.8250330316764427, "weight_of_cost_call_goal_post": 1.0936840221113262}