{"group_ID": 0, "generation_ID": 11, "individual_ID": 14, "rank": 13, "number_of_nan": 23, "search_time": 20.599999999999998, "ancestors": [2, 8, 9, 1, 10, 3, 3, 4, 5, 5], "is_for_training": true, "weight_of_cost_no_call_goal_pre": 1.3581890814754265, "weight_of_cost_no_call_goal_post": 0.9685926041811004, "weight_of_cost_call_goal": 13.873138194732684, "weight_of_cost_call_goal_pre": 1.8813659278300028, "weight_of_cost_call_goal_post": 0.8225039379712649}