{"group_ID": 2, "generation_ID": 6, "individual_ID": 12, "rank": 9, "number_of_nan": 12, "search_time": 51.6, "ancestors": [0, 15, 0, 8, 1], "is_for_training": true, "weight_of_cost_no_call_goal_pre": 3.4436281994429585, "weight_of_cost_no_call_goal_post": 0.8669117829643433, "weight_of_cost_call_goal": 7.892051308577028, "weight_of_cost_call_goal_pre": 2.6728938350851568, "weight_of_cost_call_goal_post": 0.9494712622644371}