{"group_ID": 1, "generation_ID": 11, "individual_ID": 12, "rank": 8, "number_of_nan": 10, "search_time": 51.5, "ancestors": [5, 0, 2, 10, 0, 1, 11, 9, 1, 3], "is_for_training": true, "weight_of_cost_no_call_goal_pre": 4.87971211858453, "weight_of_cost_no_call_goal_post": 1.4059922998194185, "weight_of_cost_call_goal": 8.06138532672315, "weight_of_cost_call_goal_pre": 4.727361616558028, "weight_of_cost_call_goal_post": 1.3559013549551988}