{"group_ID": 2, "generation_ID": 11, "individual_ID": 13, "rank": 15, "number_of_nan": 25, "search_time": 3.1, "ancestors": [0, 15, 0, 8, 9, 0, 0, 10, 14, 15], "is_for_training": true, "weight_of_cost_no_call_goal_pre": 2.531215324285135, "weight_of_cost_no_call_goal_post": 1.3644144539692273, "weight_of_cost_call_goal": 8.629217794631318, "weight_of_cost_call_goal_pre": 3.4083785227479915, "weight_of_cost_call_goal_post": 1.1105109212625515}