{"group_ID": 1, "generation_ID": 6, "individual_ID": 4, "rank": 6, "number_of_nan": 16, "search_time": 21.099999999999998, "ancestors": [1, 9, 11, 13, 15], "is_for_training": true, "weight_of_cost_no_call_goal_pre": 2.5822281822562743, "weight_of_cost_no_call_goal_post": 0.724389487219041, "weight_of_cost_call_goal": 8.108644508715393, "weight_of_cost_call_goal_pre": 1.8960436887938843, "weight_of_cost_call_goal_post": 0.7299612884047709}