{"group_ID": 1, "generation_ID": 7, "individual_ID": 5, "rank": 11, "number_of_nan": 16, "search_time": 20.4, "ancestors": [2, 11, 0, 0, 9, 3], "is_for_training": true, "weight_of_cost_no_call_goal_pre": 3.018877135333589, "weight_of_cost_no_call_goal_post": 1.0514645411921573, "weight_of_cost_call_goal": 13.874651044644638, "weight_of_cost_call_goal_pre": 3.797915370361841, "weight_of_cost_call_goal_post": 0.8861247182450072}