{"group_ID": 1, "generation_ID": 3, "individual_ID": 13, "rank": 10, "number_of_nan": 23, "search_time": 4.1000000000000005, "ancestors": [4, 2], "is_for_training": true, "weight_of_cost_no_call_goal_pre": 3.276250414920092, "weight_of_cost_no_call_goal_post": 0.9661308193410564, "weight_of_cost_call_goal": 9.656645167512632, "weight_of_cost_call_goal_pre": 3.228978918993176, "weight_of_cost_call_goal_post": 0.9428988628506061}