{"group_ID": 0, "generation_ID": 10, "individual_ID": 4, "rank": 5, "number_of_nan": 6, "search_time": 76.3, "ancestors": [2, 0, 0, 8, 3, 6, 6, 15, 4], "is_for_training": true, "weight_of_cost_no_call_goal_pre": 3.0431638087413293, "weight_of_cost_no_call_goal_post": 0.9627857579508797, "weight_of_cost_call_goal": 10.34038192329224, "weight_of_cost_call_goal_pre": 2.8508681452748807, "weight_of_cost_call_goal_post": 0.8039278563146345}