{"group_ID": 0, "generation_ID": 5, "individual_ID": 11, "rank": 0, "number_of_nan": 6, "search_time": 67.10000000000001, "ancestors": [2, 0, 0, 8], "is_for_training": true, "weight_of_cost_no_call_goal_pre": 2.648126778275023, "weight_of_cost_no_call_goal_post": 0.649872624737116, "weight_of_cost_call_goal": 8.921550236379986, "weight_of_cost_call_goal_pre": 2.5423409991000527, "weight_of_cost_call_goal_post": 0.9569616949127465}