{"group_ID": 1, "generation_ID": 10, "individual_ID": 14, "rank": 7, "number_of_nan": 11, "search_time": 43.300000000000004, "ancestors": [5, 0, 2, 10, 0, 9, 1, 2, 4], "is_for_training": true, "weight_of_cost_no_call_goal_pre": 4.550706202455515, "weight_of_cost_no_call_goal_post": 0.876504443811691, "weight_of_cost_call_goal": 7.429661912083523, "weight_of_cost_call_goal_pre": 3.544428640902701, "weight_of_cost_call_goal_post": 0.9435763441088603}