{"group_ID": 0, "generation_ID": 10, "individual_ID": 11, "rank": 10, "number_of_nan": 8, "search_time": 56.8, "ancestors": [3, 11, 2, 11, 8, 2, 2, 3, 3], "is_for_training": true, "weight_of_cost_no_call_goal_pre": 3.73510383287806, "weight_of_cost_no_call_goal_post": 1.2367393085722875, "weight_of_cost_call_goal": 8.386287465274021, "weight_of_cost_call_goal_pre": 3.138269888990561, "weight_of_cost_call_goal_post": 1.1314493490559352}