{"group_ID": 2, "generation_ID": 9, "individual_ID": 11, "rank": 10, "number_of_nan": 11, "search_time": 47.800000000000004, "ancestors": [0, 15, 0, 8, 9, 0, 0, 2], "is_for_training": true, "weight_of_cost_no_call_goal_pre": 4.044902015174696, "weight_of_cost_no_call_goal_post": 0.9605420165798193, "weight_of_cost_call_goal": 9.328117184359604, "weight_of_cost_call_goal_pre": 3.5862745676871435, "weight_of_cost_call_goal_post": 0.870423535322303}