{"group_ID": 0, "generation_ID": 9, "individual_ID": 7, "rank": 8, "number_of_nan": 7, "search_time": 65.10000000000001, "ancestors": [2, 8, 9, 1, 2, 5, 5, 6], "is_for_training": true, "weight_of_cost_no_call_goal_pre": 2.0268734126188312, "weight_of_cost_no_call_goal_post": 0.992142121278234, "weight_of_cost_call_goal": 11.803098234625876, "weight_of_cost_call_goal_pre": 2.0537827608631987, "weight_of_cost_call_goal_post": 0.9040858552845141}