{"group_ID": 0, "generation_ID": 2, "individual_ID": 7, "rank": 15, "number_of_nan": 24, "search_time": 6.800000000000001, "ancestors": [7], "is_for_training": true, "weight_of_cost_no_call_goal_pre": 2.8932687845890994, "weight_of_cost_no_call_goal_post": 1.1452247610085096, "weight_of_cost_call_goal": 10.026861558915021, "weight_of_cost_call_goal_pre": 3.224023072559613, "weight_of_cost_call_goal_post": 0.8666236203228455}