{"group_ID": 1, "generation_ID": 10, "individual_ID": 8, "rank": 12, "number_of_nan": 12, "search_time": 68.8, "ancestors": [5, 0, 2, 10, 0, 9, 1, 10, 11], "is_for_training": true, "weight_of_cost_no_call_goal_pre": 3.1494781998128762, "weight_of_cost_no_call_goal_post": 1.2357601418881685, "weight_of_cost_call_goal": 8.90510291859009, "weight_of_cost_call_goal_pre": 3.7385444963262575, "weight_of_cost_call_goal_post": 1.2926944516615353}