{"group_ID": 0, "generation_ID": 6, "individual_ID": 14, "rank": 14, "number_of_nan": 23, "search_time": 3.3000000000000003, "ancestors": [2, 0, 0, 8, 3], "is_for_training": true, "weight_of_cost_no_call_goal_pre": 3.1356722798748975, "weight_of_cost_no_call_goal_post": 0.8255099895715255, "weight_of_cost_call_goal": 9.227185943294792, "weight_of_cost_call_goal_pre": 2.1498902496093866, "weight_of_cost_call_goal_post": 0.8857388755453456}