{"group_ID": 2, "generation_ID": 8, "individual_ID": 0, "rank": 0, "number_of_nan": 5, "search_time": 93.8, "ancestors": [4, 0, 10, 4, 14, 3, 11], "is_for_training": false, "weight_of_cost_no_call_goal_pre": 3.276162918922501, "weight_of_cost_no_call_goal_post": 0.8708358500899165, "weight_of_cost_call_goal": 6.7005815401492805, "weight_of_cost_call_goal_pre": 4.215484014548046, "weight_of_cost_call_goal_post": 0.7444813576704582}