{"group_ID": 0, "generation_ID": 8, "individual_ID": 9, "rank": 9, "number_of_nan": 8, "search_time": 51.300000000000004, "ancestors": [2, 0, 0, 8, 11, 0, 0], "is_for_training": true, "weight_of_cost_no_call_goal_pre": 2.733720963863389, "weight_of_cost_no_call_goal_post": 0.8331501404478009, "weight_of_cost_call_goal": 10.524829126899768, "weight_of_cost_call_goal_pre": 2.596935886881307, "weight_of_cost_call_goal_post": 1.0245594358529928}