{"group_ID": 2, "generation_ID": 11, "individual_ID": 7, "rank": 11, "number_of_nan": 9, "search_time": 73.1, "ancestors": [0, 15, 0, 0, 0, 1, 1, 3, 4, 5], "is_for_training": true, "weight_of_cost_no_call_goal_pre": 2.675780907641134, "weight_of_cost_no_call_goal_post": 1.0465178226986576, "weight_of_cost_call_goal": 8.179765726193951, "weight_of_cost_call_goal_pre": 3.5149885905016958, "weight_of_cost_call_goal_post": 1.1523331282795017}