{"group_ID": 2, "generation_ID": 8, "individual_ID": 9, "rank": 13, "number_of_nan": 24, "search_time": 19.5, "ancestors": [0, 15, 0, 8, 1, 4, 12], "is_for_training": true, "weight_of_cost_no_call_goal_pre": 3.699695885331588, "weight_of_cost_no_call_goal_post": 0.9440133430929416, "weight_of_cost_call_goal": 8.203122006027858, "weight_of_cost_call_goal_pre": 3.553147381825774, "weight_of_cost_call_goal_post": 1.1476370752124136}