{"group_ID": 0, "generation_ID": 11, "individual_ID": 11, "rank": 10, "number_of_nan": 8, "search_time": 56.3, "ancestors": [3, 11, 2, 11, 0, 1, 1, 2, 2, 2], "is_for_training": true, "weight_of_cost_no_call_goal_pre": 3.375728574220428, "weight_of_cost_no_call_goal_post": 1.048587152493742, "weight_of_cost_call_goal": 9.015490416733456, "weight_of_cost_call_goal_pre": 2.815211354298915, "weight_of_cost_call_goal_post": 0.8796060125693417}