{"group_ID": 1, "generation_ID": 10, "individual_ID": 13, "rank": 6, "number_of_nan": 9, "search_time": 74.6, "ancestors": [5, 0, 2, 10, 0, 9, 1, 10, 3], "is_for_training": true, "weight_of_cost_no_call_goal_pre": 3.1105763253530596, "weight_of_cost_no_call_goal_post": 1.083768747892637, "weight_of_cost_call_goal": 8.739651135304456, "weight_of_cost_call_goal_pre": 2.9165704123678013, "weight_of_cost_call_goal_post": 1.164653209632477}