{"group_ID": 2, "generation_ID": 11, "individual_ID": 6, "rank": 10, "number_of_nan": 9, "search_time": 69.3, "ancestors": [0, 15, 0, 8, 9, 0, 0, 2, 3, 4], "is_for_training": true, "weight_of_cost_no_call_goal_pre": 2.5684368019791277, "weight_of_cost_no_call_goal_post": 1.0063635484338336, "weight_of_cost_call_goal": 8.175046388878554, "weight_of_cost_call_goal_pre": 3.451866170162617, "weight_of_cost_call_goal_post": 0.96325258242701}