{"group_ID": 1, "generation_ID": 8, "individual_ID": 6, "rank": 8, "number_of_nan": 14, "search_time": 34.1, "ancestors": [2, 11, 0, 0, 1, 2, 12], "is_for_training": true, "weight_of_cost_no_call_goal_pre": 3.030921556277307, "weight_of_cost_no_call_goal_post": 1.022903594966445, "weight_of_cost_call_goal": 12.324143051735335, "weight_of_cost_call_goal_pre": 2.8753857574763604, "weight_of_cost_call_goal_post": 0.9775428162400969}