{"group_ID": 1, "generation_ID": 11, "individual_ID": 15, "rank": 10, "number_of_nan": 10, "search_time": 60.8, "ancestors": [5, 0, 2, 10, 0, 9, 1, 2, 4, 14], "is_for_training": true, "weight_of_cost_no_call_goal_pre": 3.237596068263532, "weight_of_cost_no_call_goal_post": 0.8159367811727132, "weight_of_cost_call_goal": 7.641669924278274, "weight_of_cost_call_goal_pre": 3.0895328519900174, "weight_of_cost_call_goal_post": 0.9648961781804648}