{"group_ID": 0, "generation_ID": 6, "individual_ID": 10, "rank": 15, "number_of_nan": 23, "search_time": 19.4, "ancestors": [3, 11, 2, 11, 8], "is_for_training": true, "weight_of_cost_no_call_goal_pre": 3.191925559898028, "weight_of_cost_no_call_goal_post": 1.1172378608062463, "weight_of_cost_call_goal": 7.798817836989639, "weight_of_cost_call_goal_pre": 3.5371432452401352, "weight_of_cost_call_goal_post": 1.009536378613504}