{"group_ID": 1, "generation_ID": 10, "individual_ID": 15, "rank": 10, "number_of_nan": 12, "search_time": 40.900000000000006, "ancestors": [5, 0, 2, 10, 0, 1, 11, 1, 10], "is_for_training": true, "weight_of_cost_no_call_goal_pre": 4.655155261035124, "weight_of_cost_no_call_goal_post": 1.3701486581452664, "weight_of_cost_call_goal": 15.219242994296804, "weight_of_cost_call_goal_pre": 3.9833979450331882, "weight_of_cost_call_goal_post": 1.235885393804791}