{"group_ID": 0, "generation_ID": 10, "individual_ID": 12, "rank": 15, "number_of_nan": 24, "search_time": 6.8999999999999995, "ancestors": [2, 0, 0, 8, 3, 6, 6, 15, 4], "is_for_training": true, "weight_of_cost_no_call_goal_pre": 2.657291266229201, "weight_of_cost_no_call_goal_post": 0.8757573661370657, "weight_of_cost_call_goal": 12.025393901725149, "weight_of_cost_call_goal_pre": 2.967393242500811, "weight_of_cost_call_goal_post": 0.6566690018335651}