{"group_ID": 1, "generation_ID": 11, "individual_ID": 3, "rank": 4, "number_of_nan": 9, "search_time": 57.599999999999994, "ancestors": [5, 0, 2, 10, 0, 1, 11, 9, 1, 11], "is_for_training": true, "weight_of_cost_no_call_goal_pre": 4.475196937528469, "weight_of_cost_no_call_goal_post": 1.2558970062458377, "weight_of_cost_call_goal": 10.50156430934809, "weight_of_cost_call_goal_pre": 4.442242066186162, "weight_of_cost_call_goal_post": 1.5275177174818129}