{"group_ID": 2, "generation_ID": 9, "individual_ID": 10, "rank": 12, "number_of_nan": 21, "search_time": 33.199999999999996, "ancestors": [4, 0, 10, 4, 14, 3, 3, 13], "is_for_training": true, "weight_of_cost_no_call_goal_pre": 3.7759049954680357, "weight_of_cost_no_call_goal_post": 0.7314238982466179, "weight_of_cost_call_goal": 7.345558344577339, "weight_of_cost_call_goal_pre": 3.56789484259234, "weight_of_cost_call_goal_post": 0.6226131751798133}