{"group_ID": 2, "generation_ID": 7, "individual_ID": 8, "rank": 13, "number_of_nan": 16, "search_time": 22.0, "ancestors": [0, 15, 0, 8, 9, 0], "is_for_training": true, "weight_of_cost_no_call_goal_pre": 3.2142710292307495, "weight_of_cost_no_call_goal_post": 1.0003508515918098, "weight_of_cost_call_goal": 7.188358911953329, "weight_of_cost_call_goal_pre": 3.5447645997502257, "weight_of_cost_call_goal_post": 1.1520091615657548}