{"group_ID": 1, "generation_ID": 6, "individual_ID": 12, "rank": 15, "number_of_nan": 24, "search_time": 6.800000000000001, "ancestors": [1, 9, 11, 13, 15], "is_for_training": true, "weight_of_cost_no_call_goal_pre": 1.6123350245274526, "weight_of_cost_no_call_goal_post": 0.6331994303827361, "weight_of_cost_call_goal": 7.993665281463533, "weight_of_cost_call_goal_pre": 2.0511979820928192, "weight_of_cost_call_goal_post": 0.6255167998528275}