{"group_ID": 2, "generation_ID": 8, "individual_ID": 14, "rank": 12, "number_of_nan": 23, "search_time": 3.6, "ancestors": [0, 15, 0, 8, 1, 4, 4], "is_for_training": true, "weight_of_cost_no_call_goal_pre": 3.354251915219112, "weight_of_cost_no_call_goal_post": 0.7682697559485918, "weight_of_cost_call_goal": 6.939582065965264, "weight_of_cost_call_goal_pre": 2.7010261410366714, "weight_of_cost_call_goal_post": 1.1128683718006487}