{"group_ID": 0, "generation_ID": 9, "individual_ID": 14, "rank": 15, "number_of_nan": 23, "search_time": 3.9, "ancestors": [2, 0, 0, 0, 1, 4, 4, 5], "is_for_training": true, "weight_of_cost_no_call_goal_pre": 2.6529134402321657, "weight_of_cost_no_call_goal_post": 0.9634463164688354, "weight_of_cost_call_goal": 7.904321221421792, "weight_of_cost_call_goal_pre": 2.7836697627056632, "weight_of_cost_call_goal_post": 0.786462842659526}