{"group_ID": 1, "generation_ID": 9, "individual_ID": 8, "rank": 14, "number_of_nan": 23, "search_time": 4.2, "ancestors": [2, 11, 0, 0, 9, 11, 0, 0], "is_for_training": true, "weight_of_cost_no_call_goal_pre": 3.410278699385176, "weight_of_cost_no_call_goal_post": 0.7908897059567798, "weight_of_cost_call_goal": 15.497286686235343, "weight_of_cost_call_goal_pre": 4.577568465781437, "weight_of_cost_call_goal_post": 0.9000398627326706}