{"group_ID": 2, "generation_ID": 6, "individual_ID": 13, "rank": 11, "number_of_nan": 16, "search_time": 17.400000000000002, "ancestors": [4, 8, 9, 1, 2], "is_for_training": true, "weight_of_cost_no_call_goal_pre": 2.894113676657913, "weight_of_cost_no_call_goal_post": 0.7821342604169449, "weight_of_cost_call_goal": 8.341765902206081, "weight_of_cost_call_goal_pre": 2.6583724108969946, "weight_of_cost_call_goal_post": 0.9173746740592997}