{"group_ID": 1, "generation_ID": 11, "individual_ID": 0, "rank": 1, "number_of_nan": 8, "search_time": 80.89999999999999, "ancestors": [5, 0, 2, 10, 0, 9, 1, 10, 11, 0], "is_for_training": true, "weight_of_cost_no_call_goal_pre": 3.113976926559504, "weight_of_cost_no_call_goal_post": 1.2041942466393096, "weight_of_cost_call_goal": 7.867391881256044, "weight_of_cost_call_goal_pre": 3.2804991475753624, "weight_of_cost_call_goal_post": 1.0917935295599432}