{"group_ID": 2, "generation_ID": 9, "individual_ID": 9, "rank": 14, "number_of_nan": 22, "search_time": 5.3, "ancestors": [0, 15, 0, 8, 1, 4, 12, 1], "is_for_training": true, "weight_of_cost_no_call_goal_pre": 3.0007124753021204, "weight_of_cost_no_call_goal_post": 1.0174521761966822, "weight_of_cost_call_goal": 9.312205786298964, "weight_of_cost_call_goal_pre": 3.9503525053932353, "weight_of_cost_call_goal_post": 0.9783803389804105}