{"group_ID": 2, "generation_ID": 3, "individual_ID": 15, "rank": 13, "number_of_nan": 23, "search_time": 21.8, "ancestors": [5, 11], "is_for_training": true, "weight_of_cost_no_call_goal_pre": 3.6742361706505497, "weight_of_cost_no_call_goal_post": 0.9572783513793827, "weight_of_cost_call_goal": 11.326682503447698, "weight_of_cost_call_goal_pre": 2.9862437604404852, "weight_of_cost_call_goal_post": 1.0976662892255902}