{"group_ID": 2, "generation_ID": 10, "individual_ID": 13, "rank": 11, "number_of_nan": 11, "search_time": 63.8, "ancestors": [0, 15, 0, 0, 0, 1, 1, 3, 4], "is_for_training": true, "weight_of_cost_no_call_goal_pre": 3.6574295373856724, "weight_of_cost_no_call_goal_post": 1.0669653858439014, "weight_of_cost_call_goal": 6.738675129413527, "weight_of_cost_call_goal_pre": 3.8163048065663494, "weight_of_cost_call_goal_post": 1.266562449320894}