{"group_ID": 0, "generation_ID": 15, "individual_ID": 13, "rank": 18, "number_of_nan": 15, "search_time": 3.3, "ancestors": [1, 4, 16, 12, 2, 3, 15, 16, 20, 11, 1, 11, 5, 19], "ancestor_ranks": [4, 6, 2, 2, 3, 5, 6, 0, 1, 1, 1, 5, 9, 3], "is_for_training": true, "weight_of_cost_no_call_goal_pre": 2.964298205132374, "weight_of_cost_no_call_goal_post": 0.42219062405172697, "weight_of_cost_call_goal": 13.451653895929333, "weight_of_cost_call_goal_pre": 2.128977531456201, "weight_of_cost_call_goal_post": 0.4654010783681855}