{"group_ID": 0, "generation_ID": 18, "individual_ID": 19, "rank": 20, "number_of_nan": 16, "search_time": 4.9, "ancestors": [1, 4, 16, 12, 2, 3, 15, 16, 20, 11, 1, 11, 15, 3, 16, 7, 9], "ancestor_ranks": [4, 6, 2, 2, 3, 5, 6, 0, 1, 1, 1, 5, 3, 6, 7, 9, 9], "is_for_training": true, "weight_of_cost_no_call_goal_pre": 2.9541698234386042, "weight_of_cost_no_call_goal_post": 0.2696165751914703, "weight_of_cost_call_goal": 15.786595565477533, "weight_of_cost_call_goal_pre": 2.2971495663996375, "weight_of_cost_call_goal_post": 0.3443341426451203}