{"group_ID": 0, "generation_ID": 14, "individual_ID": 13, "rank": 19, "number_of_nan": 15, "search_time": 9.100000000000001, "ancestors": [1, 4, 16, 12, 2, 3, 15, 16, 20, 11, 1, 11, 15], "ancestor_ranks": [4, 6, 2, 2, 3, 5, 6, 0, 1, 1, 1, 5, 3], "is_for_training": true, "weight_of_cost_no_call_goal_pre": 2.2224060317617558, "weight_of_cost_no_call_goal_post": 0.3848320195421619, "weight_of_cost_call_goal": 11.189950848314565, "weight_of_cost_call_goal_pre": 2.9361281400626646, "weight_of_cost_call_goal_post": 0.37882540227783057}