{"group_ID": 0, "generation_ID": 16, "individual_ID": 6, "rank": 8, "number_of_nan": 10, "search_time": 20.0, "ancestors": [1, 4, 16, 12, 2, 3, 15, 16, 20, 11, 1, 11, 5, 19, 3], "ancestor_ranks": [4, 6, 2, 2, 3, 5, 6, 0, 1, 1, 1, 5, 9, 3, 6], "is_for_training": true, "weight_of_cost_no_call_goal_pre": 2.0726582856546543, "weight_of_cost_no_call_goal_post": 0.3854414276679628, "weight_of_cost_call_goal": 12.931727904924045, "weight_of_cost_call_goal_pre": 2.6126833808839676, "weight_of_cost_call_goal_post": 0.3901232623850322}