{"group_ID": 0, "generation_ID": 11, "individual_ID": 19, "rank": 17, "number_of_nan": 14, "search_time": 6.2, "ancestors": [0, 21, 17, 1, 7, 19, 18, 18, 4, 19], "ancestor_ranks": [1, 7, 1, 7, 9, 8, 8, 4, 9, 9], "is_for_training": true, "weight_of_cost_no_call_goal_pre": 2.2704286229742907, "weight_of_cost_no_call_goal_post": 1.3790621933967582, "weight_of_cost_call_goal": 15.009969016107833, "weight_of_cost_call_goal_pre": 2.823523080715078, "weight_of_cost_call_goal_post": 1.1398059479577667}