{"group_ID": 0, "generation_ID": 10, "individual_ID": 21, "rank": 10, "number_of_nan": 14, "search_time": 4.0, "ancestors": [1, 4, 16, 12, 2, 3, 15, 16, 20], "ancestor_ranks": [4, 6, 2, 2, 3, 5, 6, 0, 1], "is_for_training": true, "weight_of_cost_no_call_goal_pre": 3.439868937644657, "weight_of_cost_no_call_goal_post": 0.6497237212269317, "weight_of_cost_call_goal": 12.956659905259658, "weight_of_cost_call_goal_pre": 3.6203066194451083, "weight_of_cost_call_goal_post": 0.4749687911397742}