{"group_ID": 0, "generation_ID": 5, "individual_ID": 17, "rank": 11, "number_of_nan": 15, "search_time": 11.299999999999999, "ancestors": [0, 21, 17, 1], "ancestor_ranks": [1, 7, 1, 7], "is_for_training": true, "weight_of_cost_no_call_goal_pre": 4.55001903134622, "weight_of_cost_no_call_goal_post": 1.2027378430014817, "weight_of_cost_call_goal": 12.508791610540973, "weight_of_cost_call_goal_pre": 3.772653987910723, "weight_of_cost_call_goal_post": 1.4515942201002296}