{"group_ID": 0, "generation_ID": 19, "individual_ID": 12, "rank": 21, "number_of_nan": 17, "search_time": 1.8, "ancestors": [1, 4, 16, 12, 2, 3, 15, 16, 10, 0, 0, 10, 20, 0, 10, 1, 1, 1], "ancestor_ranks": [4, 6, 2, 2, 3, 5, 6, 0, 0, 0, 0, 0, 0, 0, 1, 1, 1, 2], "is_for_training": true, "weight_of_cost_no_call_goal_pre": 5.579699773768766, "weight_of_cost_no_call_goal_post": 0.3983586800654509, "weight_of_cost_call_goal": 14.096698121928256, "weight_of_cost_call_goal_pre": 4.320438770223944, "weight_of_cost_call_goal_post": 0.40443403408155304}