{"group_ID": 0, "generation_ID": 15, "individual_ID": 11, "rank": 14, "number_of_nan": 11, "search_time": 13.6, "ancestors": [1, 4, 16, 12, 2, 3, 15, 16, 0, 2, 13, 17, 2, 15], "ancestor_ranks": [4, 6, 2, 2, 3, 5, 6, 0, 2, 3, 7, 2, 5, 1], "is_for_training": true, "weight_of_cost_no_call_goal_pre": 2.971314121989325, "weight_of_cost_no_call_goal_post": 0.9058286431766078, "weight_of_cost_call_goal": 14.142158373389472, "weight_of_cost_call_goal_pre": 2.724196177658277, "weight_of_cost_call_goal_post": 0.6317076857339131}