{"group_ID": 0, "generation_ID": 17, "individual_ID": 0, "rank": 0, "number_of_nan": 8, "search_time": 25.3, "ancestors": [1, 4, 16, 12, 2, 3, 15, 16, 10, 0, 0, 10, 20, 0, 20, 0], "ancestor_ranks": [4, 6, 2, 2, 3, 5, 6, 0, 0, 0, 0, 0, 0, 0, 0, 0], "is_for_training": true, "weight_of_cost_no_call_goal_pre": 5.6369030615433235, "weight_of_cost_no_call_goal_post": 0.4200717238881108, "weight_of_cost_call_goal": 10.218606159061194, "weight_of_cost_call_goal_pre": 4.5089121865195105, "weight_of_cost_call_goal_post": 0.5664437062844097}