{"group_ID": 0, "generation_ID": 9, "individual_ID": 11, "rank": 14, "number_of_nan": 15, "search_time": 3.7, "ancestors": [1, 4, 16, 12, 2, 3, 5, 17], "ancestor_ranks": [4, 6, 2, 2, 3, 5, 7, 1], "is_for_training": true, "weight_of_cost_no_call_goal_pre": 3.811571029027595, "weight_of_cost_no_call_goal_post": 0.5183481830516012, "weight_of_cost_call_goal": 12.934701101488097, "weight_of_cost_call_goal_pre": 3.518739964345993, "weight_of_cost_call_goal_post": 0.5748368005947216}