{"group_ID": 0, "generation_ID": 13, "individual_ID": 18, "rank": 20, "number_of_nan": 15, "search_time": 8.9, "ancestors": [1, 4, 16, 12, 2, 3, 5, 17, 1, 4, 15, 4], "ancestor_ranks": [4, 6, 2, 2, 3, 5, 7, 1, 4, 5, 4, 8], "is_for_training": true, "weight_of_cost_no_call_goal_pre": 3.40462401226411, "weight_of_cost_no_call_goal_post": 0.5379693481775376, "weight_of_cost_call_goal": 19.459943506922656, "weight_of_cost_call_goal_pre": 3.1248479728001604, "weight_of_cost_call_goal_post": 0.5503113439451969}