{"group_ID": 0, "generation_ID": 9, "individual_ID": 9, "rank": 17, "number_of_nan": 15, "search_time": 9.7, "ancestors": [8, 6, 19, 10, 10, 0, 1, 11], "ancestor_ranks": [6, 9, 0, 0, 0, 1, 1, 9], "is_for_training": true, "weight_of_cost_no_call_goal_pre": 2.6665376715007745, "weight_of_cost_no_call_goal_post": 1.6225823567993336, "weight_of_cost_call_goal": 10.730016306918314, "weight_of_cost_call_goal_pre": 2.651699074563736, "weight_of_cost_call_goal_post": 1.394331411063198}