{"group_ID": 0, "generation_ID": 2, "individual_ID": 16, "rank": 12, "number_of_nan": 17, "search_time": 6.199999999999999, "ancestors": [8], "ancestor_ranks": [6], "is_for_training": true, "weight_of_cost_no_call_goal_pre": 2.7602918552559794, "weight_of_cost_no_call_goal_post": 1.3209830328480479, "weight_of_cost_call_goal": 8.923106477279715, "weight_of_cost_call_goal_pre": 2.538809763211337, "weight_of_cost_call_goal_post": 0.9509179329373731}