{"group_ID": 0, "generation_ID": 7, "individual_ID": 11, "rank": 16, "number_of_nan": 15, "search_time": 11.9, "ancestors": [8, 6, 19, 10, 10, 0], "ancestor_ranks": [6, 9, 0, 0, 0, 1], "is_for_training": true, "weight_of_cost_no_call_goal_pre": 3.3537872487628766, "weight_of_cost_no_call_goal_post": 1.8056989743305527, "weight_of_cost_call_goal": 9.800038538782138, "weight_of_cost_call_goal_pre": 3.468811576372947, "weight_of_cost_call_goal_post": 1.6714673679361753}