{"group_ID": 0, "generation_ID": 10, "individual_ID": 17, "rank": 19, "number_of_nan": 15, "search_time": 5.4, "ancestors": [8, 6, 19, 0, 1, 2, 4, 15, 3], "ancestor_ranks": [6, 9, 0, 1, 2, 4, 5, 3, 7], "is_for_training": true, "weight_of_cost_no_call_goal_pre": 2.644886458405681, "weight_of_cost_no_call_goal_post": 1.544378323041987, "weight_of_cost_call_goal": 9.549298503493446, "weight_of_cost_call_goal_pre": 2.5391205311675016, "weight_of_cost_call_goal_post": 1.709102270875603}