{"group_ID": 0, "generation_ID": 12, "individual_ID": 12, "rank": 20, "number_of_nan": 17, "search_time": 1.6, "ancestors": [1, 4, 16, 12, 2, 3, 15, 16, 20, 11, 21], "ancestor_ranks": [4, 6, 2, 2, 3, 5, 6, 0, 1, 1, 2], "is_for_training": true, "weight_of_cost_no_call_goal_pre": 3.0743919835462648, "weight_of_cost_no_call_goal_post": 0.35978378820756307, "weight_of_cost_call_goal": 11.57499882096546, "weight_of_cost_call_goal_pre": 2.472350505361477, "weight_of_cost_call_goal_post": 0.4430347194113336}