{"group_ID": 0, "generation_ID": 13, "individual_ID": 13, "rank": 19, "number_of_nan": 15, "search_time": 3.8, "ancestors": [1, 4, 16, 12, 2, 3, 15, 16, 10, 0, 20, 19], "ancestor_ranks": [4, 6, 2, 2, 3, 5, 6, 0, 0, 0, 9, 3], "is_for_training": true, "weight_of_cost_no_call_goal_pre": 3.1856217502579516, "weight_of_cost_no_call_goal_post": 0.6384456313111238, "weight_of_cost_call_goal": 10.337220564665728, "weight_of_cost_call_goal_pre": 2.6127927614132878, "weight_of_cost_call_goal_post": 0.5808337686031125}