{"group_ID": 0, "generation_ID": 21, "individual_ID": 16, "rank": 19, "number_of_nan": 15, "search_time": 2.9, "ancestors": [1, 4, 16, 12, 2, 3, 15, 16, 10, 0, 0, 10, 20, 0, 0, 2, 2, 2, 4, 6], "ancestor_ranks": [4, 6, 2, 2, 3, 5, 6, 0, 0, 0, 0, 0, 0, 0, 2, 2, 2, 4, 6, 6], "is_for_training": true, "weight_of_cost_no_call_goal_pre": 4.894367844190992, "weight_of_cost_no_call_goal_post": 0.4849899702671554, "weight_of_cost_call_goal": 10.56543299867918, "weight_of_cost_call_goal_pre": 5.000788690025086, "weight_of_cost_call_goal_post": 0.5130607844970083}