{"group_ID": 0, "generation_ID": 15, "individual_ID": 15, "rank": 16, "number_of_nan": 14, "search_time": 4.5, "ancestors": [1, 4, 16, 12, 2, 3, 15, 16, 20, 11, 1, 1, 14, 2], "ancestor_ranks": [4, 6, 2, 2, 3, 5, 6, 0, 1, 1, 1, 4, 2, 5], "is_for_training": true, "weight_of_cost_no_call_goal_pre": 3.5183142915769863, "weight_of_cost_no_call_goal_post": 0.5652426960105298, "weight_of_cost_call_goal": 10.168944415279189, "weight_of_cost_call_goal_pre": 3.250332485703476, "weight_of_cost_call_goal_post": 0.4245402865602884}