{"group_ID": 0, "generation_ID": 21, "individual_ID": 14, "rank": 13, "number_of_nan": 10, "search_time": 18.3, "ancestors": [1, 4, 16, 12, 2, 3, 15, 16, 10, 0, 0, 10, 20, 0, 10, 1, 1, 1, 2, 4], "ancestor_ranks": [4, 6, 2, 2, 3, 5, 6, 0, 0, 0, 0, 0, 0, 0, 1, 1, 1, 2, 4, 4], "is_for_training": true, "weight_of_cost_no_call_goal_pre": 4.155631416501699, "weight_of_cost_no_call_goal_post": 0.4139112205712138, "weight_of_cost_call_goal": 12.025549878633788, "weight_of_cost_call_goal_pre": 5.506335945511592, "weight_of_cost_call_goal_post": 0.4876226441886394}