{"group_ID": 0, "generation_ID": 10, "individual_ID": 14, "rank": 21, "number_of_nan": 17, "search_time": 1.6, "ancestors": [1, 4, 16, 12, 2, 3, 5, 17, 1], "ancestor_ranks": [4, 6, 2, 2, 3, 5, 7, 1, 4], "is_for_training": true, "weight_of_cost_no_call_goal_pre": 3.260352092440985, "weight_of_cost_no_call_goal_post": 0.6352549539297968, "weight_of_cost_call_goal": 18.21758187554691, "weight_of_cost_call_goal_pre": 3.651005343337221, "weight_of_cost_call_goal_post": 0.6066197020497133}