{"group_ID": 0, "generation_ID": 11, "individual_ID": 16, "rank": 15, "number_of_nan": 14, "search_time": 5.4, "ancestors": [8, 6, 19, 0, 1, 2, 4, 15, 13, 13], "ancestor_ranks": [6, 9, 0, 1, 2, 4, 5, 3, 3, 6], "is_for_training": true, "weight_of_cost_no_call_goal_pre": 2.3027333479080814, "weight_of_cost_no_call_goal_post": 1.7531436763589996, "weight_of_cost_call_goal": 9.141437652827303, "weight_of_cost_call_goal_pre": 2.9352275809634936, "weight_of_cost_call_goal_post": 1.5472136571715045}