{"group_ID": 0, "generation_ID": 20, "individual_ID": 10, "rank": 16, "number_of_nan": 13, "search_time": 5.300000000000001, "ancestors": [1, 4, 16, 12, 2, 3, 15, 16, 10, 0, 0, 10, 20, 0, 20, 0, 0, 0, 20], "ancestor_ranks": [4, 6, 2, 2, 3, 5, 6, 0, 0, 0, 0, 0, 0, 0, 0, 0, 0, 0, 0], "is_for_training": true, "weight_of_cost_no_call_goal_pre": 3.922867005918935, "weight_of_cost_no_call_goal_post": 0.5011017612207237, "weight_of_cost_call_goal": 7.890957914172787, "weight_of_cost_call_goal_pre": 3.043888537789309, "weight_of_cost_call_goal_post": 0.6495861789163571}