{"group_ID": 0, "generation_ID": 7, "individual_ID": 10, "rank": 20, "number_of_nan": 17, "search_time": 3.4000000000000004, "ancestors": [0, 1, 3, 18, 4, 15], "ancestor_ranks": [1, 3, 8, 4, 5, 0], "is_for_training": true, "weight_of_cost_no_call_goal_pre": 2.961437013798498, "weight_of_cost_no_call_goal_post": 1.0156636817390094, "weight_of_cost_call_goal": 8.353347556612414, "weight_of_cost_call_goal_pre": 2.732393638557814, "weight_of_cost_call_goal_post": 0.9860823560872973}