{"group_ID": 0, "generation_ID": 6, "individual_ID": 12, "rank": 19, "number_of_nan": 15, "search_time": 12.600000000000001, "ancestors": [8, 6, 19, 0, 1], "ancestor_ranks": [6, 9, 0, 1, 2], "is_for_training": true, "weight_of_cost_no_call_goal_pre": 2.8341988822723696, "weight_of_cost_no_call_goal_post": 1.436890064005713, "weight_of_cost_call_goal": 10.021125996002294, "weight_of_cost_call_goal_pre": 2.226509308371669, "weight_of_cost_call_goal_post": 1.1654152123369408}