{"group_ID": 0, "generation_ID": 9, "individual_ID": 15, "rank": 13, "number_of_nan": 15, "search_time": 2.3000000000000003, "ancestors": [0, 1, 3, 18, 4, 15, 0, 20], "ancestor_ranks": [1, 3, 8, 4, 5, 0, 0, 5], "is_for_training": true, "weight_of_cost_no_call_goal_pre": 2.514007062939457, "weight_of_cost_no_call_goal_post": 1.1302802553626328, "weight_of_cost_call_goal": 11.145854103518069, "weight_of_cost_call_goal_pre": 2.560935021861516, "weight_of_cost_call_goal_post": 1.230367399065827}