{"group_ID": 0, "generation_ID": 8, "individual_ID": 6, "rank": 16, "number_of_nan": 15, "search_time": 10.4, "ancestors": [1, 4, 16, 12, 2, 3, 15], "ancestor_ranks": [4, 6, 2, 2, 3, 5, 6], "is_for_training": true, "weight_of_cost_no_call_goal_pre": 3.9627565532873326, "weight_of_cost_no_call_goal_post": 0.7937887538381107, "weight_of_cost_call_goal": 13.04851300921997, "weight_of_cost_call_goal_pre": 3.2871901923538407, "weight_of_cost_call_goal_post": 0.6772512716471767}