{"group_ID": 0, "generation_ID": 17, "individual_ID": 6, "rank": 6, "number_of_nan": 10, "search_time": 18.6, "ancestors": [1, 4, 16, 12, 2, 3, 15, 16, 0, 2, 13, 17, 2, 15, 1, 4], "ancestor_ranks": [4, 6, 2, 2, 3, 5, 6, 0, 2, 3, 7, 2, 5, 1, 4, 6], "is_for_training": true, "weight_of_cost_no_call_goal_pre": 2.7960015110598535, "weight_of_cost_no_call_goal_post": 0.6885153874985878, "weight_of_cost_call_goal": 15.333972156505437, "weight_of_cost_call_goal_pre": 2.8538371119046246, "weight_of_cost_call_goal_post": 0.7690346447209617}