{"group_ID": 0, "generation_ID": 14, "individual_ID": 14, "rank": 16, "number_of_nan": 12, "search_time": 11.600000000000001, "ancestors": [1, 4, 16, 12, 2, 3, 15, 16, 10, 0, 0, 0, 1], "ancestor_ranks": [4, 6, 2, 2, 3, 5, 6, 0, 0, 0, 0, 1, 4], "is_for_training": true, "weight_of_cost_no_call_goal_pre": 3.1242931208493085, "weight_of_cost_no_call_goal_post": 0.3927545450103119, "weight_of_cost_call_goal": 11.117828497444902, "weight_of_cost_call_goal_pre": 3.6013438747062816, "weight_of_cost_call_goal_post": 0.4548045921904013}