{"group_ID": 0, "generation_ID": 20, "individual_ID": 16, "rank": 15, "number_of_nan": 13, "search_time": 5.1000000000000005, "ancestors": [1, 4, 16, 12, 2, 3, 15, 16, 10, 0, 0, 10, 20, 0, 0, 2, 2, 2, 4], "ancestor_ranks": [4, 6, 2, 2, 3, 5, 6, 0, 0, 0, 0, 0, 0, 0, 2, 2, 2, 4, 6], "is_for_training": true, "weight_of_cost_no_call_goal_pre": 5.432201962694466, "weight_of_cost_no_call_goal_post": 0.39600924621068523, "weight_of_cost_call_goal": 12.749606429583064, "weight_of_cost_call_goal_pre": 4.287184386621461, "weight_of_cost_call_goal_post": 0.568483559027775}