{"group_ID": 0, "generation_ID": 20, "individual_ID": 17, "rank": 11, "number_of_nan": 11, "search_time": 16.2, "ancestors": [1, 4, 16, 12, 2, 3, 15, 16, 10, 0, 0, 10, 20, 0, 10, 11, 3, 3, 5], "ancestor_ranks": [4, 6, 2, 2, 3, 5, 6, 0, 0, 0, 0, 0, 0, 0, 1, 3, 3, 5, 7], "is_for_training": true, "weight_of_cost_no_call_goal_pre": 3.2949343801229674, "weight_of_cost_no_call_goal_post": 0.41054094443311456, "weight_of_cost_call_goal": 14.696123349134771, "weight_of_cost_call_goal_pre": 4.236396948053905, "weight_of_cost_call_goal_post": 0.41513589403396395}