{"group_ID": 0, "generation_ID": 10, "individual_ID": 20, "rank": 18, "number_of_nan": 15, "search_time": 4.0, "ancestors": [1, 4, 16, 12, 2, 3, 15, 16, 10], "ancestor_ranks": [4, 6, 2, 2, 3, 5, 6, 0, 0], "is_for_training": true, "weight_of_cost_no_call_goal_pre": 3.099071402051978, "weight_of_cost_no_call_goal_post": 0.5119673493006938, "weight_of_cost_call_goal": 13.8356100984711, "weight_of_cost_call_goal_pre": 2.9103360964895315, "weight_of_cost_call_goal_post": 0.4371872141503636}