{"group_ID": 0, "generation_ID": 17, "individual_ID": 18, "rank": 10, "number_of_nan": 10, "search_time": 20.6, "ancestors": [1, 4, 16, 12, 2, 3, 15, 16, 20, 11, 1, 11, 5, 19, 3, 6], "ancestor_ranks": [4, 6, 2, 2, 3, 5, 6, 0, 1, 1, 1, 5, 9, 3, 6, 8], "is_for_training": true, "weight_of_cost_no_call_goal_pre": 2.3346295807315625, "weight_of_cost_no_call_goal_post": 0.4126221855419344, "weight_of_cost_call_goal": 12.101424365174799, "weight_of_cost_call_goal_pre": 2.6281526998519404, "weight_of_cost_call_goal_post": 0.4504862574393738}