{"group_ID": 0, "generation_ID": 16, "individual_ID": 21, "rank": 17, "number_of_nan": 15, "search_time": 2.5, "ancestors": [1, 4, 16, 12, 2, 3, 15, 16, 10, 0, 0, 10, 20, 0, 10], "ancestor_ranks": [4, 6, 2, 2, 3, 5, 6, 0, 0, 0, 0, 0, 0, 0, 1], "is_for_training": true, "weight_of_cost_no_call_goal_pre": 4.797423024064463, "weight_of_cost_no_call_goal_post": 0.40515371640392667, "weight_of_cost_call_goal": 11.792964095585413, "weight_of_cost_call_goal_pre": 4.928202878123564, "weight_of_cost_call_goal_post": 0.4182206693249838}