{"group_ID": 0, "generation_ID": 2, "individual_ID": 15, "rank": 11, "number_of_nan": 17, "search_time": 5.800000000000001, "ancestors": [2], "ancestor_ranks": [5], "is_for_training": true, "weight_of_cost_no_call_goal_pre": 2.681302807028247, "weight_of_cost_no_call_goal_post": 1.1374694609434715, "weight_of_cost_call_goal": 13.024514179787813, "weight_of_cost_call_goal_pre": 2.618393784755381, "weight_of_cost_call_goal_post": 0.8984681175478851}