{"group_ID": 0, "generation_ID": 14, "individual_ID": 18, "rank": 18, "number_of_nan": 13, "search_time": 8.9, "ancestors": [1, 4, 16, 12, 2, 3, 15, 16, 20, 11, 1, 1, 4], "ancestor_ranks": [4, 6, 2, 2, 3, 5, 6, 0, 1, 1, 1, 4, 8], "is_for_training": true, "weight_of_cost_no_call_goal_pre": 2.879132309847839, "weight_of_cost_no_call_goal_post": 0.4989719665076854, "weight_of_cost_call_goal": 12.217508068968293, "weight_of_cost_call_goal_pre": 2.9759083934338446, "weight_of_cost_call_goal_post": 0.5182696059046463}