{"group_ID": 0, "generation_ID": 14, "individual_ID": 21, "rank": 21, "number_of_nan": 16, "search_time": 2.6, "ancestors": [1, 4, 16, 12, 2, 3, 15, 16, 10, 0, 0, 10, 0], "ancestor_ranks": [4, 6, 2, 2, 3, 5, 6, 0, 0, 0, 0, 0, 1], "is_for_training": true, "weight_of_cost_no_call_goal_pre": 4.540686614314654, "weight_of_cost_no_call_goal_post": 0.5589327264334961, "weight_of_cost_call_goal": 12.716781542071306, "weight_of_cost_call_goal_pre": 4.2307494605391485, "weight_of_cost_call_goal_post": 0.528965163085204}