{"group_ID": 0, "generation_ID": 10, "individual_ID": 18, "rank": 13, "number_of_nan": 14, "search_time": 4.800000000000001, "ancestors": [8, 6, 19, 10, 10, 0, 1, 11, 19], "ancestor_ranks": [6, 9, 0, 0, 0, 1, 1, 9, 8], "is_for_training": true, "weight_of_cost_no_call_goal_pre": 2.548768308748415, "weight_of_cost_no_call_goal_post": 1.4232192914306865, "weight_of_cost_call_goal": 14.21565739224918, "weight_of_cost_call_goal_pre": 2.5693869020170563, "weight_of_cost_call_goal_post": 1.4247224263021998}