{"group_ID": 0, "generation_ID": 8, "individual_ID": 8, "rank": 19, "number_of_nan": 15, "search_time": 10.5, "ancestors": [0, 21, 17, 1, 7, 19, 18], "ancestor_ranks": [1, 7, 1, 7, 9, 8, 8], "is_for_training": true, "weight_of_cost_no_call_goal_pre": 3.133155572017765, "weight_of_cost_no_call_goal_post": 1.1367285495847101, "weight_of_cost_call_goal": 11.066328041251431, "weight_of_cost_call_goal_pre": 3.3643275529728687, "weight_of_cost_call_goal_post": 1.1399790107362338}