{"group_ID": 0, "generation_ID": 19, "individual_ID": 11, "rank": 9, "number_of_nan": 10, "search_time": 15.900000000000002, "ancestors": [1, 4, 16, 12, 2, 3, 15, 16, 10, 0, 0, 10, 20, 0, 10, 1, 1, 11], "ancestor_ranks": [4, 6, 2, 2, 3, 5, 6, 0, 0, 0, 0, 0, 0, 0, 1, 1, 1, 1], "is_for_training": true, "weight_of_cost_no_call_goal_pre": 4.012168906884067, "weight_of_cost_no_call_goal_post": 0.6141962841640263, "weight_of_cost_call_goal": 13.084956832451388, "weight_of_cost_call_goal_pre": 4.276170935442903, "weight_of_cost_call_goal_post": 0.6407105581274997}