{"group_ID": 0, "generation_ID": 13, "individual_ID": 16, "rank": 7, "number_of_nan": 11, "search_time": 16.0, "ancestors": [1, 4, 16, 12, 2, 3, 15, 16, 20, 11, 21, 2], "ancestor_ranks": [4, 6, 2, 2, 3, 5, 6, 0, 1, 1, 2, 6], "is_for_training": true, "weight_of_cost_no_call_goal_pre": 2.9672176288387906, "weight_of_cost_no_call_goal_post": 0.34707808400583384, "weight_of_cost_call_goal": 11.306417156780244, "weight_of_cost_call_goal_pre": 2.610278882607146, "weight_of_cost_call_goal_post": 0.46359932300591966}