{"group_ID": 0, "generation_ID": 16, "individual_ID": 20, "rank": 20, "number_of_nan": 15, "search_time": 5.8, "ancestors": [1, 4, 16, 12, 2, 3, 15, 16, 10, 0, 0, 10, 20, 0, 20], "ancestor_ranks": [4, 6, 2, 2, 3, 5, 6, 0, 0, 0, 0, 0, 0, 0, 0], "is_for_training": true, "weight_of_cost_no_call_goal_pre": 4.150005675608526, "weight_of_cost_no_call_goal_post": 0.6444311612953644, "weight_of_cost_call_goal": 9.607607335252267, "weight_of_cost_call_goal_pre": 4.713650565890359, "weight_of_cost_call_goal_post": 0.4812340207289048}