{"group_ID": 0, "generation_ID": 21, "individual_ID": 19, "rank": 21, "number_of_nan": 16, "search_time": 6.300000000000001, "ancestors": [1, 4, 16, 12, 2, 3, 15, 16, 10, 0, 0, 10, 20, 0, 10, 1, 1, 11, 21, 18], "ancestor_ranks": [4, 6, 2, 2, 3, 5, 6, 0, 0, 0, 0, 0, 0, 0, 1, 1, 1, 1, 8, 9], "is_for_training": true, "weight_of_cost_no_call_goal_pre": 3.6582167042191243, "weight_of_cost_no_call_goal_post": 0.5471186934213289, "weight_of_cost_call_goal": 16.931650680894403, "weight_of_cost_call_goal_pre": 4.004080332152371, "weight_of_cost_call_goal_post": 0.5739713560532811}