{"group_ID": 0, "generation_ID": 17, "individual_ID": 17, "rank": 20, "number_of_nan": 16, "search_time": 4.699999999999999, "ancestors": [1, 4, 16, 12, 2, 3, 15, 16, 10, 0, 0, 10, 20, 20, 2, 5], "ancestor_ranks": [4, 6, 2, 2, 3, 5, 6, 0, 0, 0, 0, 0, 0, 2, 5, 7], "is_for_training": true, "weight_of_cost_no_call_goal_pre": 4.571097641500119, "weight_of_cost_no_call_goal_post": 0.31455556142715463, "weight_of_cost_call_goal": 11.770976834866765, "weight_of_cost_call_goal_pre": 5.096633883296561, "weight_of_cost_call_goal_post": 0.3469421273266696}