{"group_ID": 0, "generation_ID": 1, "individual_ID": 6, "rank": 3, "number_of_nan": 17, "search_time": 5.300000000000001, "ancestors": [], "ancestor_ranks": [], "is_for_training": true, "weight_of_cost_no_call_goal_pre": 2.846353122629447, "weight_of_cost_no_call_goal_post": 1.0935316925014267, "weight_of_cost_call_goal": 11.802471544945853, "weight_of_cost_call_goal_pre": 2.7773350461339916, "weight_of_cost_call_goal_post": 0.9817039088798585}