{"group_ID": 0, "generation_ID": 8, "individual_ID": 4, "rank": 13, "number_of_nan": 15, "search_time": 9.9, "ancestors": [0, 1, 3, 18, 4, 15, 20], "ancestor_ranks": [1, 3, 8, 4, 5, 0, 4], "is_for_training": true, "weight_of_cost_no_call_goal_pre": 2.743311957291459, "weight_of_cost_no_call_goal_post": 0.957917428974748, "weight_of_cost_call_goal": 11.754883728923483, "weight_of_cost_call_goal_pre": 3.0151488094820356, "weight_of_cost_call_goal_post": 0.9933802511431453}