{"group_ID": 0, "generation_ID": 12, "individual_ID": 13, "rank": 14, "number_of_nan": 13, "search_time": 6.5, "ancestors": [1, 4, 16, 12, 2, 3, 15, 16, 20, 1, 2], "ancestor_ranks": [4, 6, 2, 2, 3, 5, 6, 0, 1, 2, 3], "is_for_training": true, "weight_of_cost_no_call_goal_pre": 3.6612207164477124, "weight_of_cost_no_call_goal_post": 0.5969808286749595, "weight_of_cost_call_goal": 15.336483364580756, "weight_of_cost_call_goal_pre": 3.324398436280233, "weight_of_cost_call_goal_post": 0.5415222438178652}