{"group_ID": 0, "generation_ID": 11, "individual_ID": 17, "rank": 16, "number_of_nan": 14, "search_time": 5.7, "ancestors": [0, 21, 17, 1, 7, 19, 18, 18, 14, 5], "ancestor_ranks": [1, 7, 1, 7, 9, 8, 8, 4, 5, 7], "is_for_training": true, "weight_of_cost_no_call_goal_pre": 2.506491692008776, "weight_of_cost_no_call_goal_post": 1.214445361648817, "weight_of_cost_call_goal": 10.310050248813178, "weight_of_cost_call_goal_pre": 3.0271516935390004, "weight_of_cost_call_goal_post": 1.0877741941887251}