{"group_ID": 0, "generation_ID": 10, "individual_ID": 16, "rank": 16, "number_of_nan": 15, "search_time": 2.6, "ancestors": [8, 6, 19, 10, 10, 0, 1, 21, 2], "ancestor_ranks": [6, 9, 0, 0, 0, 1, 1, 2, 6], "is_for_training": true, "weight_of_cost_no_call_goal_pre": 3.1598148855556216, "weight_of_cost_no_call_goal_post": 1.352396360712645, "weight_of_cost_call_goal": 12.602617257841542, "weight_of_cost_call_goal_pre": 2.573695019723755, "weight_of_cost_call_goal_post": 1.6323887305159681}