{"group_ID": 0, "generation_ID": 14, "individual_ID": 12, "rank": 10, "number_of_nan": 11, "search_time": 15.7, "ancestors": [1, 4, 16, 12, 2, 3, 15, 16, 20, 11, 1, 1, 14], "ancestor_ranks": [4, 6, 2, 2, 3, 5, 6, 0, 1, 1, 1, 4, 2], "is_for_training": true, "weight_of_cost_no_call_goal_pre": 3.3353062155279822, "weight_of_cost_no_call_goal_post": 0.4898027332780573, "weight_of_cost_call_goal": 11.820155537858026, "weight_of_cost_call_goal_pre": 3.2104494716307928, "weight_of_cost_call_goal_post": 0.40965842620525644}