{"group_ID": 0, "generation_ID": 12, "individual_ID": 16, "rank": 18, "number_of_nan": 14, "search_time": 4.800000000000001, "ancestors": [8, 6, 19, 0, 1, 2, 4, 15, 13, 3, 4], "ancestor_ranks": [6, 9, 0, 1, 2, 4, 5, 3, 3, 4, 6], "is_for_training": true, "weight_of_cost_no_call_goal_pre": 2.315359237821357, "weight_of_cost_no_call_goal_post": 1.5733023552574357, "weight_of_cost_call_goal": 10.159548652423545, "weight_of_cost_call_goal_pre": 2.0042657482664348, "weight_of_cost_call_goal_post": 1.291541238179709}