{"group_ID": 0, "generation_ID": 19, "individual_ID": 15, "rank": 20, "number_of_nan": 15, "search_time": 7.7, "ancestors": [1, 4, 16, 12, 2, 3, 15, 16, 10, 0, 0, 10, 20, 0, 10, 11, 3, 3], "ancestor_ranks": [4, 6, 2, 2, 3, 5, 6, 0, 0, 0, 0, 0, 0, 0, 1, 3, 3, 5], "is_for_training": true, "weight_of_cost_no_call_goal_pre": 3.8451620431137146, "weight_of_cost_no_call_goal_post": 0.4378441510270964, "weight_of_cost_call_goal": 13.9691664060684, "weight_of_cost_call_goal_pre": 4.377383959346655, "weight_of_cost_call_goal_post": 0.4498455878246296}