{"group_ID": 0, "generation_ID": 17, "individual_ID": 5, "rank": 5, "number_of_nan": 10, "search_time": 18.5, "ancestors": [1, 4, 16, 12, 2, 3, 15, 16, 10, 0, 0, 10, 0, 1, 14, 3], "ancestor_ranks": [4, 6, 2, 2, 3, 5, 6, 0, 0, 0, 0, 0, 1, 4, 3, 5], "is_for_training": true, "weight_of_cost_no_call_goal_pre": 4.472945233495992, "weight_of_cost_no_call_goal_post": 0.45239545349103866, "weight_of_cost_call_goal": 11.184981448607596, "weight_of_cost_call_goal_pre": 4.5455515419457075, "weight_of_cost_call_goal_post": 0.5260408128498304}