{"group_ID": 0, "generation_ID": 12, "individual_ID": 7, "rank": 11, "number_of_nan": 12, "search_time": 10.8, "ancestors": [1, 4, 16, 12, 2, 3, 15, 16, 0, 2, 13], "ancestor_ranks": [4, 6, 2, 2, 3, 5, 6, 0, 2, 3, 7], "is_for_training": true, "weight_of_cost_no_call_goal_pre": 3.4882043233799287, "weight_of_cost_no_call_goal_post": 0.6894949521193368, "weight_of_cost_call_goal": 12.17424117857891, "weight_of_cost_call_goal_pre": 3.039220416852036, "weight_of_cost_call_goal_post": 0.5890670845905677}