{"group_ID": 0, "generation_ID": 8, "individual_ID": 10, "rank": 14, "number_of_nan": 15, "search_time": 10.1, "ancestors": [0, 1, 3, 18, 4, 15, 0], "ancestor_ranks": [1, 3, 8, 4, 5, 0, 0], "is_for_training": true, "weight_of_cost_no_call_goal_pre": 2.4887659520725465, "weight_of_cost_no_call_goal_post": 1.265606194130866, "weight_of_cost_call_goal": 11.664003807895218, "weight_of_cost_call_goal_pre": 3.2048265025683613, "weight_of_cost_call_goal_post": 0.9697031678213375}