{"group_ID": 0, "generation_ID": 17, "individual_ID": 14, "rank": 21, "number_of_nan": 17, "search_time": 2.3, "ancestors": [1, 4, 16, 12, 2, 3, 15, 16, 20, 11, 1, 11, 15, 3, 16, 17], "ancestor_ranks": [4, 6, 2, 2, 3, 5, 6, 0, 1, 1, 1, 5, 3, 6, 7, 4], "is_for_training": true, "weight_of_cost_no_call_goal_pre": 2.5977383540842567, "weight_of_cost_no_call_goal_post": 0.2825361215786356, "weight_of_cost_call_goal": 17.012471767540074, "weight_of_cost_call_goal_pre": 3.4464196714367668, "weight_of_cost_call_goal_post": 0.34875740416814116}