{"group_ID": 0, "generation_ID": 9, "individual_ID": 18, "rank": 21, "number_of_nan": 16, "search_time": 5.2, "ancestors": [8, 6, 19, 10, 10, 0, 1, 1], "ancestor_ranks": [6, 9, 0, 0, 0, 1, 1, 8], "is_for_training": true, "weight_of_cost_no_call_goal_pre": 3.6481932852138272, "weight_of_cost_no_call_goal_post": 1.9159430964646595, "weight_of_cost_call_goal": 9.108602362932885, "weight_of_cost_call_goal_pre": 2.750274197899629, "weight_of_cost_call_goal_post": 1.441095620817936}