{"group_ID": 0, "generation_ID": 3, "individual_ID": 19, "rank": 0, "number_of_nan": 26, "search_time": 21.700000000000003, "ancestors": [8, 6], "ancestor_ranks": [6, 9], "is_for_training": false, "weight_of_cost_no_call_goal_pre": 2.3610201907636377, "weight_of_cost_no_call_goal_post": 1.0981473316913142, "weight_of_cost_call_goal": 8.468959450173825, "weight_of_cost_call_goal_pre": 2.689160288145248, "weight_of_cost_call_goal_post": 1.2224724844476202}