{"group_ID": 0, "generation_ID": 16, "individual_ID": 12, "rank": 18, "number_of_nan": 15, "search_time": 3.2, "ancestors": [1, 4, 16, 12, 2, 3, 15, 16, 10, 0, 0, 10, 20, 0, 0], "ancestor_ranks": [4, 6, 2, 2, 3, 5, 6, 0, 0, 0, 0, 0, 0, 0, 2], "is_for_training": true, "weight_of_cost_no_call_goal_pre": 4.46499713473295, "weight_of_cost_no_call_goal_post": 0.5144348992773553, "weight_of_cost_call_goal": 14.491392634466287, "weight_of_cost_call_goal_pre": 3.886674081686069, "weight_of_cost_call_goal_post": 0.41507445999759945}