{"group_ID": 0, "generation_ID": 10, "individual_ID": 11, "rank": 1, "number_of_nan": 11, "search_time": 16.3, "ancestors": [1, 4, 16, 12, 2, 3, 15, 16, 20], "ancestor_ranks": [4, 6, 2, 2, 3, 5, 6, 0, 1], "is_for_training": true, "weight_of_cost_no_call_goal_pre": 2.5940032957078545, "weight_of_cost_no_call_goal_post": 0.5864904625481494, "weight_of_cost_call_goal": 11.194637239526092, "weight_of_cost_call_goal_pre": 2.7094041772218613, "weight_of_cost_call_goal_post": 0.4474049323695303}