{"group_ID": 0, "generation_ID": 18, "individual_ID": 4, "rank": 6, "number_of_nan": 10, "search_time": 17.099999999999998, "ancestors": [1, 4, 16, 12, 2, 3, 15, 16, 20, 11, 1, 11, 15, 3, 16, 17, 4], "ancestor_ranks": [4, 6, 2, 2, 3, 5, 6, 0, 1, 1, 1, 5, 3, 6, 7, 4, 4], "is_for_training": true, "weight_of_cost_no_call_goal_pre": 2.688799355784286, "weight_of_cost_no_call_goal_post": 0.28309181649811477, "weight_of_cost_call_goal": 14.7502952156572, "weight_of_cost_call_goal_pre": 2.985349560030606, "weight_of_cost_call_goal_post": 0.33861870801682376}