{"group_ID": 0, "generation_ID": 17, "individual_ID": 12, "rank": 11, "number_of_nan": 11, "search_time": 14.2, "ancestors": [1, 4, 16, 12, 2, 3, 15, 16, 10, 0, 0, 10, 20, 0, 0, 2], "ancestor_ranks": [4, 6, 2, 2, 3, 5, 6, 0, 0, 0, 0, 0, 0, 0, 2, 2], "is_for_training": true, "weight_of_cost_no_call_goal_pre": 3.9349610797498396, "weight_of_cost_no_call_goal_post": 0.4761742183933768, "weight_of_cost_call_goal": 10.109073996874526, "weight_of_cost_call_goal_pre": 3.906311847845083, "weight_of_cost_call_goal_post": 0.41030069025023846}