{"group_ID": 0, "generation_ID": 8, "individual_ID": 5, "rank": 15, "number_of_nan": 15, "search_time": 10.399999999999999, "ancestors": [8, 6, 19, 0, 1, 2, 4], "ancestor_ranks": [6, 9, 0, 1, 2, 4, 5], "is_for_training": true, "weight_of_cost_no_call_goal_pre": 2.3610201907636377, "weight_of_cost_no_call_goal_post": 1.0981473316913142, "weight_of_cost_call_goal": 8.468959450173825, "weight_of_cost_call_goal_pre": 2.689160288145248, "weight_of_cost_call_goal_post": 1.2224724844476202}