{"group_ID": 0, "generation_ID": 19, "individual_ID": 16, "rank": 18, "number_of_nan": 13, "search_time": 6.6000000000000005, "ancestors": [1, 4, 16, 12, 2, 3, 15, 16, 20, 11, 1, 11, 15, 3, 16, 17, 4, 4], "ancestor_ranks": [4, 6, 2, 2, 3, 5, 6, 0, 1, 1, 1, 5, 3, 6, 7, 4, 4, 6], "is_for_training": true, "weight_of_cost_no_call_goal_pre": 3.13229493175683, "weight_of_cost_no_call_goal_post": 0.31395532193677067, "weight_of_cost_call_goal": 15.395714695497956, "weight_of_cost_call_goal_pre": 2.6137088116093703, "weight_of_cost_call_goal_post": 0.32658461469960703}