{"group_ID": 0, "generation_ID": 13, "individual_ID": 11, "rank": 16, "number_of_nan": 13, "search_time": 9.8, "ancestors": [1, 4, 16, 12, 2, 3, 15, 16, 10, 0, 0, 0], "ancestor_ranks": [4, 6, 2, 2, 3, 5, 6, 0, 0, 0, 0, 1], "is_for_training": true, "weight_of_cost_no_call_goal_pre": 2.780893952897676, "weight_of_cost_no_call_goal_post": 0.4775814010019366, "weight_of_cost_call_goal": 12.196657314353294, "weight_of_cost_call_goal_pre": 3.457404570029617, "weight_of_cost_call_goal_post": 0.42880762383599946}