{"group_ID": 0, "generation_ID": 9, "individual_ID": 2, "rank": 6, "number_of_nan": 13, "search_time": 7.7, "ancestors": [8, 6, 19, 10, 10, 0, 1, 21], "ancestor_ranks": [6, 9, 0, 0, 0, 1, 1, 2], "is_for_training": true, "weight_of_cost_no_call_goal_pre": 3.5595187179866623, "weight_of_cost_no_call_goal_post": 1.7839852036328592, "weight_of_cost_call_goal": 11.834741515110187, "weight_of_cost_call_goal_pre": 3.1818381642301867, "weight_of_cost_call_goal_post": 1.4169111639040306}