{"group_ID": 0, "generation_ID": 11, "individual_ID": 4, "rank": 6, "number_of_nan": 12, "search_time": 10.5, "ancestors": [8, 6, 19, 0, 1, 2, 4, 15, 13, 3], "ancestor_ranks": [6, 9, 0, 1, 2, 4, 5, 3, 3, 4], "is_for_training": true, "weight_of_cost_no_call_goal_pre": 3.2805596856062857, "weight_of_cost_no_call_goal_post": 1.7037412975488861, "weight_of_cost_call_goal": 10.151413514337444, "weight_of_cost_call_goal_pre": 2.443018386489432, "weight_of_cost_call_goal_post": 1.4625727945701599}