{"group_ID": 0, "generation_ID": 10, "individual_ID": 10, "rank": 17, "number_of_nan": 15, "search_time": 3.5, "ancestors": [1, 4, 16, 12, 2, 3, 15, 16, 10], "ancestor_ranks": [4, 6, 2, 2, 3, 5, 6, 0, 0], "is_for_training": true, "weight_of_cost_no_call_goal_pre": 3.565950672192809, "weight_of_cost_no_call_goal_post": 0.5182865225664969, "weight_of_cost_call_goal": 13.3430995160951, "weight_of_cost_call_goal_pre": 3.8159523472990244, "weight_of_cost_call_goal_post": 0.4283146672847858}