{"group_ID": 0, "generation_ID": 10, "individual_ID": 1, "rank": 2, "number_of_nan": 12, "search_time": 8.3, "ancestors": [1, 4, 16, 12, 2, 3, 15, 16, 20], "ancestor_ranks": [4, 6, 2, 2, 3, 5, 6, 0, 1], "is_for_training": true, "weight_of_cost_no_call_goal_pre": 3.9633877003859457, "weight_of_cost_no_call_goal_post": 0.5386190545662847, "weight_of_cost_call_goal": 13.85420942339154, "weight_of_cost_call_goal_pre": 3.1388580617900907, "weight_of_cost_call_goal_post": 0.5586226844911795}