{"group_ID": 0, "generation_ID": 6, "individual_ID": 16, "rank": 16, "number_of_nan": 15, "search_time": 11.399999999999999, "ancestors": [0, 21, 17, 11, 5], "ancestor_ranks": [1, 7, 1, 5, 6], "is_for_training": true, "weight_of_cost_no_call_goal_pre": 4.99529334102588, "weight_of_cost_no_call_goal_post": 1.3801418631942413, "weight_of_cost_call_goal": 8.759147053983497, "weight_of_cost_call_goal_pre": 4.9653744976762475, "weight_of_cost_call_goal_post": 1.6709659418975702}