{"group_ID": 0, "generation_ID": 15, "individual_ID": 18, "rank": 19, "number_of_nan": 15, "search_time": 5.0, "ancestors": [1, 4, 16, 12, 2, 3, 15, 16, 0, 2, 13, 17, 2, 5], "ancestor_ranks": [4, 6, 2, 2, 3, 5, 6, 0, 2, 3, 7, 2, 5, 8], "is_for_training": true, "weight_of_cost_no_call_goal_pre": 2.259723677263801, "weight_of_cost_no_call_goal_post": 0.6189635210220857, "weight_of_cost_call_goal": 14.988652028540992, "weight_of_cost_call_goal_pre": 2.5712622430914944, "weight_of_cost_call_goal_post": 0.6450846762507787}