{"group_ID": 0, "generation_ID": 8, "individual_ID": 12, "rank": 17, "number_of_nan": 15, "search_time": 10.4, "ancestors": [8, 6, 19, 10, 0, 1, 2], "ancestor_ranks": [6, 9, 0, 0, 1, 2, 2], "is_for_training": true, "weight_of_cost_no_call_goal_pre": 3.6174413154990193, "weight_of_cost_no_call_goal_post": 1.2219645374020567, "weight_of_cost_call_goal": 9.902852646882232, "weight_of_cost_call_goal_pre": 2.7990769025704942, "weight_of_cost_call_goal_post": 1.4024163411518418}