{"group_ID": 0, "generation_ID": 17, "individual_ID": 20, "rank": 19, "number_of_nan": 16, "search_time": 2.4, "ancestors": [1, 4, 16, 12, 2, 3, 15, 16, 10, 0, 0, 10, 20, 0, 20, 0], "ancestor_ranks": [4, 6, 2, 2, 3, 5, 6, 0, 0, 0, 0, 0, 0, 0, 0, 0], "is_for_training": true, "weight_of_cost_no_call_goal_pre": 5.152290562205351, "weight_of_cost_no_call_goal_post": 0.45615686787303705, "weight_of_cost_call_goal": 9.984858314120041, "weight_of_cost_call_goal_pre": 5.127502436621423, "weight_of_cost_call_goal_post": 0.5186554187658791}