{"group_ID": 0, "generation_ID": 17, "individual_ID": 11, "rank": 18, "number_of_nan": 15, "search_time": 7.0, "ancestors": [1, 4, 16, 12, 2, 3, 15, 16, 10, 0, 0, 10, 20, 0, 10, 1], "ancestor_ranks": [4, 6, 2, 2, 3, 5, 6, 0, 0, 0, 0, 0, 0, 0, 1, 1], "is_for_training": true, "weight_of_cost_no_call_goal_pre": 4.129695165552059, "weight_of_cost_no_call_goal_post": 0.4967912072364512, "weight_of_cost_call_goal": 14.933215493612146, "weight_of_cost_call_goal_pre": 4.375559008530808, "weight_of_cost_call_goal_post": 0.4846601870451319}