{"group_ID": 0, "generation_ID": 19, "individual_ID": 18, "rank": 2, "number_of_nan": 8, "search_time": 26.699999999999996, "ancestors": [1, 4, 16, 12, 2, 3, 15, 16, 10, 0, 0, 10, 0, 1, 14, 3, 5, 5], "ancestor_ranks": [4, 6, 2, 2, 3, 5, 6, 0, 0, 0, 0, 0, 1, 4, 3, 5, 5, 8], "is_for_training": true, "weight_of_cost_no_call_goal_pre": 4.499909280997016, "weight_of_cost_no_call_goal_post": 0.5414302445854182, "weight_of_cost_call_goal": 9.893738865302417, "weight_of_cost_call_goal_pre": 4.62560515765712, "weight_of_cost_call_goal_post": 0.5714585310980508}