{"group_ID": 0, "generation_ID": 12, "individual_ID": 11, "rank": 5, "number_of_nan": 11, "search_time": 16.5, "ancestors": [1, 4, 16, 12, 2, 3, 15, 16, 20, 11, 1], "ancestor_ranks": [4, 6, 2, 2, 3, 5, 6, 0, 1, 1, 1], "is_for_training": true, "weight_of_cost_no_call_goal_pre": 2.6810957670385167, "weight_of_cost_no_call_goal_post": 0.5251370115561557, "weight_of_cost_call_goal": 13.400628894185544, "weight_of_cost_call_goal_pre": 2.2768299645587926, "weight_of_cost_call_goal_post": 0.38996385864616473}