{"group_ID": 0, "generation_ID": 16, "individual_ID": 10, "rank": 16, "number_of_nan": 15, "search_time": 2.5, "ancestors": [1, 4, 16, 12, 2, 3, 15, 16, 10, 0, 0, 10, 20, 0, 20], "ancestor_ranks": [4, 6, 2, 2, 3, 5, 6, 0, 0, 0, 0, 0, 0, 0, 0], "is_for_training": true, "weight_of_cost_no_call_goal_pre": 3.8754419273524516, "weight_of_cost_no_call_goal_post": 0.5576490200791808, "weight_of_cost_call_goal": 9.68366589647652, "weight_of_cost_call_goal_pre": 4.2684255826732596, "weight_of_cost_call_goal_post": 0.5605099429124801}