{"group_ID": 0, "generation_ID": 10, "individual_ID": 15, "rank": 20, "number_of_nan": 17, "search_time": 1.4, "ancestors": [0, 21, 17, 1, 7, 19, 18, 18, 14], "ancestor_ranks": [1, 7, 1, 7, 9, 8, 8, 4, 5], "is_for_training": true, "weight_of_cost_no_call_goal_pre": 3.0457782609746684, "weight_of_cost_no_call_goal_post": 1.0641957390963925, "weight_of_cost_call_goal": 12.961485618753825, "weight_of_cost_call_goal_pre": 2.3898424696146447, "weight_of_cost_call_goal_post": 0.8869658324690304}