{"group_ID": 0, "generation_ID": 13, "individual_ID": 8, "rank": 12, "number_of_nan": 12, "search_time": 10.3, "ancestors": [1, 4, 16, 12, 2, 3, 5, 17, 1, 4, 15, 4], "ancestor_ranks": [4, 6, 2, 2, 3, 5, 7, 1, 4, 5, 4, 8], "is_for_training": true, "weight_of_cost_no_call_goal_pre": 4.28480183454554, "weight_of_cost_no_call_goal_post": 0.46779350340518583, "weight_of_cost_call_goal": 18.06036976346561, "weight_of_cost_call_goal_pre": 3.364143976271225, "weight_of_cost_call_goal_post": 0.5729727145642286}