{"group_ID": 0, "generation_ID": 5, "individual_ID": 14, "rank": 19, "number_of_nan": 17, "search_time": 3.6999999999999997, "ancestors": [0, 1, 3, 18], "ancestor_ranks": [1, 3, 8, 4], "is_for_training": true, "weight_of_cost_no_call_goal_pre": 3.035579583349357, "weight_of_cost_no_call_goal_post": 1.1550987671250381, "weight_of_cost_call_goal": 12.89125463314317, "weight_of_cost_call_goal_pre": 3.5273698991017963, "weight_of_cost_call_goal_post": 0.8347744939699938}