{"group_ID": 0, "generation_ID": 7, "individual_ID": 21, "rank": 21, "number_of_nan": 17, "search_time": 7.0, "ancestors": [8, 6, 19, 10, 10, 0], "ancestor_ranks": [6, 9, 0, 0, 0, 1], "is_for_training": true, "weight_of_cost_no_call_goal_pre": 3.3587410899883343, "weight_of_cost_no_call_goal_post": 1.3519206446842875, "weight_of_cost_call_goal": 11.460889620738179, "weight_of_cost_call_goal_pre": 3.625181722666538, "weight_of_cost_call_goal_post": 1.4511645945761897}