{"group_ID": 0, "generation_ID": 14, "individual_ID": 16, "rank": 20, "number_of_nan": 16, "search_time": 2.3, "ancestors": [1, 4, 16, 12, 2, 3, 15, 16, 10, 0, 20, 19, 3], "ancestor_ranks": [4, 6, 2, 2, 3, 5, 6, 0, 0, 0, 9, 3, 6], "is_for_training": true, "weight_of_cost_no_call_goal_pre": 2.9116281187891557, "weight_of_cost_no_call_goal_post": 0.6063926403020364, "weight_of_cost_call_goal": 11.377795597754469, "weight_of_cost_call_goal_pre": 3.5127166241103795, "weight_of_cost_call_goal_post": 0.6510794667952441}