{"group_ID": 0, "generation_ID": 9, "individual_ID": 17, "rank": 20, "number_of_nan": 16, "search_time": 4.1, "ancestors": [0, 1, 3, 18, 4, 15, 0, 0], "ancestor_ranks": [1, 3, 8, 4, 5, 0, 0, 7], "is_for_training": true, "weight_of_cost_no_call_goal_pre": 2.9950670403896638, "weight_of_cost_no_call_goal_post": 1.3191890762026461, "weight_of_cost_call_goal": 11.069083175626252, "weight_of_cost_call_goal_pre": 3.4700062554815276, "weight_of_cost_call_goal_post": 1.3503859456187834}