{"group_ID": 0, "generation_ID": 12, "individual_ID": 20, "rank": 19, "number_of_nan": 17, "search_time": 1.4, "ancestors": [1, 4, 16, 12, 2, 3, 15, 16, 10, 0, 0], "ancestor_ranks": [4, 6, 2, 2, 3, 5, 6, 0, 0, 0, 0], "is_for_training": true, "weight_of_cost_no_call_goal_pre": 3.1012841709551573, "weight_of_cost_no_call_goal_post": 0.5504879199295409, "weight_of_cost_call_goal": 9.580210697535131, "weight_of_cost_call_goal_pre": 3.0604806382372476, "weight_of_cost_call_goal_post": 0.5639148724220208}