{"group_ID": 0, "generation_ID": 9, "individual_ID": 6, "rank": 11, "number_of_nan": 14, "search_time": 9.299999999999999, "ancestors": [0, 1, 3, 18, 4, 15, 20, 14], "ancestor_ranks": [1, 3, 8, 4, 5, 0, 4, 6], "is_for_training": true, "weight_of_cost_no_call_goal_pre": 3.509415808234802, "weight_of_cost_no_call_goal_post": 1.1628126781753156, "weight_of_cost_call_goal": 12.557330754942813, "weight_of_cost_call_goal_pre": 2.673296611045984, "weight_of_cost_call_goal_post": 0.827613543616514}