{"group_ID": 0, "generation_ID": 12, "individual_ID": 21, "rank": 21, "number_of_nan": 17, "search_time": 1.6, "ancestors": [1, 4, 16, 12, 2, 3, 15, 16, 20, 11, 1], "ancestor_ranks": [4, 6, 2, 2, 3, 5, 6, 0, 1, 1, 1], "is_for_training": true, "weight_of_cost_no_call_goal_pre": 2.604625584893156, "weight_of_cost_no_call_goal_post": 0.4756411319448486, "weight_of_cost_call_goal": 12.487309835838154, "weight_of_cost_call_goal_pre": 2.3044884943655735, "weight_of_cost_call_goal_post": 0.3923955623493405}