{"group_ID": 0, "generation_ID": 14, "individual_ID": 2, "rank": 5, "number_of_nan": 10, "search_time": 21.099999999999998, "ancestors": [1, 4, 16, 12, 2, 3, 15, 16, 20, 11, 1, 1, 14], "ancestor_ranks": [4, 6, 2, 2, 3, 5, 6, 0, 1, 1, 1, 4, 2], "is_for_training": true, "weight_of_cost_no_call_goal_pre": 2.7256538512640716, "weight_of_cost_no_call_goal_post": 0.4377924392997356, "weight_of_cost_call_goal": 12.151363220217911, "weight_of_cost_call_goal_pre": 3.2076975850218172, "weight_of_cost_call_goal_post": 0.4762795862248893}