{"group_ID": 0, "generation_ID": 21, "individual_ID": 15, "rank": 15, "number_of_nan": 12, "search_time": 8.0, "ancestors": [1, 4, 16, 12, 2, 3, 15, 16, 10, 0, 0, 10, 20, 0, 0, 2, 2, 12, 3, 5], "ancestor_ranks": [4, 6, 2, 2, 3, 5, 6, 0, 0, 0, 0, 0, 0, 0, 2, 2, 2, 3, 5, 5], "is_for_training": true, "weight_of_cost_no_call_goal_pre": 5.895314422474899, "weight_of_cost_no_call_goal_post": 0.47862134318753785, "weight_of_cost_call_goal": 10.190566116895834, "weight_of_cost_call_goal_pre": 5.074875468547566, "weight_of_cost_call_goal_post": 0.4253988462515367}