{"group_ID": 0, "generation_ID": 16, "individual_ID": 18, "rank": 13, "number_of_nan": 12, "search_time": 10.999999999999998, "ancestors": [1, 4, 16, 12, 2, 3, 15, 16, 10, 0, 0, 10, 20, 20, 12], "ancestor_ranks": [4, 6, 2, 2, 3, 5, 6, 0, 0, 0, 0, 0, 0, 2, 8], "is_for_training": true, "weight_of_cost_no_call_goal_pre": 5.14920247832986, "weight_of_cost_no_call_goal_post": 0.44224707345725595, "weight_of_cost_call_goal": 9.242301993645492, "weight_of_cost_call_goal_pre": 4.965804240333559, "weight_of_cost_call_goal_post": 0.47858851973239364}