{"group_ID": 0, "generation_ID": 17, "individual_ID": 15, "rank": 16, "number_of_nan": 15, "search_time": 6.3, "ancestors": [1, 4, 16, 12, 2, 3, 15, 16, 10, 0, 0, 10, 0, 1, 14, 3], "ancestor_ranks": [4, 6, 2, 2, 3, 5, 6, 0, 0, 0, 0, 0, 1, 4, 3, 5], "is_for_training": true, "weight_of_cost_no_call_goal_pre": 4.594230507273282, "weight_of_cost_no_call_goal_post": 0.5449468976482355, "weight_of_cost_call_goal": 12.839205243408756, "weight_of_cost_call_goal_pre": 5.400698202005948, "weight_of_cost_call_goal_post": 0.5374043694047251}