{"group_ID": 0, "generation_ID": 13, "individual_ID": 1, "rank": 4, "number_of_nan": 11, "search_time": 11.8, "ancestors": [1, 4, 16, 12, 2, 3, 15, 16, 10, 0, 0, 0], "ancestor_ranks": [4, 6, 2, 2, 3, 5, 6, 0, 0, 0, 0, 1], "is_for_training": true, "weight_of_cost_no_call_goal_pre": 4.175887004740558, "weight_of_cost_no_call_goal_post": 0.7279216948252462, "weight_of_cost_call_goal": 11.869477687014939, "weight_of_cost_call_goal_pre": 3.3917497895632436, "weight_of_cost_call_goal_post": 0.4883899810641099}