{"group_ID": 0, "generation_ID": 13, "individual_ID": 19, "rank": 18, "number_of_nan": 14, "search_time": 4.800000000000001, "ancestors": [1, 4, 16, 12, 2, 3, 15, 16, 0, 2, 3, 5], "ancestor_ranks": [4, 6, 2, 2, 3, 5, 6, 0, 2, 3, 5, 9], "is_for_training": true, "weight_of_cost_no_call_goal_pre": 4.058411301697785, "weight_of_cost_no_call_goal_post": 0.5959921884628633, "weight_of_cost_call_goal": 11.28603412963515, "weight_of_cost_call_goal_pre": 3.9552087553129343, "weight_of_cost_call_goal_post": 0.5748194818974603}