{"group_ID": 0, "generation_ID": 15, "individual_ID": 19, "rank": 20, "number_of_nan": 16, "search_time": 2.4, "ancestors": [1, 4, 16, 12, 2, 3, 15, 16, 10, 0, 20, 19, 3, 6], "ancestor_ranks": [4, 6, 2, 2, 3, 5, 6, 0, 0, 0, 9, 3, 6, 9], "is_for_training": true, "weight_of_cost_no_call_goal_pre": 3.225667722136141, "weight_of_cost_no_call_goal_post": 0.5458061943085444, "weight_of_cost_call_goal": 10.494873391264676, "weight_of_cost_call_goal_pre": 3.2880579210163403, "weight_of_cost_call_goal_post": 0.5381385899518005}