{"group_ID": 0, "generation_ID": 11, "individual_ID": 14, "rank": 21, "number_of_nan": 17, "search_time": 1.6, "ancestors": [8, 6, 19, 0, 1, 2, 4, 15, 13, 3], "ancestor_ranks": [6, 9, 0, 1, 2, 4, 5, 3, 3, 4], "is_for_training": true, "weight_of_cost_no_call_goal_pre": 2.378626487935042, "weight_of_cost_no_call_goal_post": 1.410966198949206, "weight_of_cost_call_goal": 9.662858969477655, "weight_of_cost_call_goal_pre": 1.9744103381421665, "weight_of_cost_call_goal_post": 1.337119752288585}