{"group_ID": 0, "generation_ID": 18, "individual_ID": 15, "rank": 14, "number_of_nan": 12, "search_time": 11.3, "ancestors": [1, 4, 16, 12, 2, 3, 15, 16, 10, 0, 0, 10, 0, 1, 14, 3, 5], "ancestor_ranks": [4, 6, 2, 2, 3, 5, 6, 0, 0, 0, 0, 0, 1, 4, 3, 5, 5], "is_for_training": true, "weight_of_cost_no_call_goal_pre": 3.64644617954329, "weight_of_cost_no_call_goal_post": 0.5668342811500666, "weight_of_cost_call_goal": 9.168419622881439, "weight_of_cost_call_goal_pre": 5.0625368160266175, "weight_of_cost_call_goal_post": 0.5256297174796606}