{"group_ID": 0, "generation_ID": 9, "individual_ID": 3, "rank": 7, "number_of_nan": 14, "search_time": 4.8, "ancestors": [8, 6, 19, 0, 1, 2, 4, 15], "ancestor_ranks": [6, 9, 0, 1, 2, 4, 5, 3], "is_for_training": true, "weight_of_cost_no_call_goal_pre": 3.2096183024414255, "weight_of_cost_no_call_goal_post": 1.0542265049878419, "weight_of_cost_call_goal": 9.206829450888785, "weight_of_cost_call_goal_pre": 2.8360091486450085, "weight_of_cost_call_goal_post": 1.4448999101625184}