{"group_ID": 0, "generation_ID": 13, "individual_ID": 3, "rank": 6, "number_of_nan": 11, "search_time": 14.1, "ancestors": [1, 4, 16, 12, 2, 3, 15, 16, 10, 0, 20, 19], "ancestor_ranks": [4, 6, 2, 2, 3, 5, 6, 0, 0, 0, 9, 3], "is_for_training": true, "weight_of_cost_no_call_goal_pre": 3.4788488283906744, "weight_of_cost_no_call_goal_post": 0.4380705922558205, "weight_of_cost_call_goal": 11.95053884393328, "weight_of_cost_call_goal_pre": 3.2431552613629266, "weight_of_cost_call_goal_post": 0.5931173392649524}