{"group_ID": 0, "generation_ID": 19, "individual_ID": 17, "rank": 17, "number_of_nan": 12, "search_time": 9.899999999999999, "ancestors": [1, 4, 16, 12, 2, 3, 15, 16, 20, 11, 1, 11, 15, 3, 16, 17, 4, 14], "ancestor_ranks": [4, 6, 2, 2, 3, 5, 6, 0, 1, 1, 1, 5, 3, 6, 7, 4, 4, 7], "is_for_training": true, "weight_of_cost_no_call_goal_pre": 3.067370450762162, "weight_of_cost_no_call_goal_post": 0.4209770071638188, "weight_of_cost_call_goal": 12.288946202876751, "weight_of_cost_call_goal_pre": 2.9347316422925718, "weight_of_cost_call_goal_post": 0.4086044789386194}