{"group_ID": 0, "generation_ID": 20, "individual_ID": 12, "rank": 14, "number_of_nan": 12, "search_time": 10.799999999999999, "ancestors": [1, 4, 16, 12, 2, 3, 15, 16, 10, 0, 0, 10, 0, 1, 14, 3, 5, 5, 18], "ancestor_ranks": [4, 6, 2, 2, 3, 5, 6, 0, 0, 0, 0, 0, 1, 4, 3, 5, 5, 8, 2], "is_for_training": true, "weight_of_cost_no_call_goal_pre": 4.414860312128058, "weight_of_cost_no_call_goal_post": 0.5419843376239241, "weight_of_cost_call_goal": 11.288392792188667, "weight_of_cost_call_goal_pre": 4.903952836474092, "weight_of_cost_call_goal_post": 0.5134605017625954}