{"group_ID": 0, "generation_ID": 15, "individual_ID": 2, "rank": 5, "number_of_nan": 10, "search_time": 18.900000000000002, "ancestors": [1, 4, 16, 12, 2, 3, 15, 16, 10, 0, 0, 10, 20, 20], "ancestor_ranks": [4, 6, 2, 2, 3, 5, 6, 0, 0, 0, 0, 0, 0, 2], "is_for_training": true, "weight_of_cost_no_call_goal_pre": 3.961622151170724, "weight_of_cost_no_call_goal_post": 0.41626230632900035, "weight_of_cost_call_goal": 11.117106061490816, "weight_of_cost_call_goal_pre": 4.421831514183824, "weight_of_cost_call_goal_post": 0.39240658521636085}