{"group_ID": 0, "generation_ID": 9, "individual_ID": 21, "rank": 15, "number_of_nan": 15, "search_time": 7.4, "ancestors": [1, 4, 16, 12, 2, 3, 5, 17], "ancestor_ranks": [4, 6, 2, 2, 3, 5, 7, 1], "is_for_training": true, "weight_of_cost_no_call_goal_pre": 4.162705339612063, "weight_of_cost_no_call_goal_post": 0.5167059448011035, "weight_of_cost_call_goal": 14.849646620128416, "weight_of_cost_call_goal_pre": 4.476005264413076, "weight_of_cost_call_goal_post": 0.6504809985130132}