{"group_ID": 0, "generation_ID": 19, "individual_ID": 13, "rank": 16, "number_of_nan": 11, "search_time": 15.9, "ancestors": [1, 4, 16, 12, 2, 3, 15, 16, 10, 0, 0, 10, 20, 0, 0, 2, 2, 12], "ancestor_ranks": [4, 6, 2, 2, 3, 5, 6, 0, 0, 0, 0, 0, 0, 0, 2, 2, 2, 3], "is_for_training": true, "weight_of_cost_no_call_goal_pre": 4.8616293588425625, "weight_of_cost_no_call_goal_post": 0.4523519427579283, "weight_of_cost_call_goal": 13.144759804487004, "weight_of_cost_call_goal_pre": 5.126202279302903, "weight_of_cost_call_goal_post": 0.35518316787517074}