{"group_ID": 0, "generation_ID": 4, "individual_ID": 13, "rank": 13, "number_of_nan": 16, "search_time": 7.499999999999999, "ancestors": [4, 0, 20], "ancestor_ranks": [0, 0, 3], "is_for_training": true, "weight_of_cost_no_call_goal_pre": 2.9617594338785835, "weight_of_cost_no_call_goal_post": 0.9592614153671082, "weight_of_cost_call_goal": 12.451035728166291, "weight_of_cost_call_goal_pre": 2.5456959549962614, "weight_of_cost_call_goal_post": 0.9101943867651537}