{"group_ID": 0, "generation_ID": 20, "individual_ID": 11, "rank": 13, "number_of_nan": 12, "search_time": 10.200000000000001, "ancestors": [1, 4, 16, 12, 2, 3, 15, 16, 10, 0, 0, 10, 20, 0, 20, 0, 0, 0, 0], "ancestor_ranks": [4, 6, 2, 2, 3, 5, 6, 0, 0, 0, 0, 0, 0, 0, 0, 0, 0, 0, 1], "is_for_training": true, "weight_of_cost_no_call_goal_pre": 4.84634986575212, "weight_of_cost_no_call_goal_post": 0.45391231271842497, "weight_of_cost_call_goal": 9.78975773844173, "weight_of_cost_call_goal_pre": 4.646831326430774, "weight_of_cost_call_goal_post": 0.6064035303978559}