{"group_ID": 0, "generation_ID": 9, "individual_ID": 19, "rank": 8, "number_of_nan": 14, "search_time": 4.9, "ancestors": [8, 6, 19, 10, 10, 0, 1, 11], "ancestor_ranks": [6, 9, 0, 0, 0, 1, 1, 9], "is_for_training": true, "weight_of_cost_no_call_goal_pre": 2.4326910963854154, "weight_of_cost_no_call_goal_post": 1.3070460754742754, "weight_of_cost_call_goal": 12.356210662499986, "weight_of_cost_call_goal_pre": 2.8871938208464547, "weight_of_cost_call_goal_post": 1.5298781297286088}