{"group_ID": 0, "generation_ID": 9, "individual_ID": 0, "rank": 2, "number_of_nan": 12, "search_time": 10.5, "ancestors": [1, 4, 16, 12, 2, 3, 15, 16], "ancestor_ranks": [4, 6, 2, 2, 3, 5, 6, 0], "is_for_training": true, "weight_of_cost_no_call_goal_pre": 3.4138369969185316, "weight_of_cost_no_call_goal_post": 0.6673617487384945, "weight_of_cost_call_goal": 12.199357845684395, "weight_of_cost_call_goal_pre": 3.648033807002491, "weight_of_cost_call_goal_post": 0.6101294918390143}