{"group_ID": 0, "generation_ID": 14, "individual_ID": 10, "rank": 15, "number_of_nan": 12, "search_time": 10.2, "ancestors": [1, 4, 16, 12, 2, 3, 15, 16, 10, 0, 0, 10, 20], "ancestor_ranks": [4, 6, 2, 2, 3, 5, 6, 0, 0, 0, 0, 0, 0], "is_for_training": true, "weight_of_cost_no_call_goal_pre": 3.77612564692509, "weight_of_cost_no_call_goal_post": 0.4381751934821174, "weight_of_cost_call_goal": 13.845789663339822, "weight_of_cost_call_goal_pre": 3.8295351725169016, "weight_of_cost_call_goal_post": 0.4798173727870928}