{"group_ID": 0, "generation_ID": 18, "individual_ID": 16, "rank": 17, "number_of_nan": 13, "search_time": 7.9, "ancestors": [1, 4, 16, 12, 2, 3, 15, 16, 0, 2, 13, 17, 2, 15, 1, 4, 6], "ancestor_ranks": [4, 6, 2, 2, 3, 5, 6, 0, 2, 3, 7, 2, 5, 1, 4, 6, 6], "is_for_training": true, "weight_of_cost_no_call_goal_pre": 3.358211000596041, "weight_of_cost_no_call_goal_post": 0.6701551854982546, "weight_of_cost_call_goal": 16.319395117360205, "weight_of_cost_call_goal_pre": 3.028637750102674, "weight_of_cost_call_goal_post": 0.8315180070748954}