{"group_ID": 0, "generation_ID": 16, "individual_ID": 8, "rank": 10, "number_of_nan": 10, "search_time": 20.5, "ancestors": [1, 4, 16, 12, 2, 3, 15, 16, 10, 0, 0, 10, 20, 20, 12], "ancestor_ranks": [4, 6, 2, 2, 3, 5, 6, 0, 0, 0, 0, 0, 0, 2, 8], "is_for_training": true, "weight_of_cost_no_call_goal_pre": 3.568749491810106, "weight_of_cost_no_call_goal_post": 0.4502710521180882, "weight_of_cost_call_goal": 10.300372607364878, "weight_of_cost_call_goal_pre": 4.967299852194901, "weight_of_cost_call_goal_post": 0.4440027353054885}