{"group_ID": 0, "generation_ID": 18, "individual_ID": 21, "rank": 16, "number_of_nan": 13, "search_time": 7.5, "ancestors": [1, 4, 16, 12, 2, 3, 15, 16, 10, 0, 0, 10, 20, 0, 10, 1, 1], "ancestor_ranks": [4, 6, 2, 2, 3, 5, 6, 0, 0, 0, 0, 0, 0, 0, 1, 1, 1], "is_for_training": true, "weight_of_cost_no_call_goal_pre": 5.631209763770791, "weight_of_cost_no_call_goal_post": 0.5689930412018778, "weight_of_cost_call_goal": 12.559773657322003, "weight_of_cost_call_goal_pre": 5.226559648406435, "weight_of_cost_call_goal_post": 0.5782280779531748}