{"group_ID": 0, "generation_ID": 10, "individual_ID": 19, "rank": 9, "number_of_nan": 13, "search_time": 8.3, "ancestors": [0, 21, 17, 1, 7, 19, 18, 18, 4], "ancestor_ranks": [1, 7, 1, 7, 9, 8, 8, 4, 9], "is_for_training": true, "weight_of_cost_no_call_goal_pre": 3.502141909638035, "weight_of_cost_no_call_goal_post": 1.1707996597918469, "weight_of_cost_call_goal": 14.39315404855612, "weight_of_cost_call_goal_pre": 2.58424377746272, "weight_of_cost_call_goal_post": 1.2587958055079715}