{"group_ID": 0, "generation_ID": 16, "individual_ID": 15, "rank": 14, "number_of_nan": 13, "search_time": 7.199999999999999, "ancestors": [1, 4, 16, 12, 2, 3, 15, 16, 10, 0, 0, 10, 20, 20, 2], "ancestor_ranks": [4, 6, 2, 2, 3, 5, 6, 0, 0, 0, 0, 0, 0, 2, 5], "is_for_training": true, "weight_of_cost_no_call_goal_pre": 5.138098539191833, "weight_of_cost_no_call_goal_post": 0.3759672756676695, "weight_of_cost_call_goal": 11.887395058174649, "weight_of_cost_call_goal_pre": 4.1775306068490154, "weight_of_cost_call_goal_post": 0.42262221495018054}