{"group_ID": 0, "generation_ID": 3, "individual_ID": 4, "rank": 9, "number_of_nan": 17, "search_time": 5.300000000000001, "ancestors": [3, 2], "ancestor_ranks": [2, 4], "is_for_training": true, "weight_of_cost_no_call_goal_pre": 2.834753587362877, "weight_of_cost_no_call_goal_post": 0.9918471124676117, "weight_of_cost_call_goal": 10.32735278015511, "weight_of_cost_call_goal_pre": 3.1400665579513882, "weight_of_cost_call_goal_post": 1.137545531096771}