{"group_ID": 0, "generation_ID": 18, "individual_ID": 10, "rank": 13, "number_of_nan": 11, "search_time": 16.5, "ancestors": [1, 4, 16, 12, 2, 3, 15, 16, 10, 0, 0, 10, 20, 0, 20, 0, 0], "ancestor_ranks": [4, 6, 2, 2, 3, 5, 6, 0, 0, 0, 0, 0, 0, 0, 0, 0, 0], "is_for_training": true, "weight_of_cost_no_call_goal_pre": 4.497051078740023, "weight_of_cost_no_call_goal_post": 0.6051810011023108, "weight_of_cost_call_goal": 11.621001725778335, "weight_of_cost_call_goal_pre": 4.779845425999322, "weight_of_cost_call_goal_post": 0.655839531845595}