{"group_ID": 0, "generation_ID": 11, "individual_ID": 6, "rank": 10, "number_of_nan": 12, "search_time": 11.899999999999999, "ancestors": [8, 6, 19, 0, 1, 2, 4, 15, 13, 13], "ancestor_ranks": [6, 9, 0, 1, 2, 4, 5, 3, 3, 6], "is_for_training": true, "weight_of_cost_no_call_goal_pre": 2.706692835081641, "weight_of_cost_no_call_goal_post": 1.1901703396193717, "weight_of_cost_call_goal": 8.874576004950317, "weight_of_cost_call_goal_pre": 2.4909739018707295, "weight_of_cost_call_goal_post": 1.4994074920257443}