{"group_ID": 0, "generation_ID": 17, "individual_ID": 13, "rank": 15, "number_of_nan": 15, "search_time": 2.7, "ancestors": [1, 4, 16, 12, 2, 3, 15, 16, 10, 0, 0, 10, 20, 0, 10, 11], "ancestor_ranks": [4, 6, 2, 2, 3, 5, 6, 0, 0, 0, 0, 0, 0, 0, 1, 3], "is_for_training": true, "weight_of_cost_no_call_goal_pre": 4.354141399666308, "weight_of_cost_no_call_goal_post": 0.4323824116075588, "weight_of_cost_call_goal": 11.582740803529855, "weight_of_cost_call_goal_pre": 3.654939012855208, "weight_of_cost_call_goal_post": 0.4451718017211124}