{"group_ID": 0, "generation_ID": 6, "individual_ID": 13, "rank": 20, "number_of_nan": 17, "search_time": 7.800000000000001, "ancestors": [1, 4, 16, 12, 2], "ancestor_ranks": [4, 6, 2, 2, 3], "is_for_training": true, "weight_of_cost_no_call_goal_pre": 4.0992547533522155, "weight_of_cost_no_call_goal_post": 0.7952414510399433, "weight_of_cost_call_goal": 13.564999802587527, "weight_of_cost_call_goal_pre": 3.3507156350156486, "weight_of_cost_call_goal_post": 0.5670848388080749}