{"group_ID": 0, "generation_ID": 14, "individual_ID": 5, "rank": 8, "number_of_nan": 11, "search_time": 13.6, "ancestors": [1, 4, 16, 12, 2, 3, 15, 16, 0, 2, 13, 17, 2], "ancestor_ranks": [4, 6, 2, 2, 3, 5, 6, 0, 2, 3, 7, 2, 5], "is_for_training": true, "weight_of_cost_no_call_goal_pre": 2.9759860537562863, "weight_of_cost_no_call_goal_post": 0.6347877055635557, "weight_of_cost_call_goal": 13.264491012644566, "weight_of_cost_call_goal_pre": 2.7215262670106326, "weight_of_cost_call_goal_post": 0.6544589995907095}