{"group_ID": 0, "generation_ID": 7, "individual_ID": 12, "rank": 15, "number_of_nan": 15, "search_time": 11.5, "ancestors": [8, 6, 19, 10, 0, 1], "ancestor_ranks": [6, 9, 0, 0, 1, 2], "is_for_training": true, "weight_of_cost_no_call_goal_pre": 2.805172129550469, "weight_of_cost_no_call_goal_post": 1.6751568058323019, "weight_of_cost_call_goal": 10.711455399847067, "weight_of_cost_call_goal_pre": 2.7206828127662916, "weight_of_cost_call_goal_post": 1.1650449343732585}