{"group_ID": 0, "generation_ID": 16, "individual_ID": 7, "rank": 9, "number_of_nan": 10, "search_time": 20.3, "ancestors": [1, 4, 16, 12, 2, 3, 15, 16, 20, 11, 1, 11, 15, 3, 16], "ancestor_ranks": [4, 6, 2, 2, 3, 5, 6, 0, 1, 1, 1, 5, 3, 6, 7], "is_for_training": true, "weight_of_cost_no_call_goal_pre": 2.33149819209928, "weight_of_cost_no_call_goal_post": 0.35125403019158835, "weight_of_cost_call_goal": 13.496877521481116, "weight_of_cost_call_goal_pre": 2.7960600045597466, "weight_of_cost_call_goal_post": 0.3335597368251595}