{"group_ID": 0, "generation_ID": 4, "individual_ID": 14, "rank": 12, "number_of_nan": 16, "search_time": 7.3999999999999995, "ancestors": [3, 2, 14], "ancestor_ranks": [2, 4, 4], "is_for_training": true, "weight_of_cost_no_call_goal_pre": 3.0926040110864843, "weight_of_cost_no_call_goal_post": 1.1252509186975472, "weight_of_cost_call_goal": 7.64852339629854, "weight_of_cost_call_goal_pre": 3.4703525936558135, "weight_of_cost_call_goal_post": 1.2117274996603908}