{"group_ID": 0, "generation_ID": 13, "individual_ID": 10, "rank": 15, "number_of_nan": 13, "search_time": 6.300000000000001, "ancestors": [1, 4, 16, 12, 2, 3, 15, 16, 10, 0, 0, 10], "ancestor_ranks": [4, 6, 2, 2, 3, 5, 6, 0, 0, 0, 0, 0], "is_for_training": true, "weight_of_cost_no_call_goal_pre": 3.865929381139911, "weight_of_cost_no_call_goal_post": 0.5751426680758964, "weight_of_cost_call_goal": 9.120785830277278, "weight_of_cost_call_goal_pre": 3.7443086555134495, "weight_of_cost_call_goal_post": 0.5096079503357454}