{"group_ID": 0, "generation_ID": 5, "individual_ID": 15, "rank": 14, "number_of_nan": 15, "search_time": 11.899999999999999, "ancestors": [0, 21, 17, 11], "ancestor_ranks": [1, 7, 1, 5], "is_for_training": true, "weight_of_cost_no_call_goal_pre": 3.980674760656223, "weight_of_cost_no_call_goal_post": 1.2378279313605118, "weight_of_cost_call_goal": 10.211367535438711, "weight_of_cost_call_goal_pre": 3.803159796348331, "weight_of_cost_call_goal_post": 1.7218862541822102}