{"group_ID": 0, "generation_ID": 16, "individual_ID": 13, "rank": 21, "number_of_nan": 16, "search_time": 2.6, "ancestors": [1, 4, 16, 12, 2, 3, 15, 16, 10, 0, 0, 10, 0, 1, 14], "ancestor_ranks": [4, 6, 2, 2, 3, 5, 6, 0, 0, 0, 0, 0, 1, 4, 3], "is_for_training": true, "weight_of_cost_no_call_goal_pre": 5.283032965971257, "weight_of_cost_no_call_goal_post": 0.5200950350057975, "weight_of_cost_call_goal": 11.61002847087724, "weight_of_cost_call_goal_pre": 4.869153208341338, "weight_of_cost_call_goal_post": 0.5756166419712322}