{"group_ID": 0, "generation_ID": 11, "individual_ID": 12, "rank": 20, "number_of_nan": 16, "search_time": 2.6, "ancestors": [1, 4, 16, 12, 2, 3, 15, 16, 20, 1], "ancestor_ranks": [4, 6, 2, 2, 3, 5, 6, 0, 1, 2], "is_for_training": true, "weight_of_cost_no_call_goal_pre": 2.6352466412423126, "weight_of_cost_no_call_goal_post": 0.5251395525738666, "weight_of_cost_call_goal": 12.078613491641, "weight_of_cost_call_goal_pre": 3.2125112591971563, "weight_of_cost_call_goal_post": 0.597780553939064}