{"group_ID": 0, "generation_ID": 6, "individual_ID": 10, "rank": 17, "number_of_nan": 15, "search_time": 11.6, "ancestors": [8, 6, 19, 10, 10], "ancestor_ranks": [6, 9, 0, 0, 0], "is_for_training": true, "weight_of_cost_no_call_goal_pre": 3.5606633763451394, "weight_of_cost_no_call_goal_post": 1.7189929579271814, "weight_of_cost_call_goal": 10.82266636737659, "weight_of_cost_call_goal_pre": 3.2214079340886537, "weight_of_cost_call_goal_post": 1.3615548752816222}