{"group_ID": 0, "generation_ID": 20, "individual_ID": 13, "rank": 21, "number_of_nan": 16, "search_time": 4.199999999999999, "ancestors": [1, 4, 16, 12, 2, 3, 15, 16, 10, 0, 0, 10, 20, 0, 10, 1, 1, 11, 1], "ancestor_ranks": [4, 6, 2, 2, 3, 5, 6, 0, 0, 0, 0, 0, 0, 0, 1, 1, 1, 1, 3], "is_for_training": true, "weight_of_cost_no_call_goal_pre": 4.321569310354095, "weight_of_cost_no_call_goal_post": 0.5425887683240785, "weight_of_cost_call_goal": 12.155142780247855, "weight_of_cost_call_goal_pre": 3.381412046265474, "weight_of_cost_call_goal_post": 0.5554850165805516}