{"group_ID": 0, "generation_ID": 19, "individual_ID": 14, "rank": 19, "number_of_nan": 15, "search_time": 3.0999999999999996, "ancestors": [1, 4, 16, 12, 2, 3, 15, 16, 10, 0, 0, 10, 20, 0, 0, 2, 2, 2], "ancestor_ranks": [4, 6, 2, 2, 3, 5, 6, 0, 0, 0, 0, 0, 0, 0, 2, 2, 2, 4], "is_for_training": true, "weight_of_cost_no_call_goal_pre": 4.079972154540169, "weight_of_cost_no_call_goal_post": 0.5073821444979145, "weight_of_cost_call_goal": 14.392287548450327, "weight_of_cost_call_goal_pre": 3.989408419645868, "weight_of_cost_call_goal_post": 0.5743494259013963}