{"group_ID": 0, "generation_ID": 18, "individual_ID": 13, "rank": 21, "number_of_nan": 17, "search_time": 1.9, "ancestors": [1, 4, 16, 12, 2, 3, 15, 16, 10, 0, 0, 10, 20, 0, 10, 11, 3], "ancestor_ranks": [4, 6, 2, 2, 3, 5, 6, 0, 0, 0, 0, 0, 0, 0, 1, 3, 3], "is_for_training": true, "weight_of_cost_no_call_goal_pre": 3.898282782776799, "weight_of_cost_no_call_goal_post": 0.37819327370567085, "weight_of_cost_call_goal": 13.243104788841343, "weight_of_cost_call_goal_pre": 4.5410337322106145, "weight_of_cost_call_goal_post": 0.3929540739028558}