{"group_ID": 0, "generation_ID": 13, "individual_ID": 6, "rank": 10, "number_of_nan": 11, "search_time": 16.9, "ancestors": [1, 4, 16, 12, 2, 3, 15, 16, 20, 11, 21, 2], "ancestor_ranks": [4, 6, 2, 2, 3, 5, 6, 0, 1, 1, 2, 6], "is_for_training": true, "weight_of_cost_no_call_goal_pre": 2.426021056944855, "weight_of_cost_no_call_goal_post": 0.5287734699378062, "weight_of_cost_call_goal": 10.032057230073729, "weight_of_cost_call_goal_pre": 3.035224081047018, "weight_of_cost_call_goal_post": 0.42295188504824693}