{"group_ID": 0, "generation_ID": 19, "individual_ID": 10, "rank": 12, "number_of_nan": 10, "search_time": 17.8, "ancestors": [1, 4, 16, 12, 2, 3, 15, 16, 10, 0, 0, 10, 20, 0, 20, 0, 0, 0], "ancestor_ranks": [4, 6, 2, 2, 3, 5, 6, 0, 0, 0, 0, 0, 0, 0, 0, 0, 0, 0], "is_for_training": true, "weight_of_cost_no_call_goal_pre": 3.6074619485812476, "weight_of_cost_no_call_goal_post": 0.5355750075295227, "weight_of_cost_call_goal": 8.310910604923878, "weight_of_cost_call_goal_pre": 3.8023073629127615, "weight_of_cost_call_goal_post": 0.5541299085302045}