{"group_ID": 0, "generation_ID": 14, "individual_ID": 11, "rank": 12, "number_of_nan": 11, "search_time": 16.0, "ancestors": [1, 4, 16, 12, 2, 3, 15, 16, 10, 0, 0, 10, 0], "ancestor_ranks": [4, 6, 2, 2, 3, 5, 6, 0, 0, 0, 0, 0, 1], "is_for_training": true, "weight_of_cost_no_call_goal_pre": 4.265753472182853, "weight_of_cost_no_call_goal_post": 0.46563335807121203, "weight_of_cost_call_goal": 11.315087316121417, "weight_of_cost_call_goal_pre": 4.4166072640111045, "weight_of_cost_call_goal_post": 0.46458668983351714}