{"group_ID": 0, "generation_ID": 9, "individual_ID": 12, "rank": 19, "number_of_nan": 16, "search_time": 2.0, "ancestors": [8, 6, 19, 10, 10, 0, 1, 21], "ancestor_ranks": [6, 9, 0, 0, 0, 1, 1, 2], "is_for_training": true, "weight_of_cost_no_call_goal_pre": 2.8170260576315838, "weight_of_cost_no_call_goal_post": 1.2925097691244642, "weight_of_cost_call_goal": 10.69566932821277, "weight_of_cost_call_goal_pre": 3.515809149001854, "weight_of_cost_call_goal_post": 1.6350364522766192}