{"group_ID": 0, "generation_ID": 11, "individual_ID": 18, "rank": 14, "number_of_nan": 13, "search_time": 8.9, "ancestors": [8, 6, 19, 10, 10, 0, 1, 21, 2, 6], "ancestor_ranks": [6, 9, 0, 0, 0, 1, 1, 2, 6, 8], "is_for_training": true, "weight_of_cost_no_call_goal_pre": 3.0118138886023997, "weight_of_cost_no_call_goal_post": 1.3048530732562003, "weight_of_cost_call_goal": 11.344039864043905, "weight_of_cost_call_goal_pre": 3.1642135602651966, "weight_of_cost_call_goal_post": 1.4111523451176338}