{"group_ID": 0, "generation_ID": 5, "individual_ID": 10, "rank": 0, "number_of_nan": 23, "search_time": 31.299999999999997, "ancestors": [8, 6, 19, 10], "ancestor_ranks": [6, 9, 0, 0], "is_for_training": false, "weight_of_cost_no_call_goal_pre": 3.3863904530146107, "weight_of_cost_no_call_goal_post": 1.2485261788095166, "weight_of_cost_call_goal": 10.98918116733422, "weight_of_cost_call_goal_pre": 3.2657896057889766, "weight_of_cost_call_goal_post": 1.6725432817246555}