{"group_ID": 0, "generation_ID": 17, "individual_ID": 10, "rank": 13, "number_of_nan": 13, "search_time": 5.4, "ancestors": [1, 4, 16, 12, 2, 3, 15, 16, 10, 0, 0, 10, 20, 0, 20, 0], "ancestor_ranks": [4, 6, 2, 2, 3, 5, 6, 0, 0, 0, 0, 0, 0, 0, 0, 0], "is_for_training": true, "weight_of_cost_no_call_goal_pre": 4.4164683044765365, "weight_of_cost_no_call_goal_post": 0.571125411243408, "weight_of_cost_call_goal": 10.54837643851145, "weight_of_cost_call_goal_pre": 4.207630202954473, "weight_of_cost_call_goal_post": 0.5004911075949392}