{"group_ID": 0, "generation_ID": 8, "individual_ID": 13, "rank": 10, "number_of_nan": 15, "search_time": 9.7, "ancestors": [8, 6, 19, 10, 0, 21, 3], "ancestor_ranks": [6, 9, 0, 0, 1, 3, 3], "is_for_training": true, "weight_of_cost_no_call_goal_pre": 3.4535648914201635, "weight_of_cost_no_call_goal_post": 1.7867325924054471, "weight_of_cost_call_goal": 7.459176902092286, "weight_of_cost_call_goal_pre": 3.0316187408477226, "weight_of_cost_call_goal_post": 1.8701246184885196}