{"group_ID": 0, "generation_ID": 17, "individual_ID": 3, "rank": 3, "number_of_nan": 10, "search_time": 12.799999999999999, "ancestors": [1, 4, 16, 12, 2, 3, 15, 16, 10, 0, 0, 10, 20, 0, 10, 11], "ancestor_ranks": [4, 6, 2, 2, 3, 5, 6, 0, 0, 0, 0, 0, 0, 0, 1, 3], "is_for_training": true, "weight_of_cost_no_call_goal_pre": 4.9173722215965014, "weight_of_cost_no_call_goal_post": 0.5675272234326466, "weight_of_cost_call_goal": 13.273718947468046, "weight_of_cost_call_goal_pre": 3.8849204420569556, "weight_of_cost_call_goal_post": 0.40847841527663487}