{"group_ID": 0, "generation_ID": 9, "individual_ID": 16, "rank": 18, "number_of_nan": 16, "search_time": 1.8, "ancestors": [0, 1, 3, 18, 4, 15, 20, 14], "ancestor_ranks": [1, 3, 8, 4, 5, 0, 4, 6], "is_for_training": true, "weight_of_cost_no_call_goal_pre": 2.639994081934921, "weight_of_cost_no_call_goal_post": 0.697405411986498, "weight_of_cost_call_goal": 15.025759157821684, "weight_of_cost_call_goal_pre": 2.6164583442630027, "weight_of_cost_call_goal_post": 0.7115338051767532}