{"group_ID": 0, "generation_ID": 21, "individual_ID": 13, "rank": 18, "number_of_nan": 14, "search_time": 4.7, "ancestors": [1, 4, 16, 12, 2, 3, 15, 16, 10, 0, 0, 10, 20, 0, 10, 1, 1, 11, 1, 3], "ancestor_ranks": [4, 6, 2, 2, 3, 5, 6, 0, 0, 0, 0, 0, 0, 0, 1, 1, 1, 1, 3, 3], "is_for_training": true, "weight_of_cost_no_call_goal_pre": 3.5390920495964364, "weight_of_cost_no_call_goal_post": 0.5238723855370208, "weight_of_cost_call_goal": 13.009302368243532, "weight_of_cost_call_goal_pre": 3.446851451302681, "weight_of_cost_call_goal_post": 0.6156205817895485}