{"group_ID": 0, "generation_ID": 15, "individual_ID": 4, "rank": 9, "number_of_nan": 10, "search_time": 20.500000000000004, "ancestors": [1, 4, 16, 12, 2, 3, 15, 16, 10, 0, 0, 10, 0, 1], "ancestor_ranks": [4, 6, 2, 2, 3, 5, 6, 0, 0, 0, 0, 0, 1, 4], "is_for_training": true, "weight_of_cost_no_call_goal_pre": 2.926703254462538, "weight_of_cost_no_call_goal_post": 0.4981647042936431, "weight_of_cost_call_goal": 10.663803632676222, "weight_of_cost_call_goal_pre": 3.9862875009698673, "weight_of_cost_call_goal_post": 0.5048880009120437}