{"group_ID": 0, "generation_ID": 11, "individual_ID": 5, "rank": 8, "number_of_nan": 12, "search_time": 11.1, "ancestors": [1, 4, 16, 12, 2, 3, 5, 17, 1, 4], "ancestor_ranks": [4, 6, 2, 2, 3, 5, 7, 1, 4, 5], "is_for_training": true, "weight_of_cost_no_call_goal_pre": 3.308702862994199, "weight_of_cost_no_call_goal_post": 0.5817384958434942, "weight_of_cost_call_goal": 15.298491763574093, "weight_of_cost_call_goal_pre": 3.7471707237168776, "weight_of_cost_call_goal_post": 0.5534146553572968}