{"group_ID": 0, "generation_ID": 17, "individual_ID": 16, "rank": 17, "number_of_nan": 15, "search_time": 6.4, "ancestors": [1, 4, 16, 12, 2, 3, 15, 16, 0, 2, 13, 17, 2, 15, 1, 4], "ancestor_ranks": [4, 6, 2, 2, 3, 5, 6, 0, 2, 3, 7, 2, 5, 1, 4, 6], "is_for_training": true, "weight_of_cost_no_call_goal_pre": 2.934933100901048, "weight_of_cost_no_call_goal_post": 0.6470910330085988, "weight_of_cost_call_goal": 17.334157660868588, "weight_of_cost_call_goal_pre": 2.632452970706538, "weight_of_cost_call_goal_post": 0.8619472347134439}