{"group_ID": 0, "generation_ID": 12, "individual_ID": 14, "rank": 17, "number_of_nan": 13, "search_time": 9.9, "ancestors": [1, 4, 16, 12, 2, 3, 5, 17, 1, 4, 15], "ancestor_ranks": [4, 6, 2, 2, 3, 5, 7, 1, 4, 5, 4], "is_for_training": true, "weight_of_cost_no_call_goal_pre": 3.2613406551419355, "weight_of_cost_no_call_goal_post": 0.5466851584227878, "weight_of_cost_call_goal": 15.56951007313478, "weight_of_cost_call_goal_pre": 3.440948646641772, "weight_of_cost_call_goal_post": 0.5063449216225844}