{"group_ID": 0, "generation_ID": 20, "individual_ID": 18, "rank": 9, "number_of_nan": 10, "search_time": 15.9, "ancestors": [1, 4, 16, 12, 2, 3, 15, 16, 10, 0, 0, 10, 20, 0, 10, 1, 1, 11, 21], "ancestor_ranks": [4, 6, 2, 2, 3, 5, 6, 0, 0, 0, 0, 0, 0, 0, 1, 1, 1, 1, 8], "is_for_training": true, "weight_of_cost_no_call_goal_pre": 4.269722866523857, "weight_of_cost_no_call_goal_post": 0.49744513290416553, "weight_of_cost_call_goal": 15.470429318371934, "weight_of_cost_call_goal_pre": 4.5562118979637845, "weight_of_cost_call_goal_post": 0.5367990773539475}