{"group_ID": 0, "generation_ID": 20, "individual_ID": 21, "rank": 20, "number_of_nan": 16, "search_time": 1.9000000000000001, "ancestors": [1, 4, 16, 12, 2, 3, 15, 16, 10, 0, 0, 10, 20, 0, 20, 0, 0, 0, 0], "ancestor_ranks": [4, 6, 2, 2, 3, 5, 6, 0, 0, 0, 0, 0, 0, 0, 0, 0, 0, 0, 1], "is_for_training": true, "weight_of_cost_no_call_goal_pre": 5.382342164264962, "weight_of_cost_no_call_goal_post": 0.4870239172634823, "weight_of_cost_call_goal": 12.217433958103747, "weight_of_cost_call_goal_pre": 4.288755274017638, "weight_of_cost_call_goal_post": 0.4789608539729736}