{"group_ID": 0, "generation_ID": 21, "individual_ID": 20, "rank": 10, "number_of_nan": 10, "search_time": 14.700000000000001, "ancestors": [1, 4, 16, 12, 2, 3, 15, 16, 10, 0, 0, 10, 20, 0, 20, 0, 0, 0, 20, 0], "ancestor_ranks": [4, 6, 2, 2, 3, 5, 6, 0, 0, 0, 0, 0, 0, 0, 0, 0, 0, 0, 0, 0], "is_for_training": true, "weight_of_cost_no_call_goal_pre": 4.191882486132235, "weight_of_cost_no_call_goal_post": 0.46088263697930437, "weight_of_cost_call_goal": 9.229890487366418, "weight_of_cost_call_goal_pre": 3.2598323667717803, "weight_of_cost_call_goal_post": 0.5078642450843304}