{"group_ID": 0, "generation_ID": 12, "individual_ID": 18, "rank": 16, "number_of_nan": 13, "search_time": 8.899999999999999, "ancestors": [1, 4, 16, 12, 2, 3, 5, 17, 1, 4, 5], "ancestor_ranks": [4, 6, 2, 2, 3, 5, 7, 1, 4, 5, 8], "is_for_training": true, "weight_of_cost_no_call_goal_pre": 3.0129866003876558, "weight_of_cost_no_call_goal_post": 0.6331855335307501, "weight_of_cost_call_goal": 14.56147859076925, "weight_of_cost_call_goal_pre": 3.723660107021913, "weight_of_cost_call_goal_post": 0.6098620767610918}