{"group_ID": 0, "generation_ID": 7, "individual_ID": 19, "rank": 14, "number_of_nan": 15, "search_time": 10.899999999999999, "ancestors": [8, 6, 19, 10, 10, 20], "ancestor_ranks": [6, 9, 0, 0, 0, 9], "is_for_training": true, "weight_of_cost_no_call_goal_pre": 2.831860966038766, "weight_of_cost_no_call_goal_post": 1.2438626565105775, "weight_of_cost_call_goal": 12.744492481488145, "weight_of_cost_call_goal_pre": 3.228868964781233, "weight_of_cost_call_goal_post": 1.522905623422413}