{"group_ID": 0, "generation_ID": 20, "individual_ID": 20, "rank": 17, "number_of_nan": 15, "search_time": 2.3000000000000003, "ancestors": [1, 4, 16, 12, 2, 3, 15, 16, 10, 0, 0, 10, 20, 0, 20, 0, 0, 0, 20], "ancestor_ranks": [4, 6, 2, 2, 3, 5, 6, 0, 0, 0, 0, 0, 0, 0, 0, 0, 0, 0, 0], "is_for_training": true, "weight_of_cost_no_call_goal_pre": 3.0480956950562472, "weight_of_cost_no_call_goal_post": 0.5317872579236697, "weight_of_cost_call_goal": 10.42556586746201, "weight_of_cost_call_goal_pre": 3.4702259967803033, "weight_of_cost_call_goal_post": 0.474649466974366}