{"group_ID": 0, "generation_ID": 13, "individual_ID": 17, "rank": 17, "number_of_nan": 14, "search_time": 4.4, "ancestors": [1, 4, 16, 12, 2, 3, 15, 16, 20, 1, 2, 3], "ancestor_ranks": [4, 6, 2, 2, 3, 5, 6, 0, 1, 2, 3, 7], "is_for_training": true, "weight_of_cost_no_call_goal_pre": 3.0303911198016, "weight_of_cost_no_call_goal_post": 0.6573328660662229, "weight_of_cost_call_goal": 13.458797576033247, "weight_of_cost_call_goal_pre": 2.5764172382264046, "weight_of_cost_call_goal_post": 0.45495711338818023}