{"group_ID": 0, "generation_ID": 21, "individual_ID": 17, "rank": 20, "number_of_nan": 16, "search_time": 3.6999999999999997, "ancestors": [1, 4, 16, 12, 2, 3, 15, 16, 10, 0, 0, 10, 20, 0, 10, 11, 3, 3, 5, 7], "ancestor_ranks": [4, 6, 2, 2, 3, 5, 6, 0, 0, 0, 0, 0, 0, 0, 1, 3, 3, 5, 7, 7], "is_for_training": true, "weight_of_cost_no_call_goal_pre": 3.6184827018548877, "weight_of_cost_no_call_goal_post": 0.41778554305837606, "weight_of_cost_call_goal": 15.333769128382658, "weight_of_cost_call_goal_pre": 3.151318752443978, "weight_of_cost_call_goal_post": 0.4835258578845497}