{"group_ID": 0, "generation_ID": 8, "individual_ID": 18, "rank": 4, "number_of_nan": 14, "search_time": 6.0, "ancestors": [0, 21, 17, 1, 7, 19, 18], "ancestor_ranks": [1, 7, 1, 7, 9, 8, 8], "is_for_training": true, "weight_of_cost_no_call_goal_pre": 2.901170099076928, "weight_of_cost_no_call_goal_post": 1.0161374741298579, "weight_of_cost_call_goal": 13.139236678367263, "weight_of_cost_call_goal_pre": 3.020246863275519, "weight_of_cost_call_goal_post": 1.1961874329571838}