{"group_ID": 0, "generation_ID": 16, "individual_ID": 14, "rank": 12, "number_of_nan": 11, "search_time": 14.299999999999999, "ancestors": [1, 4, 16, 12, 2, 3, 15, 16, 0, 2, 13, 17, 2, 15, 1], "ancestor_ranks": [4, 6, 2, 2, 3, 5, 6, 0, 2, 3, 7, 2, 5, 1, 4], "is_for_training": true, "weight_of_cost_no_call_goal_pre": 3.253691022075009, "weight_of_cost_no_call_goal_post": 0.7652027043588189, "weight_of_cost_call_goal": 12.658414705205502, "weight_of_cost_call_goal_pre": 2.84055397074688, "weight_of_cost_call_goal_post": 0.8660302887418291}