{"group_ID": 0, "generation_ID": 18, "individual_ID": 18, "rank": 18, "number_of_nan": 13, "search_time": 9.7, "ancestors": [1, 4, 16, 12, 2, 3, 15, 16, 20, 11, 1, 11, 5, 19, 3, 6, 8], "ancestor_ranks": [4, 6, 2, 2, 3, 5, 6, 0, 1, 1, 1, 5, 9, 3, 6, 8, 8], "is_for_training": true, "weight_of_cost_no_call_goal_pre": 2.3737518002855937, "weight_of_cost_no_call_goal_post": 0.3803791054889526, "weight_of_cost_call_goal": 13.528624428901738, "weight_of_cost_call_goal_pre": 2.8828620120774207, "weight_of_cost_call_goal_post": 0.37506235434020124}