{"group_ID": 0, "generation_ID": 2, "individual_ID": 1, "rank": 3, "number_of_nan": 17, "search_time": 5.300000000000001, "ancestors": [0], "ancestor_ranks": [1], "is_for_training": true, "weight_of_cost_no_call_goal_pre": 3.147883882268168, "weight_of_cost_no_call_goal_post": 1.0039252484801429, "weight_of_cost_call_goal": 10.861136817769445, "weight_of_cost_call_goal_pre": 3.490333049971837, "weight_of_cost_call_goal_post": 1.0170873120755473}