{"group_ID": 0, "generation_ID": 15, "individual_ID": 21, "rank": 21, "number_of_nan": 16, "search_time": 4.5, "ancestors": [1, 4, 16, 12, 2, 3, 15, 16, 0, 2, 13, 17, 2, 15], "ancestor_ranks": [4, 6, 2, 2, 3, 5, 6, 0, 2, 3, 7, 2, 5, 1], "is_for_training": true, "weight_of_cost_no_call_goal_pre": 3.158331703454346, "weight_of_cost_no_call_goal_post": 0.8626259704692392, "weight_of_cost_call_goal": 16.102222532928792, "weight_of_cost_call_goal_pre": 3.366664231575137, "weight_of_cost_call_goal_post": 0.8828210869432458}