{"group_ID": 0, "generation_ID": 13, "individual_ID": 21, "rank": 21, "number_of_nan": 16, "search_time": 5.199999999999999, "ancestors": [1, 4, 16, 12, 2, 3, 15, 16, 10, 0, 0, 0], "ancestor_ranks": [4, 6, 2, 2, 3, 5, 6, 0, 0, 0, 0, 1], "is_for_training": true, "weight_of_cost_no_call_goal_pre": 3.582115265254696, "weight_of_cost_no_call_goal_post": 0.4549579969425822, "weight_of_cost_call_goal": 9.720930865137342, "weight_of_cost_call_goal_pre": 4.064302037710713, "weight_of_cost_call_goal_post": 0.4766294907566357}