{"group_ID": 0, "generation_ID": 8, "individual_ID": 3, "rank": 12, "number_of_nan": 15, "search_time": 9.9, "ancestors": [8, 6, 19, 10, 0, 21, 3], "ancestor_ranks": [6, 9, 0, 0, 1, 3, 3], "is_for_training": true, "weight_of_cost_no_call_goal_pre": 3.245016293826854, "weight_of_cost_no_call_goal_post": 1.2616551668328602, "weight_of_cost_call_goal": 8.582034436188335, "weight_of_cost_call_goal_pre": 3.1428187269299355, "weight_of_cost_call_goal_post": 1.6549349041477703}