{"group_ID": 0, "generation_ID": 9, "individual_ID": 14, "rank": 5, "number_of_nan": 13, "search_time": 7.4, "ancestors": [0, 21, 17, 1, 7, 19, 18, 18], "ancestor_ranks": [1, 7, 1, 7, 9, 8, 8, 4], "is_for_training": true, "weight_of_cost_no_call_goal_pre": 3.5581314762118126, "weight_of_cost_no_call_goal_post": 0.9575318418296164, "weight_of_cost_call_goal": 11.729573952772054, "weight_of_cost_call_goal_pre": 2.796415144597861, "weight_of_cost_call_goal_post": 1.0298288871470664}