{"group_ID": 0, "generation_ID": 18, "individual_ID": 20, "rank": 19, "number_of_nan": 16, "search_time": 1.9000000000000001, "ancestors": [1, 4, 16, 12, 2, 3, 15, 16, 10, 0, 0, 10, 20, 0, 20, 0, 0], "ancestor_ranks": [4, 6, 2, 2, 3, 5, 6, 0, 0, 0, 0, 0, 0, 0, 0, 0, 0], "is_for_training": true, "weight_of_cost_no_call_goal_pre": 3.953418660686785, "weight_of_cost_no_call_goal_post": 0.5451556717414047, "weight_of_cost_call_goal": 12.246877878515166, "weight_of_cost_call_goal_pre": 3.945699998238171, "weight_of_cost_call_goal_post": 0.5113062111190516}