{"group_ID": 0, "generation_ID": 16, "individual_ID": 1, "rank": 1, "number_of_nan": 9, "search_time": 20.6, "ancestors": [1, 4, 16, 12, 2, 3, 15, 16, 10, 0, 0, 10, 20, 0, 10], "ancestor_ranks": [4, 6, 2, 2, 3, 5, 6, 0, 0, 0, 0, 0, 0, 0, 1], "is_for_training": true, "weight_of_cost_no_call_goal_pre": 5.1746810433346795, "weight_of_cost_no_call_goal_post": 0.4412254548220542, "weight_of_cost_call_goal": 13.613072657085334, "weight_of_cost_call_goal_pre": 4.7223678258293385, "weight_of_cost_call_goal_post": 0.48317519378282375}