{"group_ID": 0, "generation_ID": 14, "individual_ID": 3, "rank": 6, "number_of_nan": 10, "search_time": 21.7, "ancestors": [1, 4, 16, 12, 2, 3, 15, 16, 20, 11, 1, 11, 15], "ancestor_ranks": [4, 6, 2, 2, 3, 5, 6, 0, 1, 1, 1, 5, 3], "is_for_training": true, "weight_of_cost_no_call_goal_pre": 2.4238586809585754, "weight_of_cost_no_call_goal_post": 0.3272456928184106, "weight_of_cost_call_goal": 13.985470284364103, "weight_of_cost_call_goal_pre": 2.5688149397186417, "weight_of_cost_call_goal_post": 0.3497922643569069}