{"group_ID": 0, "generation_ID": 13, "individual_ID": 12, "rank": 14, "number_of_nan": 12, "search_time": 11.5, "ancestors": [1, 4, 16, 12, 2, 3, 15, 16, 0, 2, 13, 17], "ancestor_ranks": [4, 6, 2, 2, 3, 5, 6, 0, 2, 3, 7, 2], "is_for_training": true, "weight_of_cost_no_call_goal_pre": 2.4151892909160813, "weight_of_cost_no_call_goal_post": 0.6980425041409266, "weight_of_cost_call_goal": 11.165825811257205, "weight_of_cost_call_goal_pre": 2.6814907354060695, "weight_of_cost_call_goal_post": 0.7304627931397081}