{"group_ID": 0, "generation_ID": 8, "individual_ID": 20, "rank": 5, "number_of_nan": 14, "search_time": 7.200000000000001, "ancestors": [0, 1, 3, 18, 4, 15, 0], "ancestor_ranks": [1, 3, 8, 4, 5, 0, 0], "is_for_training": true, "weight_of_cost_no_call_goal_pre": 3.315200713077972, "weight_of_cost_no_call_goal_post": 0.972904733239874, "weight_of_cost_call_goal": 9.325763666953991, "weight_of_cost_call_goal_pre": 3.0310327134598274, "weight_of_cost_call_goal_post": 1.3120403132535734}