{"group_ID": 0, "generation_ID": 4, "individual_ID": 3, "rank": 10, "number_of_nan": 16, "search_time": 6.1000000000000005, "ancestors": [4, 0, 20], "ancestor_ranks": [0, 0, 3], "is_for_training": true, "weight_of_cost_no_call_goal_pre": 3.05467328030556, "weight_of_cost_no_call_goal_post": 0.7550768914357472, "weight_of_cost_call_goal": 10.683547657003453, "weight_of_cost_call_goal_pre": 2.6397709114023096, "weight_of_cost_call_goal_post": 0.8879358306239252}