{"group_ID": 0, "generation_ID": 16, "individual_ID": 16, "rank": 15, "number_of_nan": 14, "search_time": 5.6, "ancestors": [1, 4, 16, 12, 2, 3, 15, 16, 20, 11, 1, 11, 5, 19, 3], "ancestor_ranks": [4, 6, 2, 2, 3, 5, 6, 0, 1, 1, 1, 5, 9, 3, 6], "is_for_training": true, "weight_of_cost_no_call_goal_pre": 2.4175456996900824, "weight_of_cost_no_call_goal_post": 0.3519205207098292, "weight_of_cost_call_goal": 10.800139462284534, "weight_of_cost_call_goal_pre": 2.7863884792351667, "weight_of_cost_call_goal_post": 0.3510336080637213}