{"group_ID": 0, "generation_ID": 11, "individual_ID": 10, "rank": 19, "number_of_nan": 15, "search_time": 7.8999999999999995, "ancestors": [1, 4, 16, 12, 2, 3, 15, 16, 10, 0], "ancestor_ranks": [4, 6, 2, 2, 3, 5, 6, 0, 0, 0], "is_for_training": true, "weight_of_cost_no_call_goal_pre": 3.068178494732906, "weight_of_cost_no_call_goal_post": 0.4140842145369612, "weight_of_cost_call_goal": 10.215904961745059, "weight_of_cost_call_goal_pre": 3.1395821739526215, "weight_of_cost_call_goal_post": 0.5161102107663298}