{"group_ID": 0, "generation_ID": 16, "individual_ID": 19, "rank": 19, "number_of_nan": 15, "search_time": 3.3, "ancestors": [1, 4, 16, 12, 2, 3, 15, 16, 10, 0, 0, 10, 0, 1, 4], "ancestor_ranks": [4, 6, 2, 2, 3, 5, 6, 0, 0, 0, 0, 0, 1, 4, 9], "is_for_training": true, "weight_of_cost_no_call_goal_pre": 4.144429470268566, "weight_of_cost_no_call_goal_post": 0.4855709284310701, "weight_of_cost_call_goal": 10.912354379772518, "weight_of_cost_call_goal_pre": 4.410866226363815, "weight_of_cost_call_goal_post": 0.40632608580299423}