{"group_ID": 0, "generation_ID": 19, "individual_ID": 3, "rank": 5, "number_of_nan": 9, "search_time": 22.9, "ancestors": [1, 4, 16, 12, 2, 3, 15, 16, 10, 0, 0, 10, 20, 0, 0, 2, 2, 12], "ancestor_ranks": [4, 6, 2, 2, 3, 5, 6, 0, 0, 0, 0, 0, 0, 0, 2, 2, 2, 3], "is_for_training": true, "weight_of_cost_no_call_goal_pre": 3.985167655977786, "weight_of_cost_no_call_goal_post": 0.5358571202850675, "weight_of_cost_call_goal": 11.668957274593904, "weight_of_cost_call_goal_pre": 5.467368099056522, "weight_of_cost_call_goal_post": 0.42561848165221644}