{"group_ID": 0, "generation_ID": 15, "individual_ID": 17, "rank": 17, "number_of_nan": 15, "search_time": 3.0, "ancestors": [1, 4, 16, 12, 2, 3, 15, 16, 10, 0, 0, 0, 1, 4], "ancestor_ranks": [4, 6, 2, 2, 3, 5, 6, 0, 0, 0, 0, 1, 4, 7], "is_for_training": true, "weight_of_cost_no_call_goal_pre": 3.673836393462381, "weight_of_cost_no_call_goal_post": 0.5225275480934318, "weight_of_cost_call_goal": 9.639221846827711, "weight_of_cost_call_goal_pre": 3.613860672203181, "weight_of_cost_call_goal_post": 0.5760291292575441}