{"group_ID": 0, "generation_ID": 21, "individual_ID": 18, "rank": 9, "number_of_nan": 10, "search_time": 13.600000000000001, "ancestors": [1, 4, 16, 12, 2, 3, 15, 16, 10, 0, 0, 10, 20, 0, 10, 1, 1, 11, 21, 8], "ancestor_ranks": [4, 6, 2, 2, 3, 5, 6, 0, 0, 0, 0, 0, 0, 0, 1, 1, 1, 1, 8, 8], "is_for_training": true, "weight_of_cost_no_call_goal_pre": 5.0710277094329586, "weight_of_cost_no_call_goal_post": 0.4599400243044619, "weight_of_cost_call_goal": 15.46837859981445, "weight_of_cost_call_goal_pre": 3.87084752530728, "weight_of_cost_call_goal_post": 0.5210498619587638}