{"group_ID": 0, "generation_ID": 14, "individual_ID": 0, "rank": 0, "number_of_nan": 11, "search_time": 37.0, "ancestors": [1, 4, 16, 12, 2, 3, 15, 16, 10, 0, 0, 10, 20], "ancestor_ranks": [4, 6, 2, 2, 3, 5, 6, 0, 0, 0, 0, 0, 0], "is_for_training": false, "weight_of_cost_no_call_goal_pre": 3.9515015430224825, "weight_of_cost_no_call_goal_post": 0.544919020523649, "weight_of_cost_call_goal": 12.194266177999696, "weight_of_cost_call_goal_pre": 4.7054332664683125, "weight_of_cost_call_goal_post": 0.48942737391768903}