{"group_ID": 0, "generation_ID": 19, "individual_ID": 19, "rank": 15, "number_of_nan": 11, "search_time": 13.7, "ancestors": [1, 4, 16, 12, 2, 3, 15, 16, 0, 2, 13, 17, 2, 15, 1, 4, 6, 6], "ancestor_ranks": [4, 6, 2, 2, 3, 5, 6, 0, 2, 3, 7, 2, 5, 1, 4, 6, 6, 9], "is_for_training": true, "weight_of_cost_no_call_goal_pre": 2.4391934840458154, "weight_of_cost_no_call_goal_post": 0.6812635900192312, "weight_of_cost_call_goal": 16.854069118656128, "weight_of_cost_call_goal_pre": 3.1944626206246167, "weight_of_cost_call_goal_post": 0.6261314949758656}