{"group_ID": 0, "generation_ID": 11, "individual_ID": 20, "rank": 9, "number_of_nan": 12, "search_time": 11.6, "ancestors": [1, 4, 16, 12, 2, 3, 15, 16, 10, 0], "ancestor_ranks": [4, 6, 2, 2, 3, 5, 6, 0, 0, 0], "is_for_training": true, "weight_of_cost_no_call_goal_pre": 3.394110929053971, "weight_of_cost_no_call_goal_post": 0.5198239501543304, "weight_of_cost_call_goal": 11.49359212624349, "weight_of_cost_call_goal_pre": 3.9717150524318785, "weight_of_cost_call_goal_post": 0.5310550826871201}