{"group_ID": 0, "generation_ID": 21, "individual_ID": 11, "rank": 14, "number_of_nan": 11, "search_time": 13.1, "ancestors": [1, 4, 16, 12, 2, 3, 15, 16, 10, 0, 0, 10, 20, 0, 20, 0, 0, 0, 0, 1], "ancestor_ranks": [4, 6, 2, 2, 3, 5, 6, 0, 0, 0, 0, 0, 0, 0, 0, 0, 0, 0, 1, 1], "is_for_training": true, "weight_of_cost_no_call_goal_pre": 5.280446405543902, "weight_of_cost_no_call_goal_post": 0.6068524980201233, "weight_of_cost_call_goal": 10.06671056303603, "weight_of_cost_call_goal_pre": 4.757104193483084, "weight_of_cost_call_goal_post": 0.5857215237638775}