{"group_ID": 0, "generation_ID": 20, "individual_ID": 19, "rank": 12, "number_of_nan": 12, "search_time": 8.600000000000001, "ancestors": [1, 4, 16, 12, 2, 3, 15, 16, 10, 0, 0, 10, 20, 0, 10, 1, 1, 11, 11], "ancestor_ranks": [4, 6, 2, 2, 3, 5, 6, 0, 0, 0, 0, 0, 0, 0, 1, 1, 1, 1, 9], "is_for_training": true, "weight_of_cost_no_call_goal_pre": 4.560837910675596, "weight_of_cost_no_call_goal_post": 0.5339937660098669, "weight_of_cost_call_goal": 12.017001509549337, "weight_of_cost_call_goal_pre": 3.9253581404843207, "weight_of_cost_call_goal_post": 0.5757443676257143}