{"group_ID": 0, "generation_ID": 6, "individual_ID": 20, "rank": 9, "number_of_nan": 15, "search_time": 10.700000000000001, "ancestors": [8, 6, 19, 10, 10], "ancestor_ranks": [6, 9, 0, 0, 0], "is_for_training": true, "weight_of_cost_no_call_goal_pre": 3.1783485056694794, "weight_of_cost_no_call_goal_post": 1.4118961956302463, "weight_of_cost_call_goal": 11.847838390599907, "weight_of_cost_call_goal_pre": 3.006031834395385, "weight_of_cost_call_goal_post": 1.5358990736915998}