{"group_ID": 0, "generation_ID": 19, "individual_ID": 7, "rank": 11, "number_of_nan": 10, "search_time": 17.7, "ancestors": [1, 4, 16, 12, 2, 3, 15, 16, 20, 11, 1, 11, 15, 3, 16, 17, 4, 14], "ancestor_ranks": [4, 6, 2, 2, 3, 5, 6, 0, 1, 1, 1, 5, 3, 6, 7, 4, 4, 7], "is_for_training": true, "weight_of_cost_no_call_goal_pre": 2.3928733848547985, "weight_of_cost_no_call_goal_post": 0.27468411681124705, "weight_of_cost_call_goal": 12.421524620198435, "weight_of_cost_call_goal_pre": 3.509466254936131, "weight_of_cost_call_goal_post": 0.35711776498785436}