{"group_ID": 0, "generation_ID": 12, "individual_ID": 15, "rank": 15, "number_of_nan": 13, "search_time": 7.699999999999999, "ancestors": [1, 4, 16, 12, 2, 3, 15, 16, 0, 2, 3], "ancestor_ranks": [4, 6, 2, 2, 3, 5, 6, 0, 2, 3, 5], "is_for_training": true, "weight_of_cost_no_call_goal_pre": 3.452118067217794, "weight_of_cost_no_call_goal_post": 0.5525953108532339, "weight_of_cost_call_goal": 12.08304534689064, "weight_of_cost_call_goal_pre": 3.3785281321991305, "weight_of_cost_call_goal_post": 0.6248938128866639}