{"group_ID": 0, "generation_ID": 21, "individual_ID": 21, "rank": 16, "number_of_nan": 12, "search_time": 9.7, "ancestors": [1, 4, 16, 12, 2, 3, 15, 16, 10, 0, 0, 10, 20, 0, 20, 0, 0, 0, 0, 1], "ancestor_ranks": [4, 6, 2, 2, 3, 5, 6, 0, 0, 0, 0, 0, 0, 0, 0, 0, 0, 0, 1, 1], "is_for_training": true, "weight_of_cost_no_call_goal_pre": 5.080751000504674, "weight_of_cost_no_call_goal_post": 0.5893072522747255, "weight_of_cost_call_goal": 10.851579502859366, "weight_of_cost_call_goal_pre": 4.525498776758113, "weight_of_cost_call_goal_post": 0.6286255518367397}