{"group_ID": 0, "generation_ID": 18, "individual_ID": 17, "rank": 15, "number_of_nan": 12, "search_time": 13.2, "ancestors": [1, 4, 16, 12, 2, 3, 15, 16, 10, 0, 0, 10, 20, 20, 2, 5, 7], "ancestor_ranks": [4, 6, 2, 2, 3, 5, 6, 0, 0, 0, 0, 0, 0, 2, 5, 7, 7], "is_for_training": true, "weight_of_cost_no_call_goal_pre": 4.754820357025433, "weight_of_cost_no_call_goal_post": 0.4152755587660094, "weight_of_cost_call_goal": 10.751640467453468, "weight_of_cost_call_goal_pre": 4.971716316776733, "weight_of_cost_call_goal_post": 0.32111157020687137}