{"group_ID": 0, "generation_ID": 17, "individual_ID": 19, "rank": 14, "number_of_nan": 13, "search_time": 6.4, "ancestors": [1, 4, 16, 12, 2, 3, 15, 16, 20, 11, 1, 11, 15, 3, 16, 7], "ancestor_ranks": [4, 6, 2, 2, 3, 5, 6, 0, 1, 1, 1, 5, 3, 6, 7, 9], "is_for_training": true, "weight_of_cost_no_call_goal_pre": 3.0589911039039954, "weight_of_cost_no_call_goal_post": 0.34726312287496564, "weight_of_cost_call_goal": 11.649146519764917, "weight_of_cost_call_goal_pre": 2.7173294494420888, "weight_of_cost_call_goal_post": 0.3626144002056709}