{"group_ID": 0, "generation_ID": 7, "individual_ID": 14, "rank": 19, "number_of_nan": 16, "search_time": 6.300000000000001, "ancestors": [8, 6, 19, 0, 1, 2], "ancestor_ranks": [6, 9, 0, 1, 2, 4], "is_for_training": true, "weight_of_cost_no_call_goal_pre": 3.2214672775539612, "weight_of_cost_no_call_goal_post": 1.1943850109281864, "weight_of_cost_call_goal": 9.078978002956445, "weight_of_cost_call_goal_pre": 2.811533423400825, "weight_of_cost_call_goal_post": 1.1635091581862809}