{"group_ID": 0, "generation_ID": 19, "individual_ID": 21, "rank": 8, "number_of_nan": 10, "search_time": 15.7, "ancestors": [1, 4, 16, 12, 2, 3, 15, 16, 10, 0, 0, 10, 20, 0, 10, 1, 1, 11], "ancestor_ranks": [4, 6, 2, 2, 3, 5, 6, 0, 0, 0, 0, 0, 0, 0, 1, 1, 1, 1], "is_for_training": true, "weight_of_cost_no_call_goal_pre": 3.520189290895834, "weight_of_cost_no_call_goal_post": 0.479498185026847, "weight_of_cost_call_goal": 16.916961408085623, "weight_of_cost_call_goal_pre": 4.267583609242613, "weight_of_cost_call_goal_post": 0.4671510598007303}