{"group_ID": 0, "generation_ID": 17, "individual_ID": 21, "rank": 12, "number_of_nan": 12, "search_time": 11.6, "ancestors": [1, 4, 16, 12, 2, 3, 15, 16, 10, 0, 0, 10, 20, 0, 10, 1], "ancestor_ranks": [4, 6, 2, 2, 3, 5, 6, 0, 0, 0, 0, 0, 0, 0, 1, 1], "is_for_training": true, "weight_of_cost_no_call_goal_pre": 4.606569349527615, "weight_of_cost_no_call_goal_post": 0.5126867803097247, "weight_of_cost_call_goal": 12.354132154298405, "weight_of_cost_call_goal_pre": 4.544302486649055, "weight_of_cost_call_goal_post": 0.5518725751170374}