{"group_ID": 0, "generation_ID": 19, "individual_ID": 1, "rank": 3, "number_of_nan": 9, "search_time": 17.8, "ancestors": [1, 4, 16, 12, 2, 3, 15, 16, 10, 0, 0, 10, 20, 0, 10, 1, 1, 11], "ancestor_ranks": [4, 6, 2, 2, 3, 5, 6, 0, 0, 0, 0, 0, 0, 0, 1, 1, 1, 1], "is_for_training": true, "weight_of_cost_no_call_goal_pre": 5.5396022527077005, "weight_of_cost_no_call_goal_post": 0.4046466427283647, "weight_of_cost_call_goal": 14.288664479977232, "weight_of_cost_call_goal_pre": 4.209219140602925, "weight_of_cost_call_goal_post": 0.5578428209439599}