{"group_ID": 0, "generation_ID": 20, "individual_ID": 0, "rank": 0, "number_of_nan": 8, "search_time": 21.599999999999998, "ancestors": [1, 4, 16, 12, 2, 3, 15, 16, 10, 0, 0, 10, 20, 0, 20, 0, 0, 0, 20], "ancestor_ranks": [4, 6, 2, 2, 3, 5, 6, 0, 0, 0, 0, 0, 0, 0, 0, 0, 0, 0, 0], "is_for_training": true, "weight_of_cost_no_call_goal_pre": 5.337995279736511, "weight_of_cost_no_call_goal_post": 0.4837476286305131, "weight_of_cost_call_goal": 9.153396941469502, "weight_of_cost_call_goal_pre": 3.693081973269606, "weight_of_cost_call_goal_post": 0.5596296239662206}