{"group_ID": 1, "generation_ID": 10, "individual_ID": 13, "rank": 16, "number_of_nan": 7, "search_time": 53.49999999999999, "ancestors": [6, 20, 21, 11, 20, 21, 21, 0, 20], "ancestor_ranks": [0, 1, 1, 0, 1, 1, 0, 0, 3], "is_for_training": true, "weight_of_cost_no_call_goal_pre": 1.626616930275495, "weight_of_cost_no_call_goal_post": 1.3653493207925005, "weight_of_cost_call_goal": 12.590138135338819, "weight_of_cost_call_goal_pre": 1.2335620998278987, "weight_of_cost_call_goal_post": 1.2802942515076328}