{"group_ID": 1, "generation_ID": 9, "individual_ID": 21, "rank": 17, "number_of_nan": 17, "search_time": 2.8, "ancestors": [6, 0, 20, 10, 1, 2, 13, 13], "ancestor_ranks": [0, 0, 0, 1, 2, 3, 3, 1], "is_for_training": true, "weight_of_cost_no_call_goal_pre": 3.652945078443276, "weight_of_cost_no_call_goal_post": 1.1639248843140548, "weight_of_cost_call_goal": 9.66344769524806, "weight_of_cost_call_goal_pre": 3.241376428252834, "weight_of_cost_call_goal_post": 0.9567815436384559}