{"group_ID": 1, "generation_ID": 10, "individual_ID": 18, "rank": 21, "number_of_nan": 17, "search_time": 2.8, "ancestors": [6, 20, 21, 11, 0, 0, 0, 21, 5], "ancestor_ranks": [0, 1, 1, 0, 0, 0, 1, 5, 8], "is_for_training": true, "weight_of_cost_no_call_goal_pre": 1.676320985462161, "weight_of_cost_no_call_goal_post": 1.393485032075662, "weight_of_cost_call_goal": 13.234585935912976, "weight_of_cost_call_goal_pre": 1.6742387371110512, "weight_of_cost_call_goal_post": 1.281547717084476}