{"group_ID": 0, "generation_ID": 10, "individual_ID": 19, "rank": 15, "number_of_nan": 7, "search_time": 33.9, "ancestors": [7, 1, 2, 14, 14, 3, 3, 5, 7], "ancestor_ranks": [1, 2, 4, 4, 3, 3, 5, 7, 9], "is_for_training": true, "weight_of_cost_no_call_goal_pre": 2.613611648925451, "weight_of_cost_no_call_goal_post": 0.8887975094100573, "weight_of_cost_call_goal": 9.415298953662914, "weight_of_cost_call_goal_pre": 3.054834103409178, "weight_of_cost_call_goal_post": 0.7563628238528295}