{"group_ID": 1, "generation_ID": 9, "individual_ID": 17, "rank": 14, "number_of_nan": 8, "search_time": 42.4, "ancestors": [6, 20, 21, 11, 20, 1, 12, 4], "ancestor_ranks": [0, 1, 1, 0, 1, 2, 4, 7], "is_for_training": true, "weight_of_cost_no_call_goal_pre": 2.070619246019006, "weight_of_cost_no_call_goal_post": 1.1980571750223497, "weight_of_cost_call_goal": 15.837776752720826, "weight_of_cost_call_goal_pre": 2.171654334682839, "weight_of_cost_call_goal_post": 1.5332810903025982}