{"group_ID": 0, "generation_ID": 7, "individual_ID": 10, "rank": 18, "number_of_nan": 10, "search_time": 34.400000000000006, "ancestors": [5, 3, 16, 0, 0, 0], "ancestor_ranks": [3, 6, 0, 0, 0, 0], "is_for_training": true, "weight_of_cost_no_call_goal_pre": 3.3911341023047905, "weight_of_cost_no_call_goal_post": 0.9794184544642938, "weight_of_cost_call_goal": 12.792019900393269, "weight_of_cost_call_goal_pre": 3.735163178526439, "weight_of_cost_call_goal_post": 1.1327329345395762}