{"group_ID": 1, "generation_ID": 6, "individual_ID": 11, "rank": 14, "number_of_nan": 10, "search_time": 24.2, "ancestors": [6, 20, 21, 11, 20], "ancestor_ranks": [0, 1, 1, 0, 1], "is_for_training": true, "weight_of_cost_no_call_goal_pre": 1.6713514038723951, "weight_of_cost_no_call_goal_post": 1.2524103284237085, "weight_of_cost_call_goal": 13.133507030450033, "weight_of_cost_call_goal_pre": 1.6957803542419407, "weight_of_cost_call_goal_post": 1.0694970250596034}