{"group_ID": 0, "generation_ID": 8, "individual_ID": 18, "rank": 15, "number_of_nan": 6, "search_time": 53.300000000000004, "ancestors": [7, 1, 2, 14, 4, 5, 5], "ancestor_ranks": [1, 2, 4, 4, 5, 5, 8], "is_for_training": true, "weight_of_cost_no_call_goal_pre": 4.120118544331945, "weight_of_cost_no_call_goal_post": 0.8973346676330255, "weight_of_cost_call_goal": 11.992644886900393, "weight_of_cost_call_goal_pre": 4.0217840574487305, "weight_of_cost_call_goal_post": 0.7526995226525196}