{"group_ID": 0, "generation_ID": 10, "individual_ID": 8, "rank": 9, "number_of_nan": 4, "search_time": 60.80000000000001, "ancestors": [1, 10, 0, 1, 2, 2, 2, 4, 6], "ancestor_ranks": [0, 0, 1, 2, 2, 2, 4, 6, 8], "is_for_training": true, "weight_of_cost_no_call_goal_pre": 3.299716101661425, "weight_of_cost_no_call_goal_post": 0.7398397143450467, "weight_of_cost_call_goal": 11.084905027943075, "weight_of_cost_call_goal_pre": 2.491020632128557, "weight_of_cost_call_goal_post": 0.7963014851399599}