{"group_ID": 1, "generation_ID": 7, "individual_ID": 15, "rank": 19, "number_of_nan": 13, "search_time": 10.799999999999999, "ancestors": [6, 0, 20, 10, 11, 19], "ancestor_ranks": [0, 0, 0, 1, 9, 5], "is_for_training": true, "weight_of_cost_no_call_goal_pre": 2.922476413691089, "weight_of_cost_no_call_goal_post": 1.4395819134829955, "weight_of_cost_call_goal": 12.716075275886247, "weight_of_cost_call_goal_pre": 3.0469214125447976, "weight_of_cost_call_goal_post": 1.112337243062164}