{"group_ID": 0, "generation_ID": 10, "individual_ID": 16, "rank": 6, "number_of_nan": 4, "search_time": 55.2, "ancestors": [7, 1, 2, 14, 14, 3, 3, 15, 4], "ancestor_ranks": [1, 2, 4, 4, 3, 3, 5, 4, 6], "is_for_training": true, "weight_of_cost_no_call_goal_pre": 3.0513677912661046, "weight_of_cost_no_call_goal_post": 1.093193672656126, "weight_of_cost_call_goal": 8.541333134017535, "weight_of_cost_call_goal_pre": 2.2395541493337103, "weight_of_cost_call_goal_post": 0.8857345142801488}