{"group_ID": 0, "generation_ID": 7, "individual_ID": 19, "rank": 17, "number_of_nan": 9, "search_time": 36.4, "ancestors": [1, 10, 0, 21, 11, 7], "ancestor_ranks": [0, 0, 1, 1, 7, 9], "is_for_training": true, "weight_of_cost_no_call_goal_pre": 2.0899272788437173, "weight_of_cost_no_call_goal_post": 0.7917063230011865, "weight_of_cost_call_goal": 14.730148330796482, "weight_of_cost_call_goal_pre": 1.9789669776796521, "weight_of_cost_call_goal_post": 0.905276503676737}