{"group_ID": 0, "generation_ID": 8, "individual_ID": 12, "rank": 14, "number_of_nan": 6, "search_time": 39.6, "ancestors": [1, 10, 0, 21, 1, 1, 21], "ancestor_ranks": [0, 0, 1, 1, 1, 1, 2], "is_for_training": true, "weight_of_cost_no_call_goal_pre": 1.4265373698901822, "weight_of_cost_no_call_goal_post": 0.7643264940933386, "weight_of_cost_call_goal": 11.513675476507272, "weight_of_cost_call_goal_pre": 1.99323876664148, "weight_of_cost_call_goal_post": 0.6196058141777453}