{"group_ID": 0, "generation_ID": 8, "individual_ID": 11, "rank": 9, "number_of_nan": 4, "search_time": 66.10000000000001, "ancestors": [5, 3, 16, 0, 0, 0, 20], "ancestor_ranks": [3, 6, 0, 0, 0, 0, 1], "is_for_training": true, "weight_of_cost_no_call_goal_pre": 4.155122994733792, "weight_of_cost_no_call_goal_post": 0.9458514219687143, "weight_of_cost_call_goal": 14.342135509713852, "weight_of_cost_call_goal_pre": 4.032421875373787, "weight_of_cost_call_goal_post": 0.889349183828542}