{"group_ID": 1, "generation_ID": 9, "individual_ID": 10, "rank": 21, "number_of_nan": 18, "search_time": 7.2, "ancestors": [6, 20, 21, 11, 20, 21, 21, 0], "ancestor_ranks": [0, 1, 1, 0, 1, 1, 0, 0], "is_for_training": true, "weight_of_cost_no_call_goal_pre": 1.4789430782085198, "weight_of_cost_no_call_goal_post": 0.9822193801669099, "weight_of_cost_call_goal": 12.592305841982188, "weight_of_cost_call_goal_pre": 1.6099344653539178, "weight_of_cost_call_goal_post": 0.9354226154650424}