{"group_ID": 1, "generation_ID": 8, "individual_ID": 13, "rank": 1, "number_of_nan": 5, "search_time": 70.7, "ancestors": [6, 0, 20, 10, 1, 2, 13], "ancestor_ranks": [0, 0, 0, 1, 2, 3, 3], "is_for_training": true, "weight_of_cost_no_call_goal_pre": 3.4616496404439228, "weight_of_cost_no_call_goal_post": 1.152924897473613, "weight_of_cost_call_goal": 10.170841851148413, "weight_of_cost_call_goal_pre": 3.0523469589582546, "weight_of_cost_call_goal_post": 1.1243528947561823}