{"group_ID": 1, "generation_ID": 9, "individual_ID": 15, "rank": 19, "number_of_nan": 18, "search_time": 6.3, "ancestors": [6, 20, 21, 11, 0, 0, 0, 21], "ancestor_ranks": [0, 1, 1, 0, 0, 0, 1, 5], "is_for_training": true, "weight_of_cost_no_call_goal_pre": 2.38703177113164, "weight_of_cost_no_call_goal_post": 1.227546154044675, "weight_of_cost_call_goal": 9.390823134531542, "weight_of_cost_call_goal_pre": 2.3242410260177153, "weight_of_cost_call_goal_post": 1.0818331862268742}