{"group_ID": 1, "generation_ID": 8, "individual_ID": 11, "rank": 13, "number_of_nan": 8, "search_time": 35.699999999999996, "ancestors": [6, 20, 21, 11, 0, 0, 0], "ancestor_ranks": [0, 1, 1, 0, 0, 0, 1], "is_for_training": true, "weight_of_cost_no_call_goal_pre": 2.0825612518072463, "weight_of_cost_no_call_goal_post": 1.205076231434614, "weight_of_cost_call_goal": 13.063654445825232, "weight_of_cost_call_goal_pre": 2.376652449711791, "weight_of_cost_call_goal_post": 0.9723138304865171}