{"group_ID": 0, "generation_ID": 3, "individual_ID": 20, "rank": 16, "number_of_nan": 12, "search_time": 15.100000000000001, "ancestors": [1, 10], "ancestor_ranks": [0, 0], "is_for_training": true, "weight_of_cost_no_call_goal_pre": 2.0311016894369716, "weight_of_cost_no_call_goal_post": 0.8589675386322813, "weight_of_cost_call_goal": 12.69318440099416, "weight_of_cost_call_goal_pre": 2.2052846905134262, "weight_of_cost_call_goal_post": 0.6642118919555229}