{"group_ID": 0, "generation_ID": 10, "individual_ID": 21, "rank": 12, "number_of_nan": 6, "search_time": 38.5, "ancestors": [5, 3, 16, 0, 0, 0, 0, 0, 10], "ancestor_ranks": [3, 6, 0, 0, 0, 0, 0, 0, 1], "is_for_training": true, "weight_of_cost_no_call_goal_pre": 2.903039239879167, "weight_of_cost_no_call_goal_post": 1.571461335449582, "weight_of_cost_call_goal": 12.382367354036472, "weight_of_cost_call_goal_pre": 4.060983083440995, "weight_of_cost_call_goal_post": 1.5640743537306332}