{"group_ID": 0, "generation_ID": 7, "individual_ID": 9, "rank": 14, "number_of_nan": 6, "search_time": 42.400000000000006, "ancestors": [1, 10, 0, 21, 11, 7], "ancestor_ranks": [0, 0, 1, 1, 7, 9], "is_for_training": true, "weight_of_cost_no_call_goal_pre": 2.0997853166148106, "weight_of_cost_no_call_goal_post": 0.7644737513116344, "weight_of_cost_call_goal": 12.349316194383103, "weight_of_cost_call_goal_pre": 2.2148450692487667, "weight_of_cost_call_goal_post": 0.8508186700200807}