{"group_ID": 1, "generation_ID": 10, "individual_ID": 19, "rank": 1, "number_of_nan": 5, "search_time": 48.8, "ancestors": [6, 0, 20, 10, 1, 2, 13, 3, 6], "ancestor_ranks": [0, 0, 0, 1, 2, 3, 3, 6, 9], "is_for_training": true, "weight_of_cost_no_call_goal_pre": 3.389106068887007, "weight_of_cost_no_call_goal_post": 1.2416307457721005, "weight_of_cost_call_goal": 12.450423284276562, "weight_of_cost_call_goal_pre": 2.893102068148715, "weight_of_cost_call_goal_post": 1.0572186739523919}