{"group_ID": 1, "generation_ID": 8, "individual_ID": 18, "rank": 16, "number_of_nan": 11, "search_time": 19.3, "ancestors": [6, 0, 20, 0, 12, 3, 4], "ancestor_ranks": [0, 0, 0, 2, 3, 4, 8], "is_for_training": true, "weight_of_cost_no_call_goal_pre": 3.6432833609003996, "weight_of_cost_no_call_goal_post": 1.4958735253323596, "weight_of_cost_call_goal": 11.122460049262369, "weight_of_cost_call_goal_pre": 3.2657311947032452, "weight_of_cost_call_goal_post": 1.3922964873002996}