{"group_ID": 0, "generation_ID": 4, "individual_ID": 12, "rank": 18, "number_of_nan": 15, "search_time": 20.799999999999997, "ancestors": [1, 0, 1], "ancestor_ranks": [0, 1, 2], "is_for_training": true, "weight_of_cost_no_call_goal_pre": 2.5850047640228375, "weight_of_cost_no_call_goal_post": 0.8459881063047806, "weight_of_cost_call_goal": 8.93773506767414, "weight_of_cost_call_goal_pre": 2.7927574959421437, "weight_of_cost_call_goal_post": 0.7552552638820357}