{"group_ID": 0, "generation_ID": 9, "individual_ID": 11, "rank": 13, "number_of_nan": 5, "search_time": 42.3, "ancestors": [5, 3, 16, 0, 0, 0, 20, 1], "ancestor_ranks": [3, 6, 0, 0, 0, 0, 1, 1], "is_for_training": true, "weight_of_cost_no_call_goal_pre": 4.148380462197904, "weight_of_cost_no_call_goal_post": 0.8858453424470479, "weight_of_cost_call_goal": 14.582913513870425, "weight_of_cost_call_goal_pre": 3.260867693849788, "weight_of_cost_call_goal_post": 0.861585631672005}