{"group_ID": 1, "generation_ID": 10, "individual_ID": 16, "rank": 15, "number_of_nan": 7, "search_time": 33.6, "ancestors": [6, 20, 21, 11, 20, 21, 11, 12, 4], "ancestor_ranks": [0, 1, 1, 0, 1, 1, 2, 4, 6], "is_for_training": true, "weight_of_cost_no_call_goal_pre": 2.01534332401098, "weight_of_cost_no_call_goal_post": 1.011280358516629, "weight_of_cost_call_goal": 12.231866136466433, "weight_of_cost_call_goal_pre": 2.4896223593857245, "weight_of_cost_call_goal_post": 1.2380549871916813}