{"group_ID": 1, "generation_ID": 7, "individual_ID": 5, "rank": 9, "number_of_nan": 7, "search_time": 50.00000000000001, "ancestors": [6, 0, 20, 10, 11, 19], "ancestor_ranks": [0, 0, 0, 1, 9, 5], "is_for_training": true, "weight_of_cost_no_call_goal_pre": 2.936213453182402, "weight_of_cost_no_call_goal_post": 1.2135338048286657, "weight_of_cost_call_goal": 13.11109734086814, "weight_of_cost_call_goal_pre": 2.5974132757537682, "weight_of_cost_call_goal_post": 1.2377696914933118}