{"group_ID": 1, "generation_ID": 8, "individual_ID": 17, "rank": 14, "number_of_nan": 10, "search_time": 41.5, "ancestors": [6, 0, 20, 10, 1, 2, 3], "ancestor_ranks": [0, 0, 0, 1, 2, 3, 7], "is_for_training": true, "weight_of_cost_no_call_goal_pre": 3.1323059396908803, "weight_of_cost_no_call_goal_post": 1.3418906010897578, "weight_of_cost_call_goal": 14.64980317822684, "weight_of_cost_call_goal_pre": 2.774717260799515, "weight_of_cost_call_goal_post": 1.4789568162867657}