{"group_ID": 0, "generation_ID": 4, "individual_ID": 10, "rank": 10, "number_of_nan": 7, "search_time": 44.50000000000001, "ancestors": [5, 3, 16], "ancestor_ranks": [3, 6, 0], "is_for_training": true, "weight_of_cost_no_call_goal_pre": 3.7096499489404375, "weight_of_cost_no_call_goal_post": 1.0146331190417421, "weight_of_cost_call_goal": 15.692025051809257, "weight_of_cost_call_goal_pre": 4.173573014760887, "weight_of_cost_call_goal_post": 1.2122796026854847}