{"group_ID": 0, "generation_ID": 6, "individual_ID": 21, "rank": 12, "number_of_nan": 6, "search_time": 46.49999999999999, "ancestors": [1, 10, 0, 21, 1], "ancestor_ranks": [0, 0, 1, 1, 1], "is_for_training": true, "weight_of_cost_no_call_goal_pre": 1.9511241246767133, "weight_of_cost_no_call_goal_post": 0.7369012964895151, "weight_of_cost_call_goal": 11.906105479103175, "weight_of_cost_call_goal_pre": 1.9579763669062427, "weight_of_cost_call_goal_post": 0.8595250908198818}