{"group_ID": 0, "generation_ID": 4, "individual_ID": 20, "rank": 15, "number_of_nan": 9, "search_time": 26.500000000000004, "ancestors": [5, 3, 16], "ancestor_ranks": [3, 6, 0], "is_for_training": true, "weight_of_cost_no_call_goal_pre": 2.986087189078484, "weight_of_cost_no_call_goal_post": 1.252638728368863, "weight_of_cost_call_goal": 16.01901036189426, "weight_of_cost_call_goal_pre": 4.046121902022811, "weight_of_cost_call_goal_post": 1.0446790937658275}