{"group_ID": 1, "generation_ID": 6, "individual_ID": 15, "rank": 21, "number_of_nan": 19, "search_time": 6.199999999999999, "ancestors": [6, 0, 20, 10, 21], "ancestor_ranks": [0, 0, 0, 1, 5], "is_for_training": true, "weight_of_cost_no_call_goal_pre": 3.5836174350562175, "weight_of_cost_no_call_goal_post": 1.0676191068251064, "weight_of_cost_call_goal": 13.3636843633262, "weight_of_cost_call_goal_pre": 4.035092592538735, "weight_of_cost_call_goal_post": 1.0904636088465816}