{"group_ID": 1, "generation_ID": 7, "individual_ID": 8, "rank": 15, "number_of_nan": 9, "search_time": 22.0, "ancestors": [6, 20, 21, 11, 0, 20], "ancestor_ranks": [0, 1, 1, 0, 0, 8], "is_for_training": true, "weight_of_cost_no_call_goal_pre": 2.0949297962611633, "weight_of_cost_no_call_goal_post": 1.0465188176330622, "weight_of_cost_call_goal": 11.751214803968756, "weight_of_cost_call_goal_pre": 2.138553113500301, "weight_of_cost_call_goal_post": 1.2711064520194364}