{"group_ID": 1, "generation_ID": 8, "individual_ID": 10, "rank": 20, "number_of_nan": 18, "search_time": 7.3, "ancestors": [6, 20, 21, 11, 20, 21, 21], "ancestor_ranks": [0, 1, 1, 0, 1, 1, 0], "is_for_training": true, "weight_of_cost_no_call_goal_pre": 1.584524363215917, "weight_of_cost_no_call_goal_post": 1.107784765092822, "weight_of_cost_call_goal": 13.888676905443262, "weight_of_cost_call_goal_pre": 1.390784457225381, "weight_of_cost_call_goal_post": 1.0845462492275837}