{"group_ID": 1, "generation_ID": 10, "individual_ID": 14, "rank": 14, "number_of_nan": 6, "search_time": 51.699999999999996, "ancestors": [6, 20, 21, 11, 20, 21, 11, 12, 14], "ancestor_ranks": [0, 1, 1, 0, 1, 1, 2, 4, 4], "is_for_training": true, "weight_of_cost_no_call_goal_pre": 2.306677342010375, "weight_of_cost_no_call_goal_post": 1.2002634338479095, "weight_of_cost_call_goal": 15.028134453294365, "weight_of_cost_call_goal_pre": 2.0762155911332982, "weight_of_cost_call_goal_post": 1.1382683635848283}