{"group_ID": 0, "generation_ID": 9, "individual_ID": 12, "rank": 16, "number_of_nan": 7, "search_time": 35.900000000000006, "ancestors": [5, 3, 16, 0, 0, 0, 0, 10], "ancestor_ranks": [3, 6, 0, 0, 0, 0, 0, 2], "is_for_training": true, "weight_of_cost_no_call_goal_pre": 4.044394187508881, "weight_of_cost_no_call_goal_post": 1.0360062594007515, "weight_of_cost_call_goal": 14.536141712816349, "weight_of_cost_call_goal_pre": 3.0165630837125383, "weight_of_cost_call_goal_post": 0.913258947749991}