{"group_ID": 0, "generation_ID": 10, "individual_ID": 13, "rank": 21, "number_of_nan": 18, "search_time": 6.7, "ancestors": [5, 3, 16, 0, 0, 0, 0, 10, 2], "ancestor_ranks": [3, 6, 0, 0, 0, 0, 0, 2, 3], "is_for_training": true, "weight_of_cost_no_call_goal_pre": 3.8921145108100803, "weight_of_cost_no_call_goal_post": 1.1062373737659228, "weight_of_cost_call_goal": 14.77018058068802, "weight_of_cost_call_goal_pre": 3.4761045134583695, "weight_of_cost_call_goal_post": 1.0533037723255716}