{"group_ID": 0, "generation_ID": 6, "individual_ID": 14, "rank": 8, "number_of_nan": 5, "search_time": 55.60000000000001, "ancestors": [1, 0, 1, 2, 3], "ancestor_ranks": [0, 1, 2, 3, 4], "is_for_training": true, "weight_of_cost_no_call_goal_pre": 3.3484394375659168, "weight_of_cost_no_call_goal_post": 1.006652404082607, "weight_of_cost_call_goal": 9.299770247107967, "weight_of_cost_call_goal_pre": 2.8793899794741282, "weight_of_cost_call_goal_post": 0.9628265011516309}