{"group_ID": 0, "generation_ID": 10, "individual_ID": 17, "rank": 13, "number_of_nan": 6, "search_time": 49.300000000000004, "ancestors": [1, 10, 0, 21, 1, 1, 1, 3, 5], "ancestor_ranks": [0, 0, 1, 1, 1, 1, 3, 5, 7], "is_for_training": true, "weight_of_cost_no_call_goal_pre": 2.033983657921104, "weight_of_cost_no_call_goal_post": 0.800028597971349, "weight_of_cost_call_goal": 12.536746726838164, "weight_of_cost_call_goal_pre": 2.3492335946101295, "weight_of_cost_call_goal_post": 0.7900070678936465}