{"group_ID": 1, "generation_ID": 5, "individual_ID": 17, "rank": 15, "number_of_nan": 11, "search_time": 24.699999999999996, "ancestors": [6, 10, 13, 14], "ancestor_ranks": [0, 3, 4, 7], "is_for_training": true, "weight_of_cost_no_call_goal_pre": 3.0134361903885822, "weight_of_cost_no_call_goal_post": 0.7570854602628192, "weight_of_cost_call_goal": 9.790590893382442, "weight_of_cost_call_goal_pre": 3.6781235181510152, "weight_of_cost_call_goal_post": 0.7280844306813906}