{"group_ID": 0, "generation_ID": 6, "individual_ID": 17, "rank": 17, "number_of_nan": 8, "search_time": 36.7, "ancestors": [1, 10, 0, 21, 11], "ancestor_ranks": [0, 0, 1, 1, 7], "is_for_training": true, "weight_of_cost_no_call_goal_pre": 2.0189804496754653, "weight_of_cost_no_call_goal_post": 0.9376403499069006, "weight_of_cost_call_goal": 10.110436910137052, "weight_of_cost_call_goal_pre": 2.5106780329596687, "weight_of_cost_call_goal_post": 0.8780278866199318}