{"group_ID": 0, "generation_ID": 6, "individual_ID": 18, "rank": 16, "number_of_nan": 7, "search_time": 42.800000000000004, "ancestors": [1, 10, 10, 3, 15], "ancestor_ranks": [0, 0, 3, 5, 8], "is_for_training": true, "weight_of_cost_no_call_goal_pre": 2.2426138295341964, "weight_of_cost_no_call_goal_post": 0.8719829876716422, "weight_of_cost_call_goal": 10.606978021760614, "weight_of_cost_call_goal_pre": 2.9203749195624686, "weight_of_cost_call_goal_post": 0.798016282296292}