{"group_ID": 0, "generation_ID": 9, "individual_ID": 17, "rank": 18, "number_of_nan": 9, "search_time": 26.299999999999997, "ancestors": [7, 1, 2, 14, 14, 3, 3, 5], "ancestor_ranks": [1, 2, 4, 4, 3, 3, 5, 7], "is_for_training": true, "weight_of_cost_no_call_goal_pre": 3.275970887031351, "weight_of_cost_no_call_goal_post": 0.6861642290919802, "weight_of_cost_call_goal": 10.15432604422076, "weight_of_cost_call_goal_pre": 3.3365232613257563, "weight_of_cost_call_goal_post": 0.7013369863520834}