{"group_ID": 0, "generation_ID": 7, "individual_ID": 16, "rank": 20, "number_of_nan": 18, "search_time": 2.8000000000000003, "ancestors": [1, 10, 0, 1, 2, 12], "ancestor_ranks": [0, 0, 1, 2, 2, 6], "is_for_training": true, "weight_of_cost_no_call_goal_pre": 3.0949687898333664, "weight_of_cost_no_call_goal_post": 0.6422867431889628, "weight_of_cost_call_goal": 11.137932016577844, "weight_of_cost_call_goal_pre": 2.9254238439912292, "weight_of_cost_call_goal_post": 0.5149054507038413}