{"group_ID": 1, "generation_ID": 6, "individual_ID": 13, "rank": 18, "number_of_nan": 16, "search_time": 15.399999999999999, "ancestors": [6, 0, 20, 0, 12], "ancestor_ranks": [0, 0, 0, 2, 3], "is_for_training": true, "weight_of_cost_no_call_goal_pre": 2.625765561979498, "weight_of_cost_no_call_goal_post": 1.248437079758382, "weight_of_cost_call_goal": 9.307693520828348, "weight_of_cost_call_goal_pre": 2.8608735444478732, "weight_of_cost_call_goal_post": 1.0942661743859072}