{"group_ID": 0, "generation_ID": 9, "individual_ID": 20, "rank": 17, "number_of_nan": 8, "search_time": 27.000000000000004, "ancestors": [5, 3, 16, 0, 0, 0, 0, 0], "ancestor_ranks": [3, 6, 0, 0, 0, 0, 0, 0], "is_for_training": true, "weight_of_cost_no_call_goal_pre": 4.324478865219291, "weight_of_cost_no_call_goal_post": 1.1263413809521334, "weight_of_cost_call_goal": 14.165487300625214, "weight_of_cost_call_goal_pre": 3.5264119726828698, "weight_of_cost_call_goal_post": 0.9872300165485667}