{"group_ID": 1, "generation_ID": 10, "individual_ID": 17, "rank": 18, "number_of_nan": 10, "search_time": 35.0, "ancestors": [6, 0, 20, 10, 1, 2, 13, 13, 11], "ancestor_ranks": [0, 0, 0, 1, 2, 3, 3, 1, 7], "is_for_training": true, "weight_of_cost_no_call_goal_pre": 2.9352357931879056, "weight_of_cost_no_call_goal_post": 1.456618485687188, "weight_of_cost_call_goal": 11.049022749670007, "weight_of_cost_call_goal_pre": 3.143110974053553, "weight_of_cost_call_goal_post": 1.3951755697067716}