{"group_ID": 1, "generation_ID": 10, "individual_ID": 20, "rank": 17, "number_of_nan": 9, "search_time": 37.300000000000004, "ancestors": [6, 20, 21, 11, 20, 21, 21, 0, 0], "ancestor_ranks": [0, 1, 1, 0, 1, 1, 0, 0, 0], "is_for_training": true, "weight_of_cost_no_call_goal_pre": 1.6478079403498855, "weight_of_cost_no_call_goal_post": 1.1091632248802243, "weight_of_cost_call_goal": 16.42392787580287, "weight_of_cost_call_goal_pre": 1.8018751021936046, "weight_of_cost_call_goal_post": 1.1774117405664766}