{"group_ID": 0, "generation_ID": 3, "individual_ID": 17, "rank": 19, "number_of_nan": 13, "search_time": 9.299999999999999, "ancestors": [1, 20], "ancestor_ranks": [0, 7], "is_for_training": true, "weight_of_cost_no_call_goal_pre": 2.7857004301779145, "weight_of_cost_no_call_goal_post": 0.815547945143045, "weight_of_cost_call_goal": 10.754832536951254, "weight_of_cost_call_goal_pre": 2.7730368519118684, "weight_of_cost_call_goal_post": 0.9207979836977163}