{"group_ID": 1, "generation_ID": 9, "individual_ID": 12, "rank": 18, "number_of_nan": 18, "search_time": 5.8, "ancestors": [6, 20, 21, 11, 0, 0, 0, 1], "ancestor_ranks": [0, 1, 1, 0, 0, 0, 1, 2], "is_for_training": true, "weight_of_cost_no_call_goal_pre": 2.0323780295664826, "weight_of_cost_no_call_goal_post": 0.9060253081201753, "weight_of_cost_call_goal": 13.61156399177277, "weight_of_cost_call_goal_pre": 2.5508437197631633, "weight_of_cost_call_goal_post": 0.9885421950873424}