{"group_ID": 0, "generation_ID": 9, "individual_ID": 16, "rank": 19, "number_of_nan": 11, "search_time": 20.5, "ancestors": [1, 10, 0, 1, 2, 2, 2, 4], "ancestor_ranks": [0, 0, 1, 2, 2, 2, 4, 6], "is_for_training": true, "weight_of_cost_no_call_goal_pre": 2.4523573649270807, "weight_of_cost_no_call_goal_post": 0.7043184638222837, "weight_of_cost_call_goal": 13.139953480425714, "weight_of_cost_call_goal_pre": 2.184561215629415, "weight_of_cost_call_goal_post": 0.7874493827992289}