{"group_ID": 1, "generation_ID": 6, "individual_ID": 16, "rank": 13, "number_of_nan": 10, "search_time": 20.200000000000003, "ancestors": [6, 0, 20, 20, 3], "ancestor_ranks": [0, 0, 0, 3, 6], "is_for_training": true, "weight_of_cost_no_call_goal_pre": 2.8469329306025486, "weight_of_cost_no_call_goal_post": 0.9699970495067497, "weight_of_cost_call_goal": 8.866915689770313, "weight_of_cost_call_goal_pre": 2.542542645130652, "weight_of_cost_call_goal_post": 1.058500479099227}