{"group_ID": 0, "generation_ID": 9, "individual_ID": 13, "rank": 21, "number_of_nan": 18, "search_time": 6.2, "ancestors": [1, 10, 0, 21, 1, 1, 21, 2], "ancestor_ranks": [0, 0, 1, 1, 1, 1, 2, 3], "is_for_training": true, "weight_of_cost_no_call_goal_pre": 1.3893555034101308, "weight_of_cost_no_call_goal_post": 0.8429999264268642, "weight_of_cost_call_goal": 11.550902766161455, "weight_of_cost_call_goal_pre": 1.7961302689635603, "weight_of_cost_call_goal_post": 0.8199377755895215}