{"group_ID": 1, "generation_ID": 8, "individual_ID": 14, "rank": 18, "number_of_nan": 11, "search_time": 28.5, "ancestors": [6, 20, 21, 11, 20, 1, 12], "ancestor_ranks": [0, 1, 1, 0, 1, 2, 4], "is_for_training": true, "weight_of_cost_no_call_goal_pre": 1.750738496039674, "weight_of_cost_no_call_goal_post": 1.4117704161278457, "weight_of_cost_call_goal": 14.083460855995009, "weight_of_cost_call_goal_pre": 2.376219482522803, "weight_of_cost_call_goal_post": 1.2757775529642246}