{"group_ID": 1, "generation_ID": 9, "individual_ID": 19, "rank": 15, "number_of_nan": 15, "search_time": 15.299999999999999, "ancestors": [6, 20, 21, 11, 20, 1, 2, 6], "ancestor_ranks": [0, 1, 1, 0, 1, 2, 6, 9], "is_for_training": true, "weight_of_cost_no_call_goal_pre": 1.7793704705129936, "weight_of_cost_no_call_goal_post": 1.0778880428199984, "weight_of_cost_call_goal": 12.88776492808496, "weight_of_cost_call_goal_pre": 2.101968874389239, "weight_of_cost_call_goal_post": 1.0009969621450683}