{"group_ID": 1, "generation_ID": 8, "individual_ID": 20, "rank": 19, "number_of_nan": 18, "search_time": 6.6, "ancestors": [6, 20, 21, 11, 20, 21, 21], "ancestor_ranks": [0, 1, 1, 0, 1, 1, 0], "is_for_training": true, "weight_of_cost_no_call_goal_pre": 1.9466910793300334, "weight_of_cost_no_call_goal_post": 1.0953255181895964, "weight_of_cost_call_goal": 15.309985239257461, "weight_of_cost_call_goal_pre": 1.6460811193004514, "weight_of_cost_call_goal_post": 1.058974706092918}