{"group_ID": 1, "generation_ID": 8, "individual_ID": 12, "rank": 4, "number_of_nan": 6, "search_time": 44.800000000000004, "ancestors": [6, 20, 21, 11, 20, 21, 11], "ancestor_ranks": [0, 1, 1, 0, 1, 1, 2], "is_for_training": true, "weight_of_cost_no_call_goal_pre": 1.847370432117386, "weight_of_cost_no_call_goal_post": 0.7887468734922473, "weight_of_cost_call_goal": 11.874369539098318, "weight_of_cost_call_goal_pre": 2.0818275250778977, "weight_of_cost_call_goal_post": 1.0590357485454653}