{"group_ID": 1, "generation_ID": 5, "individual_ID": 10, "rank": 17, "number_of_nan": 16, "search_time": 23.099999999999998, "ancestors": [6, 20, 21, 11], "ancestor_ranks": [0, 1, 1, 0], "is_for_training": true, "weight_of_cost_no_call_goal_pre": 1.8580298712261416, "weight_of_cost_no_call_goal_post": 1.0252531431739291, "weight_of_cost_call_goal": 13.196284001885394, "weight_of_cost_call_goal_pre": 2.2869529775506234, "weight_of_cost_call_goal_post": 1.0850958349569668}