{"group_ID": 0, "generation_ID": 10, "individual_ID": 18, "rank": 16, "number_of_nan": 7, "search_time": 38.400000000000006, "ancestors": [1, 10, 0, 1, 2, 2, 2, 4, 6], "ancestor_ranks": [0, 0, 1, 2, 2, 2, 4, 6, 8], "is_for_training": true, "weight_of_cost_no_call_goal_pre": 2.3113681568605093, "weight_of_cost_no_call_goal_post": 0.7917337222152584, "weight_of_cost_call_goal": 10.94834989141138, "weight_of_cost_call_goal_pre": 2.3419881638759623, "weight_of_cost_call_goal_post": 0.7620323403483917}