{"group_ID": 0, "generation_ID": 3, "individual_ID": 7, "rank": 11, "number_of_nan": 10, "search_time": 16.700000000000003, "ancestors": [1, 20], "ancestor_ranks": [0, 7], "is_for_training": true, "weight_of_cost_no_call_goal_pre": 3.6205249638866057, "weight_of_cost_no_call_goal_post": 0.7711917637484432, "weight_of_cost_call_goal": 10.607944385628999, "weight_of_cost_call_goal_pre": 3.3892214859101704, "weight_of_cost_call_goal_post": 0.9959128826787896}