{"group_ID": 0, "generation_ID": 6, "individual_ID": 16, "rank": 10, "number_of_nan": 6, "search_time": 44.400000000000006, "ancestors": [1, 10, 10, 3, 5], "ancestor_ranks": [0, 0, 3, 5, 6], "is_for_training": true, "weight_of_cost_no_call_goal_pre": 2.1768845836587554, "weight_of_cost_no_call_goal_post": 0.977446024759245, "weight_of_cost_call_goal": 12.42550352769764, "weight_of_cost_call_goal_pre": 3.0170702912089826, "weight_of_cost_call_goal_post": 0.8095408497607527}