{"group_ID": 1, "generation_ID": 4, "individual_ID": 2, "rank": 5, "number_of_nan": 10, "search_time": 31.099999999999998, "ancestors": [6, 0, 10], "ancestor_ranks": [0, 0, 2], "is_for_training": true, "weight_of_cost_no_call_goal_pre": 2.6143769386966675, "weight_of_cost_no_call_goal_post": 0.8692359880720238, "weight_of_cost_call_goal": 8.104858008052066, "weight_of_cost_call_goal_pre": 3.2372407097953717, "weight_of_cost_call_goal_post": 1.051888451111968}