{"group_ID": 0, "generation_ID": 5, "individual_ID": 9, "rank": 13, "number_of_nan": 7, "search_time": 37.800000000000004, "ancestors": [7, 21, 3, 7], "ancestor_ranks": [1, 3, 7, 9], "is_for_training": true, "weight_of_cost_no_call_goal_pre": 2.8806867166114345, "weight_of_cost_no_call_goal_post": 0.6652804021734544, "weight_of_cost_call_goal": 12.88965116240852, "weight_of_cost_call_goal_pre": 2.9460045711070784, "weight_of_cost_call_goal_post": 0.7457832973657262}