{"group_ID": 1, "generation_ID": 7, "individual_ID": 20, "rank": 18, "number_of_nan": 11, "search_time": 30.300000000000004, "ancestors": [6, 20, 21, 11, 0, 0], "ancestor_ranks": [0, 1, 1, 0, 0, 0], "is_for_training": true, "weight_of_cost_no_call_goal_pre": 1.7077096640007865, "weight_of_cost_no_call_goal_post": 0.9344534499982914, "weight_of_cost_call_goal": 10.46502067290541, "weight_of_cost_call_goal_pre": 2.0751888876223297, "weight_of_cost_call_goal_post": 1.0201888951879952}