{"group_ID": 1, "generation_ID": 3, "individual_ID": 11, "rank": 11, "number_of_nan": 15, "search_time": 31.999999999999996, "ancestors": [6, 20], "ancestor_ranks": [0, 1], "is_for_training": true, "weight_of_cost_no_call_goal_pre": 2.8071052760686697, "weight_of_cost_no_call_goal_post": 1.1474430357471266, "weight_of_cost_call_goal": 9.799335841746455, "weight_of_cost_call_goal_pre": 2.9822679016651654, "weight_of_cost_call_goal_post": 1.250729347608616}