{"group_ID": 0, "generation_ID": 10, "individual_ID": 11, "rank": 18, "number_of_nan": 11, "search_time": 14.2, "ancestors": [5, 3, 16, 0, 0, 0, 0, 0, 10], "ancestor_ranks": [3, 6, 0, 0, 0, 0, 0, 0, 1], "is_for_training": true, "weight_of_cost_no_call_goal_pre": 3.9423695818804063, "weight_of_cost_no_call_goal_post": 1.1926715227982132, "weight_of_cost_call_goal": 17.06248854228332, "weight_of_cost_call_goal_pre": 2.8283619619487212, "weight_of_cost_call_goal_post": 1.603369542959236}