{"group_ID": 1, "generation_ID": 8, "individual_ID": 16, "rank": 21, "number_of_nan": 18, "search_time": 9.9, "ancestors": [6, 20, 21, 11, 20, 1, 2], "ancestor_ranks": [0, 1, 1, 0, 1, 2, 6], "is_for_training": true, "weight_of_cost_no_call_goal_pre": 1.8143452892349403, "weight_of_cost_no_call_goal_post": 1.0055971175078773, "weight_of_cost_call_goal": 14.406320837577528, "weight_of_cost_call_goal_pre": 1.9023847462447587, "weight_of_cost_call_goal_post": 0.9643637088012424}