{"group_ID": 0, "generation_ID": 8, "individual_ID": 14, "rank": 20, "number_of_nan": 18, "search_time": 7.4, "ancestors": [1, 10, 0, 1, 2, 2, 2], "ancestor_ranks": [0, 0, 1, 2, 2, 2, 4], "is_for_training": true, "weight_of_cost_no_call_goal_pre": 2.7204274468894085, "weight_of_cost_no_call_goal_post": 0.8443236224977497, "weight_of_cost_call_goal": 12.291622438107643, "weight_of_cost_call_goal_pre": 2.2236129352012823, "weight_of_cost_call_goal_post": 0.6929200783383072}