{"group_ID": 1, "generation_ID": 8, "individual_ID": 4, "rank": 7, "number_of_nan": 6, "search_time": 50.5, "ancestors": [6, 20, 21, 11, 20, 1, 12], "ancestor_ranks": [0, 1, 1, 0, 1, 2, 4], "is_for_training": true, "weight_of_cost_no_call_goal_pre": 1.5571213538377262, "weight_of_cost_no_call_goal_post": 0.9856497136496088, "weight_of_cost_call_goal": 13.683859646187557, "weight_of_cost_call_goal_pre": 2.0193399635317286, "weight_of_cost_call_goal_post": 1.3109414288924497}