{"group_ID": 1, "generation_ID": 7, "individual_ID": 10, "rank": 13, "number_of_nan": 8, "search_time": 40.800000000000004, "ancestors": [6, 20, 21, 11, 0, 0], "ancestor_ranks": [0, 1, 1, 0, 0, 0], "is_for_training": true, "weight_of_cost_no_call_goal_pre": 2.0519003195382686, "weight_of_cost_no_call_goal_post": 1.161861750112492, "weight_of_cost_call_goal": 10.415378179431078, "weight_of_cost_call_goal_pre": 1.8917904577725797, "weight_of_cost_call_goal_post": 0.9978319765047358}