{"group_ID": 0, "generation_ID": 6, "individual_ID": 1, "rank": 1, "number_of_nan": 4, "search_time": 59.599999999999994, "ancestors": [1, 10, 0, 21, 1], "ancestor_ranks": [0, 0, 1, 1, 1], "is_for_training": true, "weight_of_cost_no_call_goal_pre": 2.1911919726861266, "weight_of_cost_no_call_goal_post": 0.6997351083320829, "weight_of_cost_call_goal": 11.531107291483329, "weight_of_cost_call_goal_pre": 2.0146375208340594, "weight_of_cost_call_goal_post": 0.7529465041767227}