{"group_ID": 1, "generation_ID": 10, "individual_ID": 15, "rank": 10, "number_of_nan": 6, "search_time": 45.2, "ancestors": [6, 20, 21, 11, 20, 21, 11, 2, 3], "ancestor_ranks": [0, 1, 1, 0, 1, 1, 2, 3, 5], "is_for_training": true, "weight_of_cost_no_call_goal_pre": 2.3809698522395317, "weight_of_cost_no_call_goal_post": 0.8769867632583326, "weight_of_cost_call_goal": 12.129538248155797, "weight_of_cost_call_goal_pre": 2.3748530628736235, "weight_of_cost_call_goal_post": 0.8666679228105048}