{"group_ID": 0, "generation_ID": 8, "individual_ID": 16, "rank": 17, "number_of_nan": 10, "search_time": 24.0, "ancestors": [1, 10, 10, 3, 5, 6, 17], "ancestor_ranks": [0, 0, 3, 5, 6, 7, 6], "is_for_training": true, "weight_of_cost_no_call_goal_pre": 3.1176630046761327, "weight_of_cost_no_call_goal_post": 0.9896601128338851, "weight_of_cost_call_goal": 8.758922055839976, "weight_of_cost_call_goal_pre": 2.5360752351197005, "weight_of_cost_call_goal_post": 0.9076896064052213}