{"group_ID": 0, "generation_ID": 10, "individual_ID": 12, "rank": 19, "number_of_nan": 15, "search_time": 12.7, "ancestors": [5, 3, 16, 0, 0, 0, 20, 1, 1], "ancestor_ranks": [3, 6, 0, 0, 0, 0, 1, 1, 2], "is_for_training": true, "weight_of_cost_no_call_goal_pre": 3.6955200242890562, "weight_of_cost_no_call_goal_post": 1.0958782407731935, "weight_of_cost_call_goal": 19.206509994437738, "weight_of_cost_call_goal_pre": 4.148569081692181, "weight_of_cost_call_goal_post": 1.1632254889157274}