{"group_ID": 0, "generation_ID": 3, "individual_ID": 19, "rank": 13, "number_of_nan": 10, "search_time": 30.700000000000003, "ancestors": [7, 11], "ancestor_ranks": [1, 9], "is_for_training": true, "weight_of_cost_no_call_goal_pre": 4.506190073192813, "weight_of_cost_no_call_goal_post": 0.6022393076178528, "weight_of_cost_call_goal": 9.068446352100448, "weight_of_cost_call_goal_pre": 3.283854824003139, "weight_of_cost_call_goal_post": 0.7582064298676362}