{"group_ID": 0, "generation_ID": 10, "individual_ID": 6, "rank": 7, "number_of_nan": 4, "search_time": 56.7, "ancestors": [7, 1, 2, 14, 14, 3, 3, 15, 4], "ancestor_ranks": [1, 2, 4, 4, 3, 3, 5, 4, 6], "is_for_training": true, "weight_of_cost_no_call_goal_pre": 3.279184223629708, "weight_of_cost_no_call_goal_post": 0.8639914624417218, "weight_of_cost_call_goal": 9.240997622409942, "weight_of_cost_call_goal_pre": 2.7098322393799883, "weight_of_cost_call_goal_post": 0.9436633613648772}