{"group_ID": 0, "generation_ID": 10, "individual_ID": 10, "rank": 20, "number_of_nan": 17, "search_time": 16.5, "ancestors": [5, 3, 16, 0, 0, 0, 0, 0, 0], "ancestor_ranks": [3, 6, 0, 0, 0, 0, 0, 0, 0], "is_for_training": true, "weight_of_cost_no_call_goal_pre": 3.400283618680705, "weight_of_cost_no_call_goal_post": 1.349361774141591, "weight_of_cost_call_goal": 13.453413238336864, "weight_of_cost_call_goal_pre": 3.1105590621666837, "weight_of_cost_call_goal_post": 1.2349575440595273}