{"group_ID": 1, "generation_ID": 10, "individual_ID": 21, "rank": 3, "number_of_nan": 5, "search_time": 55.800000000000004, "ancestors": [6, 0, 20, 10, 1, 2, 13, 13, 1], "ancestor_ranks": [0, 0, 0, 1, 2, 3, 3, 1, 1], "is_for_training": true, "weight_of_cost_no_call_goal_pre": 3.6528622539983973, "weight_of_cost_no_call_goal_post": 1.033438109260628, "weight_of_cost_call_goal": 10.821609938583123, "weight_of_cost_call_goal_pre": 2.527043048848989, "weight_of_cost_call_goal_post": 1.1559208462695312}