{"group_ID": 1, "generation_ID": 4, "individual_ID": 19, "rank": 19, "number_of_nan": 13, "search_time": 15.399999999999999, "ancestors": [4, 21, 5], "ancestor_ranks": [1, 5, 9], "is_for_training": true, "weight_of_cost_no_call_goal_pre": 4.138820784526648, "weight_of_cost_no_call_goal_post": 1.16246534832948, "weight_of_cost_call_goal": 10.602291269336568, "weight_of_cost_call_goal_pre": 3.5930670803956377, "weight_of_cost_call_goal_post": 1.0197824256871946}