{"group_ID": 0, "generation_ID": 9, "individual_ID": 18, "rank": 12, "number_of_nan": 4, "search_time": 85.2, "ancestors": [1, 10, 0, 1, 2, 12, 6, 19], "ancestor_ranks": [0, 0, 1, 2, 2, 6, 9, 8], "is_for_training": true, "weight_of_cost_no_call_goal_pre": 2.226880217265282, "weight_of_cost_no_call_goal_post": 0.6701271867618467, "weight_of_cost_call_goal": 8.867809611468045, "weight_of_cost_call_goal_pre": 2.221801665784478, "weight_of_cost_call_goal_post": 0.5710434881734822}