{"group_ID": 0, "generation_ID": 5, "individual_ID": 8, "rank": 12, "number_of_nan": 7, "search_time": 35.300000000000004, "ancestors": [1, 0, 21, 6], "ancestor_ranks": [0, 1, 6, 8], "is_for_training": true, "weight_of_cost_no_call_goal_pre": 2.512186989509557, "weight_of_cost_no_call_goal_post": 1.0579920902304432, "weight_of_cost_call_goal": 11.043428281277873, "weight_of_cost_call_goal_pre": 3.100212303841017, "weight_of_cost_call_goal_post": 0.7821827310919013}