{"group_ID": 0, "generation_ID": 9, "individual_ID": 14, "rank": 15, "number_of_nan": 6, "search_time": 51.099999999999994, "ancestors": [7, 1, 2, 14, 14, 3, 3, 15], "ancestor_ranks": [1, 2, 4, 4, 3, 3, 5, 4], "is_for_training": true, "weight_of_cost_no_call_goal_pre": 2.9584415882447512, "weight_of_cost_no_call_goal_post": 0.9870109381974962, "weight_of_cost_call_goal": 9.959922324255446, "weight_of_cost_call_goal_pre": 3.01734598029246, "weight_of_cost_call_goal_post": 1.0917279182020725}