{"group_ID": 0, "generation_ID": 9, "individual_ID": 21, "rank": 20, "number_of_nan": 18, "search_time": 5.300000000000001, "ancestors": [5, 3, 16, 0, 0, 0, 20, 1], "ancestor_ranks": [3, 6, 0, 0, 0, 0, 1, 1], "is_for_training": true, "weight_of_cost_no_call_goal_pre": 3.6215339723094604, "weight_of_cost_no_call_goal_post": 0.9556196927507276, "weight_of_cost_call_goal": 18.044021461962522, "weight_of_cost_call_goal_pre": 3.7262038189948163, "weight_of_cost_call_goal_post": 0.9542713262082787}