{"group_ID": 1, "generation_ID": 7, "individual_ID": 19, "rank": 20, "number_of_nan": 16, "search_time": 13.3, "ancestors": [6, 0, 20, 20, 3, 6], "ancestor_ranks": [0, 0, 0, 3, 6, 9], "is_for_training": true, "weight_of_cost_no_call_goal_pre": 2.4012845269319185, "weight_of_cost_no_call_goal_post": 1.1134144565983037, "weight_of_cost_call_goal": 12.545774789416324, "weight_of_cost_call_goal_pre": 2.868070722206442, "weight_of_cost_call_goal_post": 0.8440125523865264}