{"group_ID": 1, "generation_ID": 8, "individual_ID": 2, "rank": 3, "number_of_nan": 6, "search_time": 44.7, "ancestors": [6, 20, 21, 11, 20, 21, 11], "ancestor_ranks": [0, 1, 1, 0, 1, 1, 2], "is_for_training": true, "weight_of_cost_no_call_goal_pre": 1.7193931766615842, "weight_of_cost_no_call_goal_post": 0.8894182726277761, "weight_of_cost_call_goal": 12.500553367726829, "weight_of_cost_call_goal_pre": 2.0161310996048853, "weight_of_cost_call_goal_post": 0.9474949298138523}