{"group_ID": 0, "generation_ID": 9, "individual_ID": 19, "rank": 4, "number_of_nan": 3, "search_time": 80.99999999999999, "ancestors": [5, 3, 16, 0, 0, 0, 20, 11], "ancestor_ranks": [3, 6, 0, 0, 0, 0, 1, 9], "is_for_training": true, "weight_of_cost_no_call_goal_pre": 3.8618692106249655, "weight_of_cost_no_call_goal_post": 0.7731792629916847, "weight_of_cost_call_goal": 16.704830704474944, "weight_of_cost_call_goal_pre": 3.4402231918980846, "weight_of_cost_call_goal_post": 0.9920517229139394}