{"group_ID": 1, "generation_ID": 8, "individual_ID": 15, "rank": 17, "number_of_nan": 11, "search_time": 26.900000000000002, "ancestors": [6, 20, 21, 11, 20, 21, 1], "ancestor_ranks": [0, 1, 1, 0, 1, 1, 5], "is_for_training": true, "weight_of_cost_no_call_goal_pre": 1.913529725402542, "weight_of_cost_no_call_goal_post": 1.1880815463845358, "weight_of_cost_call_goal": 16.10756038119791, "weight_of_cost_call_goal_pre": 2.3348903166305597, "weight_of_cost_call_goal_post": 1.035871984921414}