{"group_ID": 1, "generation_ID": 10, "individual_ID": 11, "rank": 20, "number_of_nan": 15, "search_time": 24.099999999999998, "ancestors": [6, 0, 20, 10, 1, 2, 13, 13, 1], "ancestor_ranks": [0, 0, 0, 1, 2, 3, 3, 1, 1], "is_for_training": true, "weight_of_cost_no_call_goal_pre": 3.158877870702699, "weight_of_cost_no_call_goal_post": 0.9153135785055648, "weight_of_cost_call_goal": 10.83953939267095, "weight_of_cost_call_goal_pre": 2.4962446939886904, "weight_of_cost_call_goal_post": 1.136343014972442}