{"group_ID": 0, "generation_ID": 10, "individual_ID": 20, "rank": 14, "number_of_nan": 6, "search_time": 59.0, "ancestors": [5, 3, 16, 0, 0, 0, 0, 0, 0], "ancestor_ranks": [3, 6, 0, 0, 0, 0, 0, 0, 0], "is_for_training": true, "weight_of_cost_no_call_goal_pre": 3.293961831450827, "weight_of_cost_no_call_goal_post": 1.3592605980529342, "weight_of_cost_call_goal": 14.393346069567947, "weight_of_cost_call_goal_pre": 3.5946538005800046, "weight_of_cost_call_goal_post": 1.1713751366785783}