{"group_ID": 1, "generation_ID": 3, "individual_ID": 13, "rank": 4, "number_of_nan": 11, "search_time": 29.099999999999998, "ancestors": [6, 10], "ancestor_ranks": [0, 3], "is_for_training": true, "weight_of_cost_no_call_goal_pre": 3.0322731873332684, "weight_of_cost_no_call_goal_post": 0.7772113295224636, "weight_of_cost_call_goal": 10.16979734353274, "weight_of_cost_call_goal_pre": 3.8138109555924875, "weight_of_cost_call_goal_post": 0.9483374860154478}