{"group_ID": 0, "generation_ID": 8, "individual_ID": 21, "rank": 19, "number_of_nan": 18, "search_time": 5.2, "ancestors": [5, 3, 16, 0, 0, 0, 20], "ancestor_ranks": [3, 6, 0, 0, 0, 0, 1], "is_for_training": true, "weight_of_cost_no_call_goal_pre": 3.231903117965168, "weight_of_cost_no_call_goal_post": 1.0345437202974628, "weight_of_cost_call_goal": 14.37193639888754, "weight_of_cost_call_goal_pre": 3.5982452200836703, "weight_of_cost_call_goal_post": 0.8349535679564432}