{"group_ID": 1, "generation_ID": 9, "individual_ID": 18, "rank": 13, "number_of_nan": 6, "search_time": 57.5, "ancestors": [6, 20, 21, 11, 20, 21, 1, 5], "ancestor_ranks": [0, 1, 1, 0, 1, 1, 5, 8], "is_for_training": true, "weight_of_cost_no_call_goal_pre": 1.6134934981243287, "weight_of_cost_no_call_goal_post": 1.0233055500168637, "weight_of_cost_call_goal": 16.162262270855067, "weight_of_cost_call_goal_pre": 1.6574512586490286, "weight_of_cost_call_goal_post": 0.9166022692922703}