{"group_ID": 0, "generation_ID": 8, "individual_ID": 9, "rank": 13, "number_of_nan": 5, "search_time": 50.1, "ancestors": [1, 10, 0, 1, 2, 12, 6], "ancestor_ranks": [0, 0, 1, 2, 2, 6, 9], "is_for_training": true, "weight_of_cost_no_call_goal_pre": 2.8094815905000114, "weight_of_cost_no_call_goal_post": 0.8937454078969297, "weight_of_cost_call_goal": 12.307592757729168, "weight_of_cost_call_goal_pre": 2.8439930092243424, "weight_of_cost_call_goal_post": 0.6410717023466469}