{"group_ID": 1, "generation_ID": 9, "individual_ID": 11, "rank": 7, "number_of_nan": 6, "search_time": 48.0, "ancestors": [6, 0, 20, 10, 1, 2, 13, 13], "ancestor_ranks": [0, 0, 0, 1, 2, 3, 3, 1], "is_for_training": true, "weight_of_cost_no_call_goal_pre": 2.5595425349655727, "weight_of_cost_no_call_goal_post": 1.0588425244320538, "weight_of_cost_call_goal": 11.28223511482741, "weight_of_cost_call_goal_pre": 3.59276937287755, "weight_of_cost_call_goal_post": 1.2339334308427987}