{"group_ID": 1, "generation_ID": 7, "individual_ID": 14, "rank": 17, "number_of_nan": 9, "search_time": 31.800000000000004, "ancestors": [6, 0, 20, 0, 12, 3], "ancestor_ranks": [0, 0, 0, 2, 3, 4], "is_for_training": true, "weight_of_cost_no_call_goal_pre": 2.8710784450918188, "weight_of_cost_no_call_goal_post": 1.3626675532897592, "weight_of_cost_call_goal": 13.132230579306183, "weight_of_cost_call_goal_pre": 3.049233693043691, "weight_of_cost_call_goal_post": 1.136244853669232}