{"group_ID": 1, "generation_ID": 4, "individual_ID": 1, "rank": 4, "number_of_nan": 9, "search_time": 45.50000000000001, "ancestors": [6, 20, 21], "ancestor_ranks": [0, 1, 1], "is_for_training": true, "weight_of_cost_no_call_goal_pre": 2.7546016100419104, "weight_of_cost_no_call_goal_post": 1.2251844252789748, "weight_of_cost_call_goal": 9.875247866268008, "weight_of_cost_call_goal_pre": 2.4863125703155866, "weight_of_cost_call_goal_post": 1.1874162091360756}