{"group_ID": 1, "generation_ID": 9, "individual_ID": 2, "rank": 2, "number_of_nan": 6, "search_time": 41.7, "ancestors": [6, 20, 21, 11, 0, 0, 0, 1], "ancestor_ranks": [0, 1, 1, 0, 0, 0, 1, 2], "is_for_training": true, "weight_of_cost_no_call_goal_pre": 2.813272101517468, "weight_of_cost_no_call_goal_post": 1.1114563071803139, "weight_of_cost_call_goal": 11.519227141126814, "weight_of_cost_call_goal_pre": 2.130313676336097, "weight_of_cost_call_goal_post": 1.0617339764802172}