{"group_ID": 0, "generation_ID": 10, "individual_ID": 14, "rank": 17, "number_of_nan": 7, "search_time": 41.3, "ancestors": [5, 3, 16, 0, 0, 0, 20, 11, 19], "ancestor_ranks": [3, 6, 0, 0, 0, 0, 1, 9, 4], "is_for_training": true, "weight_of_cost_no_call_goal_pre": 3.537174391163548, "weight_of_cost_no_call_goal_post": 1.11408233195832, "weight_of_cost_call_goal": 13.560842128020777, "weight_of_cost_call_goal_pre": 3.669854610551353, "weight_of_cost_call_goal_post": 1.0970032258371964}