{"group_ID": 1, "generation_ID": 8, "individual_ID": 19, "rank": 15, "number_of_nan": 11, "search_time": 15.399999999999999, "ancestors": [6, 0, 20, 10, 11, 19, 5], "ancestor_ranks": [0, 0, 0, 1, 9, 5, 9], "is_for_training": true, "weight_of_cost_no_call_goal_pre": 2.6492363327337047, "weight_of_cost_no_call_goal_post": 1.37572227371311, "weight_of_cost_call_goal": 12.571962690087867, "weight_of_cost_call_goal_pre": 2.7632384969349095, "weight_of_cost_call_goal_post": 1.1016013780041762}