{"group_ID": 1, "generation_ID": 10, "individual_ID": 4, "rank": 7, "number_of_nan": 6, "search_time": 44.400000000000006, "ancestors": [6, 20, 21, 11, 20, 21, 11, 12, 14], "ancestor_ranks": [0, 1, 1, 0, 1, 1, 2, 4, 4], "is_for_training": true, "weight_of_cost_no_call_goal_pre": 2.4735298666276644, "weight_of_cost_no_call_goal_post": 0.8636400821237216, "weight_of_cost_call_goal": 14.174711959300357, "weight_of_cost_call_goal_pre": 2.4860413706857982, "weight_of_cost_call_goal_post": 1.2443942026547798}