{"group_ID": 1, "generation_ID": 6, "individual_ID": 10, "rank": 11, "number_of_nan": 9, "search_time": 40.300000000000004, "ancestors": [6, 20, 21, 11, 0], "ancestor_ranks": [0, 1, 1, 0, 0], "is_for_training": true, "weight_of_cost_no_call_goal_pre": 2.4545092690615955, "weight_of_cost_no_call_goal_post": 0.9312412523385604, "weight_of_cost_call_goal": 13.40197447835765, "weight_of_cost_call_goal_pre": 2.398886799563443, "weight_of_cost_call_goal_post": 1.1456784797619715}