{"group_ID": 0, "generation_ID": 9, "individual_ID": 15, "rank": 14, "number_of_nan": 6, "search_time": 46.800000000000004, "ancestors": [1, 10, 0, 21, 1, 1, 1, 3], "ancestor_ranks": [0, 0, 1, 1, 1, 1, 3, 5], "is_for_training": true, "weight_of_cost_no_call_goal_pre": 1.7488726772569367, "weight_of_cost_no_call_goal_post": 0.8859623408947261, "weight_of_cost_call_goal": 13.647985504004138, "weight_of_cost_call_goal_pre": 1.6242528933718061, "weight_of_cost_call_goal_post": 0.6859335499473701}