{"group_ID": 0, "generation_ID": 6, "individual_ID": 20, "rank": 14, "number_of_nan": 6, "search_time": 48.00000000000001, "ancestors": [5, 3, 16, 0, 0], "ancestor_ranks": [3, 6, 0, 0, 0], "is_for_training": true, "weight_of_cost_no_call_goal_pre": 3.569675019755469, "weight_of_cost_no_call_goal_post": 1.1156061666133086, "weight_of_cost_call_goal": 15.277971306103742, "weight_of_cost_call_goal_pre": 4.070167135985406, "weight_of_cost_call_goal_post": 1.2273203164871274}