{"group_ID": 0, "generation_ID": 9, "individual_ID": 1, "rank": 2, "number_of_nan": 3, "search_time": 72.5, "ancestors": [5, 3, 16, 0, 0, 0, 20, 1], "ancestor_ranks": [3, 6, 0, 0, 0, 0, 1, 1], "is_for_training": true, "weight_of_cost_no_call_goal_pre": 3.5892172529579986, "weight_of_cost_no_call_goal_post": 1.1065708695762866, "weight_of_cost_call_goal": 16.05730011601384, "weight_of_cost_call_goal_pre": 3.6510269411063603, "weight_of_cost_call_goal_post": 0.9819058431687153}