{"group_ID": 1, "generation_ID": 2, "individual_ID": 19, "rank": 20, "number_of_nan": 20, "search_time": 1.9000000000000001, "ancestors": [8], "ancestor_ranks": [9], "is_for_training": true, "weight_of_cost_no_call_goal_pre": 2.8135520870247905, "weight_of_cost_no_call_goal_post": 1.0921486550708666, "weight_of_cost_call_goal": 10.473459707170798, "weight_of_cost_call_goal_pre": 2.8199105117730463, "weight_of_cost_call_goal_post": 1.106636080814027}