{"group_ID": 0, "generation_ID": 5, "individual_ID": 20, "rank": 10, "number_of_nan": 6, "search_time": 55.49999999999999, "ancestors": [5, 3, 16, 0], "ancestor_ranks": [3, 6, 0, 0], "is_for_training": true, "weight_of_cost_no_call_goal_pre": 3.318863050618933, "weight_of_cost_no_call_goal_post": 1.0089428852407158, "weight_of_cost_call_goal": 15.803045593866793, "weight_of_cost_call_goal_pre": 3.926194650480504, "weight_of_cost_call_goal_post": 1.2032174757091965}