{"group_ID": 0, "generation_ID": 2, "individual_ID": 13, "rank": 14, "number_of_nan": 15, "search_time": 20.900000000000002, "ancestors": [5], "ancestor_ranks": [3], "is_for_training": true, "weight_of_cost_no_call_goal_pre": 3.71791703050343, "weight_of_cost_no_call_goal_post": 1.1138390090805885, "weight_of_cost_call_goal": 12.026680649202893, "weight_of_cost_call_goal_pre": 3.872126201953492, "weight_of_cost_call_goal_post": 1.0809217306106533}