{"group_ID": 1, "generation_ID": 8, "individual_ID": 21, "rank": 5, "number_of_nan": 6, "search_time": 48.800000000000004, "ancestors": [6, 20, 21, 11, 0, 0, 0], "ancestor_ranks": [0, 1, 1, 0, 0, 0, 1], "is_for_training": true, "weight_of_cost_no_call_goal_pre": 1.7446248005725613, "weight_of_cost_no_call_goal_post": 0.8646532583350468, "weight_of_cost_call_goal": 11.107165619570337, "weight_of_cost_call_goal_pre": 2.081780822001338, "weight_of_cost_call_goal_post": 1.1663338705073047}