{"group_ID": 1, "generation_ID": 3, "individual_ID": 15, "rank": 10, "number_of_nan": 13, "search_time": 15.799999999999999, "ancestors": [4, 21], "ancestor_ranks": [1, 5], "is_for_training": true, "weight_of_cost_no_call_goal_pre": 3.319986609221212, "weight_of_cost_no_call_goal_post": 1.1246536402721492, "weight_of_cost_call_goal": 9.747703410442089, "weight_of_cost_call_goal_pre": 3.998003009961556, "weight_of_cost_call_goal_post": 0.9217866356657219}