{"group_ID": 1, "generation_ID": 10, "individual_ID": 10, "rank": 19, "number_of_nan": 13, "search_time": 9.7, "ancestors": [6, 20, 21, 11, 20, 21, 21, 0, 0], "ancestor_ranks": [0, 1, 1, 0, 1, 1, 0, 0, 0], "is_for_training": true, "weight_of_cost_no_call_goal_pre": 1.5367593719961223, "weight_of_cost_no_call_goal_post": 1.0669972498715734, "weight_of_cost_call_goal": 13.98389433866056, "weight_of_cost_call_goal_pre": 1.5230383026932455, "weight_of_cost_call_goal_post": 0.949831608249873}