{"group_ID": 0, "generation_ID": 4, "individual_ID": 18, "rank": 12, "number_of_nan": 7, "search_time": 53.800000000000004, "ancestors": [4, 12, 4], "ancestor_ranks": [2, 4, 8], "is_for_training": true, "weight_of_cost_no_call_goal_pre": 3.966788904281853, "weight_of_cost_no_call_goal_post": 0.9545066646178558, "weight_of_cost_call_goal": 15.91715167056959, "weight_of_cost_call_goal_pre": 3.1704138598622937, "weight_of_cost_call_goal_post": 0.9499529083555083}