{"group_ID": 0, "generation_ID": 6, "individual_ID": 8, "rank": 11, "number_of_nan": 6, "search_time": 45.900000000000006, "ancestors": [1, 10, 10, 3, 15], "ancestor_ranks": [0, 0, 3, 5, 8], "is_for_training": true, "weight_of_cost_no_call_goal_pre": 2.827588247982732, "weight_of_cost_no_call_goal_post": 0.8659395731588618, "weight_of_cost_call_goal": 10.780640355102312, "weight_of_cost_call_goal_pre": 2.544241671287443, "weight_of_cost_call_goal_post": 0.7550257749868395}