{"group_ID": 1, "generation_ID": 10, "individual_ID": 3, "rank": 6, "number_of_nan": 6, "search_time": 43.800000000000004, "ancestors": [6, 20, 21, 11, 20, 21, 21, 0, 20], "ancestor_ranks": [0, 1, 1, 0, 1, 1, 0, 0, 3], "is_for_training": true, "weight_of_cost_no_call_goal_pre": 1.4055971030896453, "weight_of_cost_no_call_goal_post": 0.9527253416759273, "weight_of_cost_call_goal": 12.815185918822255, "weight_of_cost_call_goal_pre": 1.3795955875730064, "weight_of_cost_call_goal_post": 1.1389892433074729}