{"group_ID": 0, "generation_ID": 8, "individual_ID": 19, "rank": 8, "number_of_nan": 4, "search_time": 62.7, "ancestors": [1, 10, 0, 1, 2, 12, 6], "ancestor_ranks": [0, 0, 1, 2, 2, 6, 9], "is_for_training": true, "weight_of_cost_no_call_goal_pre": 3.1954587719351144, "weight_of_cost_no_call_goal_post": 0.5385341079894136, "weight_of_cost_call_goal": 10.281241639691462, "weight_of_cost_call_goal_pre": 2.461984353360691, "weight_of_cost_call_goal_post": 0.7106344967766461}