{"group_ID": 1, "generation_ID": 10, "individual_ID": 0, "rank": 0, "number_of_nan": 8, "search_time": 90.1, "ancestors": [6, 20, 21, 11, 20, 21, 21, 0, 0], "ancestor_ranks": [0, 1, 1, 0, 1, 1, 0, 0, 0], "is_for_training": false, "weight_of_cost_no_call_goal_pre": 2.0459844257529722, "weight_of_cost_no_call_goal_post": 0.8916340281799485, "weight_of_cost_call_goal": 14.062584308904652, "weight_of_cost_call_goal_pre": 1.6739895199650594, "weight_of_cost_call_goal_post": 1.0204817582372314}