{"group_ID": 1, "generation_ID": 7, "individual_ID": 18, "rank": 21, "number_of_nan": 17, "search_time": 2.8, "ancestors": [6, 20, 21, 11, 0, 20], "ancestor_ranks": [0, 1, 1, 0, 0, 8], "is_for_training": true, "weight_of_cost_no_call_goal_pre": 1.8112996625128943, "weight_of_cost_no_call_goal_post": 1.4571124518675018, "weight_of_cost_call_goal": 9.759375547081234, "weight_of_cost_call_goal_pre": 2.2056616296428246, "weight_of_cost_call_goal_post": 1.3133759459939276}