{"group_ID": 0, "generation_ID": 5, "individual_ID": 17, "rank": 14, "number_of_nan": 8, "search_time": 42.199999999999996, "ancestors": [4, 2, 15, 5], "ancestor_ranks": [2, 5, 5, 7], "is_for_training": true, "weight_of_cost_no_call_goal_pre": 3.0280336961880514, "weight_of_cost_no_call_goal_post": 1.1012554199960176, "weight_of_cost_call_goal": 9.467395191905341, "weight_of_cost_call_goal_pre": 2.843941165711391, "weight_of_cost_call_goal_post": 1.1627970235480602}