{"group_ID": 0, "generation_ID": 6, "individual_ID": 10, "rank": 15, "number_of_nan": 6, "search_time": 55.10000000000001, "ancestors": [5, 3, 16, 0, 0], "ancestor_ranks": [3, 6, 0, 0, 0], "is_for_training": true, "weight_of_cost_no_call_goal_pre": 3.2690397210455537, "weight_of_cost_no_call_goal_post": 1.3085545208820226, "weight_of_cost_call_goal": 14.736273766611836, "weight_of_cost_call_goal_pre": 2.9662258979105345, "weight_of_cost_call_goal_post": 1.1782839620902597}