{"group_ID": 1, "generation_ID": 9, "individual_ID": 13, "rank": 20, "number_of_nan": 18, "search_time": 6.4, "ancestors": [6, 20, 21, 11, 20, 21, 11, 2], "ancestor_ranks": [0, 1, 1, 0, 1, 1, 2, 3], "is_for_training": true, "weight_of_cost_no_call_goal_pre": 2.1159331994433725, "weight_of_cost_no_call_goal_post": 1.1329576832048889, "weight_of_cost_call_goal": 10.473048944441, "weight_of_cost_call_goal_pre": 2.3917969632765153, "weight_of_cost_call_goal_post": 1.1162745525387103}