{"group_ID": 0, "generation_ID": 2, "individual_ID": 17, "rank": 18, "number_of_nan": 18, "search_time": 7.200000000000001, "ancestors": [6], "ancestor_ranks": [7], "is_for_training": true, "weight_of_cost_no_call_goal_pre": 2.8684856321353265, "weight_of_cost_no_call_goal_post": 1.1745754363330463, "weight_of_cost_call_goal": 11.924004753456304, "weight_of_cost_call_goal_pre": 2.921456795957642, "weight_of_cost_call_goal_post": 1.261708031763919}