{"group_ID": 1, "generation_ID": 8, "individual_ID": 3, "rank": 6, "number_of_nan": 6, "search_time": 49.800000000000004, "ancestors": [6, 0, 20, 10, 1, 2, 13], "ancestor_ranks": [0, 0, 0, 1, 2, 3, 3], "is_for_training": true, "weight_of_cost_no_call_goal_pre": 2.718041494197752, "weight_of_cost_no_call_goal_post": 1.4046781187408535, "weight_of_cost_call_goal": 11.997659013578504, "weight_of_cost_call_goal_pre": 3.516104644022339, "weight_of_cost_call_goal_post": 1.0444243934354045}