{"group_ID": 1, "generation_ID": 9, "individual_ID": 16, "rank": 16, "number_of_nan": 15, "search_time": 29.299999999999997, "ancestors": [6, 0, 20, 10, 1, 2, 13, 3], "ancestor_ranks": [0, 0, 0, 1, 2, 3, 3, 6], "is_for_training": true, "weight_of_cost_no_call_goal_pre": 2.851279349720136, "weight_of_cost_no_call_goal_post": 1.0635778611229958, "weight_of_cost_call_goal": 11.938586644268508, "weight_of_cost_call_goal_pre": 3.9750817743062825, "weight_of_cost_call_goal_post": 1.0105210443629344}