{"group_ID": 1, "generation_ID": 5, "individual_ID": 21, "rank": 5, "number_of_nan": 8, "search_time": 40.10000000000001, "ancestors": [6, 0, 20, 10], "ancestor_ranks": [0, 0, 0, 1], "is_for_training": true, "weight_of_cost_no_call_goal_pre": 3.3124877616896544, "weight_of_cost_no_call_goal_post": 1.0402229602907347, "weight_of_cost_call_goal": 12.544586865100056, "weight_of_cost_call_goal_pre": 3.7234348161820496, "weight_of_cost_call_goal_post": 1.1234619994184303}