{"group_ID": 0, "generation_ID": 10, "individual_ID": 9, "rank": 10, "number_of_nan": 4, "search_time": 61.800000000000004, "ancestors": [7, 1, 2, 14, 14, 3, 3, 5, 7], "ancestor_ranks": [1, 2, 4, 4, 3, 3, 5, 7, 9], "is_for_training": true, "weight_of_cost_no_call_goal_pre": 3.646083270036341, "weight_of_cost_no_call_goal_post": 1.0011049583624283, "weight_of_cost_call_goal": 11.43683411145898, "weight_of_cost_call_goal_pre": 2.8972202277298873, "weight_of_cost_call_goal_post": 0.8503927208433076}