{"group_ID": 1, "generation_ID": 5, "individual_ID": 9, "rank": 14, "number_of_nan": 11, "search_time": 23.699999999999996, "ancestors": [6, 0, 0, 13], "ancestor_ranks": [0, 0, 3, 9], "is_for_training": true, "weight_of_cost_no_call_goal_pre": 3.5920777121573444, "weight_of_cost_no_call_goal_post": 1.0238053625822165, "weight_of_cost_call_goal": 11.941136879086427, "weight_of_cost_call_goal_pre": 2.5350596669172627, "weight_of_cost_call_goal_post": 0.8494238848588261}