{"group_ID": 1, "generation_ID": 10, "individual_ID": 12, "rank": 2, "number_of_nan": 5, "search_time": 49.800000000000004, "ancestors": [6, 20, 21, 11, 0, 0, 0, 1, 2], "ancestor_ranks": [0, 1, 1, 0, 0, 0, 1, 2, 2], "is_for_training": true, "weight_of_cost_no_call_goal_pre": 2.460538555796369, "weight_of_cost_no_call_goal_post": 1.0402452549236805, "weight_of_cost_call_goal": 9.708109393258773, "weight_of_cost_call_goal_pre": 1.7694396522648528, "weight_of_cost_call_goal_post": 1.170373329788101}