{"group_ID": 0, "generation_ID": 5, "individual_ID": 4, "rank": 5, "number_of_nan": 5, "search_time": 49.099999999999994, "ancestors": [7, 1, 2, 14], "ancestor_ranks": [1, 2, 4, 4], "is_for_training": true, "weight_of_cost_no_call_goal_pre": 3.3234406932199163, "weight_of_cost_no_call_goal_post": 0.9386183615727728, "weight_of_cost_call_goal": 12.033555339756633, "weight_of_cost_call_goal_pre": 3.54372412078698, "weight_of_cost_call_goal_post": 0.9151853999569428}