{"group_ID": 1, "generation_ID": 3, "individual_ID": 16, "rank": 21, "number_of_nan": 29, "search_time": 6.800000000000001, "ancestors": [7, 12], "ancestor_ranks": [2, 6], "is_for_training": true, "weight_of_cost_no_call_goal_pre": 2.615693492969857, "weight_of_cost_no_call_goal_post": 1.154019461817875, "weight_of_cost_call_goal": 8.012030624343039, "weight_of_cost_call_goal_pre": 2.053302279668988, "weight_of_cost_call_goal_post": 1.0456347674992665}