{"group_ID": 0, "generation_ID": 7, "individual_ID": 12, "rank": 12, "number_of_nan": 6, "search_time": 61.800000000000004, "ancestors": [7, 12, 3, 5, 17, 12], "ancestor_ranks": [2, 3, 5, 7, 2, 2], "is_for_training": true, "weight_of_cost_no_call_goal_pre": 3.304348990469921, "weight_of_cost_no_call_goal_post": 0.8690957421407144, "weight_of_cost_call_goal": 13.813694371827726, "weight_of_cost_call_goal_pre": 4.520163479708812, "weight_of_cost_call_goal_post": 0.6085021216191026}