{"group_ID": 0, "generation_ID": 7, "individual_ID": 18, "rank": 0, "number_of_nan": 10, "search_time": 36.900000000000006, "ancestors": [1, 1, 2, 3, 5, 7], "ancestor_ranks": [1, 2, 3, 5, 7, 8], "is_for_training": false, "weight_of_cost_no_call_goal_pre": 2.7299434194761436, "weight_of_cost_no_call_goal_post": 0.7853289721679555, "weight_of_cost_call_goal": 9.08058072975806, "weight_of_cost_call_goal_pre": 2.8824362096608227, "weight_of_cost_call_goal_post": 1.0086564663611401}