{"group_ID": 0, "generation_ID": 10, "individual_ID": 21, "rank": 5, "number_of_nan": 4, "search_time": 79.89999999999999, "ancestors": [5, 20, 0, 0, 0, 0, 20, 11, 10], "ancestor_ranks": [0, 0, 0, 0, 0, 0, 1, 0, 1], "is_for_training": true, "weight_of_cost_no_call_goal_pre": 3.378177533095093, "weight_of_cost_no_call_goal_post": 1.2597971529041205, "weight_of_cost_call_goal": 11.631787943624984, "weight_of_cost_call_goal_pre": 4.72564119227359, "weight_of_cost_call_goal_post": 1.2538752136695008}