{"group_ID": 1, "generation_ID": 8, "individual_ID": 10, "rank": 21, "number_of_nan": 29, "search_time": 4.2, "ancestors": [6, 11, 20, 10, 0, 21, 14], "ancestor_ranks": [1, 0, 0, 0, 1, 4, 0], "is_for_training": true, "weight_of_cost_no_call_goal_pre": 3.227556254173815, "weight_of_cost_no_call_goal_post": 1.1009954544362412, "weight_of_cost_call_goal": 14.71965498229599, "weight_of_cost_call_goal_pre": 2.8329227226365075, "weight_of_cost_call_goal_post": 1.0778993610960084}