{"group_ID": 0, "generation_ID": 9, "individual_ID": 20, "rank": 19, "number_of_nan": 25, "search_time": 5.1, "ancestors": [5, 20, 0, 0, 0, 0, 20, 11], "ancestor_ranks": [0, 0, 0, 0, 0, 0, 1, 0], "is_for_training": true, "weight_of_cost_no_call_goal_pre": 5.032263134492263, "weight_of_cost_no_call_goal_post": 0.902956778453375, "weight_of_cost_call_goal": 13.306820875837817, "weight_of_cost_call_goal_pre": 4.103577221729413, "weight_of_cost_call_goal_post": 0.7914350395096149}