{"group_ID": 1, "generation_ID": 10, "individual_ID": 8, "rank": 11, "number_of_nan": 6, "search_time": 71.3, "ancestors": [6, 11, 10, 1, 15, 18, 11, 4, 5], "ancestor_ranks": [1, 0, 1, 5, 8, 1, 4, 5, 8], "is_for_training": true, "weight_of_cost_no_call_goal_pre": 3.099500434670201, "weight_of_cost_no_call_goal_post": 0.6604133779408743, "weight_of_cost_call_goal": 6.528345392417658, "weight_of_cost_call_goal_pre": 3.634421320497888, "weight_of_cost_call_goal_post": 0.7035366221243478}