{"group_ID": 1, "generation_ID": 8, "individual_ID": 2, "rank": 3, "number_of_nan": 5, "search_time": 81.5, "ancestors": [6, 11, 10, 1, 15, 18, 1], "ancestor_ranks": [1, 0, 1, 5, 8, 1, 2], "is_for_training": true, "weight_of_cost_no_call_goal_pre": 2.875820977202387, "weight_of_cost_no_call_goal_post": 0.9775348942320428, "weight_of_cost_call_goal": 7.231091421543529, "weight_of_cost_call_goal_pre": 3.5290424837426624, "weight_of_cost_call_goal_post": 0.7713604064666807}