{"group_ID": 1, "generation_ID": 10, "individual_ID": 13, "rank": 16, "number_of_nan": 10, "search_time": 56.2, "ancestors": [6, 11, 20, 0, 21, 0, 0, 1, 2], "ancestor_ranks": [1, 0, 0, 1, 0, 0, 1, 2, 3], "is_for_training": true, "weight_of_cost_no_call_goal_pre": 4.531198341425974, "weight_of_cost_no_call_goal_post": 1.1911052239163369, "weight_of_cost_call_goal": 9.501938840611835, "weight_of_cost_call_goal_pre": 3.4362820383527164, "weight_of_cost_call_goal_post": 1.1169047714731717}