{"group_ID": 0, "generation_ID": 5, "individual_ID": 10, "rank": 20, "number_of_nan": 27, "search_time": 9.600000000000001, "ancestors": [5, 20, 0, 0], "ancestor_ranks": [0, 0, 0, 0], "is_for_training": true, "weight_of_cost_no_call_goal_pre": 4.352126855574096, "weight_of_cost_no_call_goal_post": 1.112504346197675, "weight_of_cost_call_goal": 12.94501067246293, "weight_of_cost_call_goal_pre": 4.206189214675806, "weight_of_cost_call_goal_post": 1.080563471387145}