{"group_ID": 1, "generation_ID": 9, "individual_ID": 21, "rank": 18, "number_of_nan": 25, "search_time": 4.699999999999999, "ancestors": [6, 11, 20, 10, 0, 21, 14, 0], "ancestor_ranks": [1, 0, 0, 0, 1, 4, 0, 1], "is_for_training": true, "weight_of_cost_no_call_goal_pre": 4.080720771164499, "weight_of_cost_no_call_goal_post": 1.0499235921800774, "weight_of_cost_call_goal": 14.160451265954116, "weight_of_cost_call_goal_pre": 3.6209556491802397, "weight_of_cost_call_goal_post": 0.8630690251291474}