{"group_ID": 1, "generation_ID": 4, "individual_ID": 13, "rank": 15, "number_of_nan": 14, "search_time": 27.799999999999997, "ancestors": [6, 21, 1], "ancestor_ranks": [1, 1, 3], "is_for_training": true, "weight_of_cost_no_call_goal_pre": 4.261290493769905, "weight_of_cost_no_call_goal_post": 1.0702969195780219, "weight_of_cost_call_goal": 14.18071137844312, "weight_of_cost_call_goal_pre": 3.0073474254782058, "weight_of_cost_call_goal_post": 0.8879966843379274}