{"group_ID": 0, "generation_ID": 10, "individual_ID": 3, "rank": 4, "number_of_nan": 4, "search_time": 79.19999999999999, "ancestors": [5, 20, 0, 0, 0, 0, 0, 12, 2], "ancestor_ranks": [0, 0, 0, 0, 0, 0, 2, 2, 3], "is_for_training": true, "weight_of_cost_no_call_goal_pre": 3.1832242671244666, "weight_of_cost_no_call_goal_post": 1.1632677783008032, "weight_of_cost_call_goal": 13.273927800893459, "weight_of_cost_call_goal_pre": 4.4477811419933895, "weight_of_cost_call_goal_post": 0.9430099367885928}