{"group_ID": 1, "generation_ID": 10, "individual_ID": 21, "rank": 5, "number_of_nan": 6, "search_time": 61.7, "ancestors": [6, 11, 10, 1, 15, 18, 1, 12, 0], "ancestor_ranks": [1, 0, 1, 5, 8, 1, 2, 0, 1], "is_for_training": true, "weight_of_cost_no_call_goal_pre": 4.360961590044279, "weight_of_cost_no_call_goal_post": 0.7924518778433058, "weight_of_cost_call_goal": 7.308363644812141, "weight_of_cost_call_goal_pre": 3.016904801257163, "weight_of_cost_call_goal_post": 0.8863730077845422}