{"group_ID": 1, "generation_ID": 8, "individual_ID": 6, "rank": 8, "number_of_nan": 7, "search_time": 58.2, "ancestors": [6, 11, 20, 10, 0, 21, 4], "ancestor_ranks": [1, 0, 0, 0, 1, 4, 6], "is_for_training": true, "weight_of_cost_no_call_goal_pre": 3.617988084451947, "weight_of_cost_no_call_goal_post": 1.3593430034665002, "weight_of_cost_call_goal": 12.841670197336484, "weight_of_cost_call_goal_pre": 3.5045333203715803, "weight_of_cost_call_goal_post": 1.1235382638418534}