{"group_ID": 0, "generation_ID": 9, "individual_ID": 12, "rank": 15, "number_of_nan": 8, "search_time": 42.7, "ancestors": [5, 20, 0, 0, 0, 0, 0, 12], "ancestor_ranks": [0, 0, 0, 0, 0, 0, 2, 2], "is_for_training": true, "weight_of_cost_no_call_goal_pre": 4.974033554890364, "weight_of_cost_no_call_goal_post": 0.8895775267418279, "weight_of_cost_call_goal": 14.984935578180597, "weight_of_cost_call_goal_pre": 3.7099464847346235, "weight_of_cost_call_goal_post": 0.7841792736698323}