{"group_ID": 1, "generation_ID": 9, "individual_ID": 19, "rank": 15, "number_of_nan": 24, "search_time": 13.7, "ancestors": [6, 11, 10, 1, 15, 18, 21, 7], "ancestor_ranks": [1, 0, 1, 5, 8, 1, 7, 9], "is_for_training": true, "weight_of_cost_no_call_goal_pre": 2.8592291582392537, "weight_of_cost_no_call_goal_post": 0.6777397269815353, "weight_of_cost_call_goal": 6.90977523707735, "weight_of_cost_call_goal_pre": 3.3776050546867658, "weight_of_cost_call_goal_post": 0.6293932030813302}