{"group_ID": 1, "generation_ID": 8, "individual_ID": 13, "rank": 12, "number_of_nan": 8, "search_time": 50.800000000000004, "ancestors": [6, 11, 20, 10, 0, 1, 2], "ancestor_ranks": [1, 0, 0, 0, 1, 2, 3], "is_for_training": true, "weight_of_cost_no_call_goal_pre": 3.309769733578405, "weight_of_cost_no_call_goal_post": 1.4387658525791518, "weight_of_cost_call_goal": 10.769725662026415, "weight_of_cost_call_goal_pre": 2.918425210658974, "weight_of_cost_call_goal_post": 1.4031100852870075}