{"group_ID": 1, "generation_ID": 7, "individual_ID": 7, "rank": 10, "number_of_nan": 8, "search_time": 46.7, "ancestors": [6, 11, 20, 10, 0, 11], "ancestor_ranks": [1, 0, 0, 0, 1, 7], "is_for_training": true, "weight_of_cost_no_call_goal_pre": 2.991972380215769, "weight_of_cost_no_call_goal_post": 1.3545248585062966, "weight_of_cost_call_goal": 12.180700238473683, "weight_of_cost_call_goal_pre": 3.0357039046659815, "weight_of_cost_call_goal_post": 1.1566978279116058}