{"group_ID": 0, "generation_ID": 5, "individual_ID": 0, "rank": 0, "number_of_nan": 6, "search_time": 67.10000000000001, "ancestors": [5, 20, 0, 0], "ancestor_ranks": [0, 0, 0, 0], "is_for_training": false, "weight_of_cost_no_call_goal_pre": 4.012445643612983, "weight_of_cost_no_call_goal_post": 0.8972491265525346, "weight_of_cost_call_goal": 11.743519764006425, "weight_of_cost_call_goal_pre": 3.756103637462919, "weight_of_cost_call_goal_post": 1.158702680851556}