{"group_ID": 0, "generation_ID": 10, "individual_ID": 4, "rank": 6, "number_of_nan": 5, "search_time": 62.7, "ancestors": [5, 20, 0, 0, 0, 0, 20, 1, 3], "ancestor_ranks": [0, 0, 0, 0, 0, 0, 1, 3, 4], "is_for_training": true, "weight_of_cost_no_call_goal_pre": 3.7368040981183146, "weight_of_cost_no_call_goal_post": 1.1309086997192068, "weight_of_cost_call_goal": 14.082707245405512, "weight_of_cost_call_goal_pre": 3.801155370191873, "weight_of_cost_call_goal_post": 1.0035018008108423}