{"group_ID": 1, "generation_ID": 10, "individual_ID": 15, "rank": 14, "number_of_nan": 7, "search_time": 60.7, "ancestors": [6, 11, 10, 1, 15, 18, 1, 12, 20], "ancestor_ranks": [1, 0, 1, 5, 8, 1, 2, 0, 5], "is_for_training": true, "weight_of_cost_no_call_goal_pre": 3.546639556342245, "weight_of_cost_no_call_goal_post": 0.8906797716734177, "weight_of_cost_call_goal": 6.073792848172411, "weight_of_cost_call_goal_pre": 3.537528123409763, "weight_of_cost_call_goal_post": 0.8801998159442588}