{"group_ID": 0, "generation_ID": 6, "individual_ID": 19, "rank": 17, "number_of_nan": 12, "search_time": 38.599999999999994, "ancestors": [7, 12, 3, 5, 7], "ancestor_ranks": [2, 3, 5, 7, 9], "is_for_training": true, "weight_of_cost_no_call_goal_pre": 3.5784733017071186, "weight_of_cost_no_call_goal_post": 0.8624291394143626, "weight_of_cost_call_goal": 12.024946602771188, "weight_of_cost_call_goal_pre": 4.164615422258949, "weight_of_cost_call_goal_post": 0.8811642640214125}