{"group_ID": 1, "generation_ID": 9, "individual_ID": 15, "rank": 16, "number_of_nan": 24, "search_time": 26.1, "ancestors": [6, 11, 10, 1, 15, 18, 11, 4], "ancestor_ranks": [1, 0, 1, 5, 8, 1, 4, 5], "is_for_training": true, "weight_of_cost_no_call_goal_pre": 4.167335518715376, "weight_of_cost_no_call_goal_post": 0.7404600831344167, "weight_of_cost_call_goal": 5.519548284515424, "weight_of_cost_call_goal_pre": 4.057713977215822, "weight_of_cost_call_goal_post": 0.6525655172896814}