{"group_ID": 0, "generation_ID": 9, "individual_ID": 15, "rank": 14, "number_of_nan": 7, "search_time": 58.900000000000006, "ancestors": [5, 0, 21, 14, 11, 1, 1, 3], "ancestor_ranks": [0, 1, 4, 1, 1, 1, 3, 5], "is_for_training": true, "weight_of_cost_no_call_goal_pre": 3.415582314789901, "weight_of_cost_no_call_goal_post": 1.3345554413397225, "weight_of_cost_call_goal": 17.226778421927627, "weight_of_cost_call_goal_pre": 3.172197455819715, "weight_of_cost_call_goal_post": 1.0332452173477977}