{"group_ID": 0, "generation_ID": 8, "individual_ID": 16, "rank": 18, "number_of_nan": 12, "search_time": 42.699999999999996, "ancestors": [5, 0, 21, 14, 1, 3, 4], "ancestor_ranks": [0, 1, 4, 1, 3, 4, 6], "is_for_training": true, "weight_of_cost_no_call_goal_pre": 4.088282863943737, "weight_of_cost_no_call_goal_post": 1.168886906501667, "weight_of_cost_call_goal": 11.744691215015827, "weight_of_cost_call_goal_pre": 3.3256297777729245, "weight_of_cost_call_goal_post": 1.0720715954254103}