{"group_ID": 1, "generation_ID": 3, "individual_ID": 5, "rank": 10, "number_of_nan": 14, "search_time": 39.400000000000006, "ancestors": [4, 10], "ancestor_ranks": [0, 5], "is_for_training": true, "weight_of_cost_no_call_goal_pre": 2.7348615602156827, "weight_of_cost_no_call_goal_post": 0.9644742081583398, "weight_of_cost_call_goal": 11.250103416705922, "weight_of_cost_call_goal_pre": 3.286572936117757, "weight_of_cost_call_goal_post": 0.8057607460097129}