{"group_ID": 0, "generation_ID": 8, "individual_ID": 18, "rank": 15, "number_of_nan": 8, "search_time": 59.300000000000004, "ancestors": [5, 0, 1, 21, 3, 5, 6], "ancestor_ranks": [0, 1, 1, 3, 5, 6, 8], "is_for_training": true, "weight_of_cost_no_call_goal_pre": 3.159249144427481, "weight_of_cost_no_call_goal_post": 0.9760891283772569, "weight_of_cost_call_goal": 11.945116209761958, "weight_of_cost_call_goal_pre": 3.0838476383273976, "weight_of_cost_call_goal_post": 0.8187600986528911}