{"group_ID": 1, "generation_ID": 8, "individual_ID": 15, "rank": 18, "number_of_nan": 13, "search_time": 37.8, "ancestors": [6, 11, 20, 0, 1, 2, 3], "ancestor_ranks": [1, 0, 0, 1, 2, 3, 5], "is_for_training": true, "weight_of_cost_no_call_goal_pre": 3.1347717960631973, "weight_of_cost_no_call_goal_post": 1.2661205491111527, "weight_of_cost_call_goal": 12.439892473765168, "weight_of_cost_call_goal_pre": 3.8250507500921125, "weight_of_cost_call_goal_post": 1.103913119725425}