{"group_ID": 0, "generation_ID": 9, "individual_ID": 10, "rank": 1, "number_of_nan": 4, "search_time": 68.3, "ancestors": [5, 20, 0, 0, 0, 0, 20, 11], "ancestor_ranks": [0, 0, 0, 0, 0, 0, 1, 0], "is_for_training": true, "weight_of_cost_no_call_goal_pre": 4.490633609789536, "weight_of_cost_no_call_goal_post": 0.8510337085923061, "weight_of_cost_call_goal": 13.369051529117547, "weight_of_cost_call_goal_pre": 4.007650990262352, "weight_of_cost_call_goal_post": 1.077911117872339}