{"group_ID": 0, "generation_ID": 9, "individual_ID": 16, "rank": 17, "number_of_nan": 11, "search_time": 50.3, "ancestors": [7, 12, 3, 5, 17, 12, 2, 4], "ancestor_ranks": [2, 3, 5, 7, 2, 2, 4, 6], "is_for_training": true, "weight_of_cost_no_call_goal_pre": 4.023656220295665, "weight_of_cost_no_call_goal_post": 0.6627225478308553, "weight_of_cost_call_goal": 15.520392491325866, "weight_of_cost_call_goal_pre": 3.5842750528919423, "weight_of_cost_call_goal_post": 0.7409438884002014}