{"group_ID": 1, "generation_ID": 10, "individual_ID": 17, "rank": 19, "number_of_nan": 13, "search_time": 38.5, "ancestors": [6, 11, 20, 10, 0, 1, 2, 3, 4], "ancestor_ranks": [1, 0, 0, 0, 1, 2, 3, 4, 7], "is_for_training": true, "weight_of_cost_no_call_goal_pre": 2.746566488137974, "weight_of_cost_no_call_goal_post": 1.5385804048205378, "weight_of_cost_call_goal": 12.441506641559872, "weight_of_cost_call_goal_pre": 2.94107999427818, "weight_of_cost_call_goal_post": 1.4736801804505961}