{"group_ID": 1, "generation_ID": 2, "individual_ID": 20, "rank": 4, "number_of_nan": 14, "search_time": 34.099999999999994, "ancestors": [4], "ancestor_ranks": [0], "is_for_training": true, "weight_of_cost_no_call_goal_pre": 3.123389115026475, "weight_of_cost_no_call_goal_post": 0.8084587137673622, "weight_of_cost_call_goal": 10.328456300527868, "weight_of_cost_call_goal_pre": 2.652091034241078, "weight_of_cost_call_goal_post": 1.0734620810433737}