{"group_ID": 1, "generation_ID": 8, "individual_ID": 14, "rank": 16, "number_of_nan": 10, "search_time": 54.3, "ancestors": [6, 11, 10, 1, 15, 18, 11], "ancestor_ranks": [1, 0, 1, 5, 8, 1, 4], "is_for_training": true, "weight_of_cost_no_call_goal_pre": 3.150990636313934, "weight_of_cost_no_call_goal_post": 0.757648029032695, "weight_of_cost_call_goal": 6.7189885869770105, "weight_of_cost_call_goal_pre": 4.27673542119132, "weight_of_cost_call_goal_post": 0.6846653942066794}