{"group_ID": 1, "generation_ID": 4, "individual_ID": 6, "rank": 13, "number_of_nan": 13, "search_time": 43.900000000000006, "ancestors": [6, 1, 13], "ancestor_ranks": [1, 3, 6], "is_for_training": true, "weight_of_cost_no_call_goal_pre": 2.767873933978585, "weight_of_cost_no_call_goal_post": 0.964568370166167, "weight_of_cost_call_goal": 9.039736762269246, "weight_of_cost_call_goal_pre": 3.4812654668460152, "weight_of_cost_call_goal_post": 1.1769467434493466}