{"group_ID": 1, "generation_ID": 10, "individual_ID": 16, "rank": 12, "number_of_nan": 6, "search_time": 72.7, "ancestors": [6, 11, 20, 10, 0, 21, 14, 0, 11], "ancestor_ranks": [1, 0, 0, 0, 1, 4, 0, 1, 6], "is_for_training": true, "weight_of_cost_no_call_goal_pre": 3.8853251606728, "weight_of_cost_no_call_goal_post": 1.062882909493115, "weight_of_cost_call_goal": 17.03030000365319, "weight_of_cost_call_goal_pre": 4.799674714600754, "weight_of_cost_call_goal_post": 1.3012291555122864}