{"group_ID": 0, "generation_ID": 10, "individual_ID": 14, "rank": 14, "number_of_nan": 7, "search_time": 56.5, "ancestors": [5, 20, 0, 0, 0, 0, 20, 1, 3], "ancestor_ranks": [0, 0, 0, 0, 0, 0, 1, 3, 4], "is_for_training": true, "weight_of_cost_no_call_goal_pre": 3.908278237278625, "weight_of_cost_no_call_goal_post": 1.1269408646233476, "weight_of_cost_call_goal": 11.432224191228705, "weight_of_cost_call_goal_pre": 4.054878646703203, "weight_of_cost_call_goal_post": 1.1096646346114234}