{"group_ID": 0, "generation_ID": 1, "individual_ID": 7, "rank": 2, "number_of_nan": 6, "search_time": 68.80000000000001, "ancestors": [], "ancestor_ranks": [], "is_for_training": true, "weight_of_cost_no_call_goal_pre": 2.678579820290212, "weight_of_cost_no_call_goal_post": 1.0696459771175257, "weight_of_cost_call_goal": 10.825059515633338, "weight_of_cost_call_goal_pre": 3.4019811956333985, "weight_of_cost_call_goal_post": 0.8297655090860077}