{"group_ID": 0, "generation_ID": 10, "individual_ID": 11, "rank": 19, "number_of_nan": 10, "search_time": 49.8, "ancestors": [5, 20, 0, 0, 0, 0, 20, 11, 10], "ancestor_ranks": [0, 0, 0, 0, 0, 0, 1, 0, 1], "is_for_training": true, "weight_of_cost_no_call_goal_pre": 4.5876143063158255, "weight_of_cost_no_call_goal_post": 0.9561318213032273, "weight_of_cost_call_goal": 16.02821519018115, "weight_of_cost_call_goal_pre": 3.2912778801135407, "weight_of_cost_call_goal_post": 1.2853770816418744}