{"group_ID": 1, "generation_ID": 8, "individual_ID": 12, "rank": 0, "number_of_nan": 5, "search_time": 77.8, "ancestors": [6, 11, 10, 1, 15, 18, 1], "ancestor_ranks": [1, 0, 1, 5, 8, 1, 2], "is_for_training": true, "weight_of_cost_no_call_goal_pre": 3.2336432583327324, "weight_of_cost_no_call_goal_post": 0.6421228122622599, "weight_of_cost_call_goal": 6.868868056040766, "weight_of_cost_call_goal_pre": 3.6440377221821323, "weight_of_cost_call_goal_post": 0.8621663501896162}