{"group_ID": 0, "generation_ID": 10, "individual_ID": 19, "rank": 18, "number_of_nan": 8, "search_time": 67.9, "ancestors": [5, 0, 21, 14, 1, 3, 4, 6, 8], "ancestor_ranks": [0, 1, 4, 1, 3, 4, 6, 8, 9], "is_for_training": true, "weight_of_cost_no_call_goal_pre": 3.228617494292376, "weight_of_cost_no_call_goal_post": 1.0490492666060554, "weight_of_cost_call_goal": 11.188269607136974, "weight_of_cost_call_goal_pre": 3.7736634792253185, "weight_of_cost_call_goal_post": 0.8927363738649079}