{"group_ID": 0, "generation_ID": 9, "individual_ID": 19, "rank": 12, "number_of_nan": 7, "search_time": 50.099999999999994, "ancestors": [5, 0, 1, 1, 2, 4, 5, 7], "ancestor_ranks": [0, 1, 1, 2, 4, 5, 7, 9], "is_for_training": true, "weight_of_cost_no_call_goal_pre": 3.2177038895943957, "weight_of_cost_no_call_goal_post": 0.9153040907454656, "weight_of_cost_call_goal": 13.420187551877378, "weight_of_cost_call_goal_pre": 2.866389031298116, "weight_of_cost_call_goal_post": 1.1744094075942404}