{"group_ID": 0, "generation_ID": 8, "individual_ID": 20, "rank": 16, "number_of_nan": 8, "search_time": 59.300000000000004, "ancestors": [1, 1, 2, 3, 5, 7, 18], "ancestor_ranks": [1, 2, 3, 5, 7, 8, 0], "is_for_training": true, "weight_of_cost_no_call_goal_pre": 2.40087082104334, "weight_of_cost_no_call_goal_post": 0.8390861114090725, "weight_of_cost_call_goal": 8.12587656585828, "weight_of_cost_call_goal_pre": 2.6664736740782167, "weight_of_cost_call_goal_post": 1.0072577835963108}