{"group_ID": 1, "generation_ID": 9, "individual_ID": 17, "rank": 13, "number_of_nan": 11, "search_time": 42.8, "ancestors": [6, 11, 20, 0, 1, 2, 3, 5], "ancestor_ranks": [1, 0, 0, 1, 2, 3, 5, 7], "is_for_training": true, "weight_of_cost_no_call_goal_pre": 3.2885307539579913, "weight_of_cost_no_call_goal_post": 1.0117438926906928, "weight_of_cost_call_goal": 12.37663068104712, "weight_of_cost_call_goal_pre": 3.4489933773682053, "weight_of_cost_call_goal_post": 1.294836182474214}