{"group_ID": 0, "generation_ID": 10, "individual_ID": 12, "rank": 2, "number_of_nan": 4, "search_time": 75.5, "ancestors": [1, 1, 2, 3, 5, 7, 18, 0, 1], "ancestor_ranks": [1, 2, 3, 5, 7, 8, 0, 1, 2], "is_for_training": true, "weight_of_cost_no_call_goal_pre": 2.917562894868572, "weight_of_cost_no_call_goal_post": 1.1257338792620093, "weight_of_cost_call_goal": 10.861493730659157, "weight_of_cost_call_goal_pre": 3.2752389758387532, "weight_of_cost_call_goal_post": 1.1949159070533677}