{"group_ID": 0, "generation_ID": 10, "individual_ID": 20, "rank": 13, "number_of_nan": 5, "search_time": 73.9, "ancestors": [5, 20, 0, 0, 0, 0, 20, 11, 0], "ancestor_ranks": [0, 0, 0, 0, 0, 0, 1, 0, 0], "is_for_training": true, "weight_of_cost_no_call_goal_pre": 3.8330821371684642, "weight_of_cost_no_call_goal_post": 1.0896816821725603, "weight_of_cost_call_goal": 13.520867576735712, "weight_of_cost_call_goal_pre": 4.182988139312821, "weight_of_cost_call_goal_post": 0.9390590967026013}