{"group_ID": 1, "generation_ID": 2, "individual_ID": 14, "rank": 12, "number_of_nan": 26, "search_time": 5.300000000000001, "ancestors": [1], "ancestor_ranks": [4], "is_for_training": true, "weight_of_cost_no_call_goal_pre": 3.062019487594334, "weight_of_cost_no_call_goal_post": 1.0659914306640983, "weight_of_cost_call_goal": 9.002579223984972, "weight_of_cost_call_goal_pre": 2.732108356281439, "weight_of_cost_call_goal_post": 1.1940221388121692}