{"group_ID": 1, "generation_ID": 4, "individual_ID": 17, "rank": 11, "number_of_nan": 13, "search_time": 36.699999999999996, "ancestors": [6, 1, 3], "ancestor_ranks": [1, 3, 7], "is_for_training": true, "weight_of_cost_no_call_goal_pre": 2.7221103470743153, "weight_of_cost_no_call_goal_post": 1.0155123255346774, "weight_of_cost_call_goal": 11.24740664308593, "weight_of_cost_call_goal_pre": 2.4496972186976285, "weight_of_cost_call_goal_post": 1.1432875789096228}