{"group_ID": 1, "generation_ID": 8, "individual_ID": 7, "rank": 9, "number_of_nan": 7, "search_time": 61.0, "ancestors": [6, 11, 10, 1, 15, 18, 21], "ancestor_ranks": [1, 0, 1, 5, 8, 1, 7], "is_for_training": true, "weight_of_cost_no_call_goal_pre": 3.6882370495750534, "weight_of_cost_no_call_goal_post": 0.6620586270367559, "weight_of_cost_call_goal": 7.344107478916909, "weight_of_cost_call_goal_pre": 3.017652573705824, "weight_of_cost_call_goal_post": 0.7577310089361501}