{"group_ID": 1, "generation_ID": 10, "individual_ID": 12, "rank": 9, "number_of_nan": 6, "search_time": 69.4, "ancestors": [6, 11, 20, 10, 0, 21, 14, 0, 1], "ancestor_ranks": [1, 0, 0, 0, 1, 4, 0, 1, 2], "is_for_training": true, "weight_of_cost_no_call_goal_pre": 3.93834949304434, "weight_of_cost_no_call_goal_post": 0.993700278706994, "weight_of_cost_call_goal": 12.560681813963214, "weight_of_cost_call_goal_pre": 2.8321733634506616, "weight_of_cost_call_goal_post": 1.1180058726506705}