{"group_ID": 1, "generation_ID": 10, "individual_ID": 18, "rank": 21, "number_of_nan": 25, "search_time": 4.4, "ancestors": [6, 11, 10, 1, 15, 18, 11, 4, 5], "ancestor_ranks": [1, 0, 1, 5, 8, 1, 4, 5, 8], "is_for_training": true, "weight_of_cost_no_call_goal_pre": 2.9265601187086894, "weight_of_cost_no_call_goal_post": 0.8405549879306276, "weight_of_cost_call_goal": 7.778757522354769, "weight_of_cost_call_goal_pre": 2.922924881165013, "weight_of_cost_call_goal_post": 0.7730340126164883}