{"group_ID": 1, "generation_ID": 7, "individual_ID": 12, "rank": 18, "number_of_nan": 12, "search_time": 46.7, "ancestors": [6, 11, 20, 10, 0, 1], "ancestor_ranks": [1, 0, 0, 0, 1, 2], "is_for_training": true, "weight_of_cost_no_call_goal_pre": 2.7874832740334714, "weight_of_cost_no_call_goal_post": 1.06601407591261, "weight_of_cost_call_goal": 12.691125993164809, "weight_of_cost_call_goal_pre": 3.6149246550751886, "weight_of_cost_call_goal_post": 1.4178282573854992}