{"group_ID": 0, "generation_ID": 10, "individual_ID": 13, "rank": 21, "number_of_nan": 27, "search_time": 9.2, "ancestors": [5, 20, 0, 0, 0, 0, 0, 12, 2], "ancestor_ranks": [0, 0, 0, 0, 0, 0, 2, 2, 3], "is_for_training": true, "weight_of_cost_no_call_goal_pre": 4.786751062998981, "weight_of_cost_no_call_goal_post": 0.9498822019794361, "weight_of_cost_call_goal": 15.226200242981932, "weight_of_cost_call_goal_pre": 4.275117530246872, "weight_of_cost_call_goal_post": 0.9044302157355669}