{"group_ID": 0, "generation_ID": 8, "individual_ID": 13, "rank": 21, "number_of_nan": 30, "search_time": 3.8, "ancestors": [5, 0, 21, 14, 11, 1, 1], "ancestor_ranks": [0, 1, 4, 1, 1, 1, 3], "is_for_training": true, "weight_of_cost_no_call_goal_pre": 3.792334560553791, "weight_of_cost_no_call_goal_post": 0.9462195779543885, "weight_of_cost_call_goal": 13.977839666858616, "weight_of_cost_call_goal_pre": 4.269146809237147, "weight_of_cost_call_goal_post": 1.0125796539483591}