{"group_ID": 1, "generation_ID": 9, "individual_ID": 16, "rank": 21, "number_of_nan": 27, "search_time": 17.4, "ancestors": [6, 11, 20, 0, 21, 0, 0, 21], "ancestor_ranks": [1, 0, 0, 1, 0, 0, 1, 6], "is_for_training": true, "weight_of_cost_no_call_goal_pre": 3.045432695375882, "weight_of_cost_no_call_goal_post": 1.1115408495851173, "weight_of_cost_call_goal": 9.279892676881472, "weight_of_cost_call_goal_pre": 4.24575866389709, "weight_of_cost_call_goal_post": 1.0560913885409666}