{"group_ID": 1, "generation_ID": 4, "individual_ID": 18, "rank": 21, "number_of_nan": 28, "search_time": 14.100000000000001, "ancestors": [4, 20, 4], "ancestor_ranks": [0, 4, 8], "is_for_training": true, "weight_of_cost_no_call_goal_pre": 3.0175477898581327, "weight_of_cost_no_call_goal_post": 0.9410209864939003, "weight_of_cost_call_goal": 11.262468301076595, "weight_of_cost_call_goal_pre": 2.538364810939606, "weight_of_cost_call_goal_post": 1.1595950178411358}