{"group_ID": 0, "generation_ID": 9, "individual_ID": 5, "rank": 6, "number_of_nan": 5, "search_time": 71.0, "ancestors": [5, 0, 21, 14, 11, 1, 1, 3], "ancestor_ranks": [0, 1, 4, 1, 1, 1, 3, 5], "is_for_training": true, "weight_of_cost_no_call_goal_pre": 3.730224959038993, "weight_of_cost_no_call_goal_post": 1.0190864955719128, "weight_of_cost_call_goal": 14.554809587948188, "weight_of_cost_call_goal_pre": 3.934626217424766, "weight_of_cost_call_goal_post": 1.1341891272398539}