{"group_ID": 1, "generation_ID": 4, "individual_ID": 2, "rank": 6, "number_of_nan": 11, "search_time": 51.300000000000004, "ancestors": [6, 11, 0], "ancestor_ranks": [1, 0, 2], "is_for_training": true, "weight_of_cost_no_call_goal_pre": 2.5624817601100225, "weight_of_cost_no_call_goal_post": 0.9194970243235625, "weight_of_cost_call_goal": 9.159625377734287, "weight_of_cost_call_goal_pre": 3.245805119572375, "weight_of_cost_call_goal_post": 1.041255626485318}