{"group_ID": 0, "generation_ID": 10, "individual_ID": 16, "rank": 15, "number_of_nan": 8, "search_time": 48.900000000000006, "ancestors": [5, 0, 21, 14, 11, 1, 1, 3, 5], "ancestor_ranks": [0, 1, 4, 1, 1, 1, 3, 5, 6], "is_for_training": true, "weight_of_cost_no_call_goal_pre": 4.430529512508898, "weight_of_cost_no_call_goal_post": 1.3139096294897545, "weight_of_cost_call_goal": 13.452819973828479, "weight_of_cost_call_goal_pre": 3.251791141626902, "weight_of_cost_call_goal_post": 1.0645644377509986}