{"group_ID": 0, "generation_ID": 7, "individual_ID": 11, "rank": 21, "number_of_nan": 29, "search_time": 6.0, "ancestors": [5, 0, 21, 14, 11, 1], "ancestor_ranks": [0, 1, 4, 1, 1, 1], "is_for_training": true, "weight_of_cost_no_call_goal_pre": 3.594618138921594, "weight_of_cost_no_call_goal_post": 1.2167573213762226, "weight_of_cost_call_goal": 14.159012906990906, "weight_of_cost_call_goal_pre": 3.2151916774350346, "weight_of_cost_call_goal_post": 1.0086633451930744}