{"group_ID": 1, "generation_ID": 10, "individual_ID": 20, "rank": 7, "number_of_nan": 6, "search_time": 68.7, "ancestors": [6, 11, 20, 10, 0, 1, 2, 3, 14], "ancestor_ranks": [1, 0, 0, 0, 1, 2, 3, 4, 0], "is_for_training": true, "weight_of_cost_no_call_goal_pre": 3.9517905984373356, "weight_of_cost_no_call_goal_post": 1.6645762172528382, "weight_of_cost_call_goal": 17.71168280864655, "weight_of_cost_call_goal_pre": 4.32127611115592, "weight_of_cost_call_goal_post": 1.767000146865552}