{"group_ID": 1, "generation_ID": 6, "individual_ID": 20, "rank": 9, "number_of_nan": 9, "search_time": 48.400000000000006, "ancestors": [6, 11, 20, 0, 21], "ancestor_ranks": [1, 0, 0, 1, 0], "is_for_training": true, "weight_of_cost_no_call_goal_pre": 3.7792489356314602, "weight_of_cost_no_call_goal_post": 0.9793936858554713, "weight_of_cost_call_goal": 9.866567010310751, "weight_of_cost_call_goal_pre": 3.8579453079580937, "weight_of_cost_call_goal_post": 1.18957596574674}