{"group_ID": 1, "generation_ID": 6, "individual_ID": 8, "rank": 14, "number_of_nan": 11, "search_time": 45.599999999999994, "ancestors": [6, 11, 10, 1, 15], "ancestor_ranks": [1, 0, 1, 5, 8], "is_for_training": true, "weight_of_cost_no_call_goal_pre": 3.2629676263288485, "weight_of_cost_no_call_goal_post": 1.1307952953682856, "weight_of_cost_call_goal": 8.420738744340307, "weight_of_cost_call_goal_pre": 3.4174154265614365, "weight_of_cost_call_goal_post": 0.9289854336772592}