{"group_ID": 1, "generation_ID": 3, "individual_ID": 17, "rank": 12, "number_of_nan": 25, "search_time": 4.699999999999999, "ancestors": [7, 2], "ancestor_ranks": [2, 7], "is_for_training": true, "weight_of_cost_no_call_goal_pre": 2.9712378469336347, "weight_of_cost_no_call_goal_post": 1.017166340118693, "weight_of_cost_call_goal": 10.097406610757387, "weight_of_cost_call_goal_pre": 2.400255967230729, "weight_of_cost_call_goal_post": 0.9335408188475443}