{"group_ID": 0, "generation_ID": 10, "individual_ID": 10, "rank": 20, "number_of_nan": 22, "search_time": 46.3, "ancestors": [5, 20, 0, 0, 0, 0, 20, 11, 0], "ancestor_ranks": [0, 0, 0, 0, 0, 0, 1, 0, 0], "is_for_training": true, "weight_of_cost_no_call_goal_pre": 3.9568055329684597, "weight_of_cost_no_call_goal_post": 1.0817460684229279, "weight_of_cost_call_goal": 12.63791046025451, "weight_of_cost_call_goal_pre": 3.6196619717803773, "weight_of_cost_call_goal_post": 0.9900313567171267}