{"group_ID": 1, "generation_ID": 4, "individual_ID": 21, "rank": 10, "number_of_nan": 13, "search_time": 31.900000000000002, "ancestors": [6, 11, 10], "ancestor_ranks": [1, 0, 1], "is_for_training": true, "weight_of_cost_no_call_goal_pre": 4.16509995281411, "weight_of_cost_no_call_goal_post": 0.9262598006104056, "weight_of_cost_call_goal": 8.121981484645438, "weight_of_cost_call_goal_pre": 3.0981518257197775, "weight_of_cost_call_goal_post": 1.2460014497483674}