{"group_ID": 0, "generation_ID": 6, "individual_ID": 17, "rank": 16, "number_of_nan": 8, "search_time": 65.10000000000001, "ancestors": [1, 1, 2, 3, 5], "ancestor_ranks": [1, 2, 3, 5, 7], "is_for_training": true, "weight_of_cost_no_call_goal_pre": 2.763539151046485, "weight_of_cost_no_call_goal_post": 0.9972547924790341, "weight_of_cost_call_goal": 8.520994644550736, "weight_of_cost_call_goal_pre": 3.4365647477526124, "weight_of_cost_call_goal_post": 0.9338522152431964}