{"group_ID": 1, "generation_ID": 5, "individual_ID": 10, "rank": 21, "number_of_nan": 28, "search_time": 6.6000000000000005, "ancestors": [6, 11, 20, 10], "ancestor_ranks": [1, 0, 0, 0], "is_for_training": true, "weight_of_cost_no_call_goal_pre": 2.9321460468710185, "weight_of_cost_no_call_goal_post": 1.2585819658827864, "weight_of_cost_call_goal": 14.553671416675241, "weight_of_cost_call_goal_pre": 3.609027086351301, "weight_of_cost_call_goal_post": 1.3320437574115114}