{"group_ID": 0, "generation_ID": 8, "individual_ID": 14, "rank": 20, "number_of_nan": 27, "search_time": 18.3, "ancestors": [7, 12, 3, 5, 17, 12, 2], "ancestor_ranks": [2, 3, 5, 7, 2, 2, 4], "is_for_training": true, "weight_of_cost_no_call_goal_pre": 4.463486837231448, "weight_of_cost_no_call_goal_post": 0.7944592269508844, "weight_of_cost_call_goal": 14.518377472097239, "weight_of_cost_call_goal_pre": 3.6483483794861096, "weight_of_cost_call_goal_post": 0.6519973326659648}