{"group_ID": 1, "generation_ID": 6, "individual_ID": 7, "rank": 13, "number_of_nan": 11, "search_time": 34.89999999999999, "ancestors": [6, 11, 20, 10, 20], "ancestor_ranks": [1, 0, 0, 0, 7], "is_for_training": true, "weight_of_cost_no_call_goal_pre": 3.275792103128134, "weight_of_cost_no_call_goal_post": 1.355921395331095, "weight_of_cost_call_goal": 15.106839708256004, "weight_of_cost_call_goal_pre": 2.963599813205625, "weight_of_cost_call_goal_post": 1.479367816358626}