{"group_ID": 0, "generation_ID": 3, "individual_ID": 18, "rank": 18, "number_of_nan": 13, "search_time": 42.900000000000006, "ancestors": [9, 4], "ancestor_ranks": [4, 8], "is_for_training": true, "weight_of_cost_no_call_goal_pre": 2.1146506226878743, "weight_of_cost_no_call_goal_post": 0.7898053869064936, "weight_of_cost_call_goal": 9.830076579774495, "weight_of_cost_call_goal_pre": 2.5845380489468712, "weight_of_cost_call_goal_post": 0.722094397830816}