{"group_ID": 1, "generation_ID": 10, "individual_ID": 2, "rank": 2, "number_of_nan": 5, "search_time": 78.6, "ancestors": [6, 11, 20, 10, 0, 21, 14, 0, 1], "ancestor_ranks": [1, 0, 0, 0, 1, 4, 0, 1, 2], "is_for_training": true, "weight_of_cost_no_call_goal_pre": 3.2105688136853905, "weight_of_cost_no_call_goal_post": 1.2163354639190251, "weight_of_cost_call_goal": 14.903967497825484, "weight_of_cost_call_goal_pre": 3.409790010182645, "weight_of_cost_call_goal_post": 1.0142275038961674}