{"group_ID": 1, "generation_ID": 7, "individual_ID": 17, "rank": 11, "number_of_nan": 8, "search_time": 51.699999999999996, "ancestors": [6, 11, 20, 10, 0, 11], "ancestor_ranks": [1, 0, 0, 0, 1, 7], "is_for_training": true, "weight_of_cost_no_call_goal_pre": 3.243601936163903, "weight_of_cost_no_call_goal_post": 1.130678099808376, "weight_of_cost_call_goal": 14.28372813353201, "weight_of_cost_call_goal_pre": 2.9040456478061265, "weight_of_cost_call_goal_post": 1.0756737042994415}