{"group_ID": 1, "generation_ID": 9, "individual_ID": 20, "rank": 5, "number_of_nan": 6, "search_time": 68.1, "ancestors": [6, 11, 10, 1, 15, 18, 1, 12], "ancestor_ranks": [1, 0, 1, 5, 8, 1, 2, 0], "is_for_training": true, "weight_of_cost_no_call_goal_pre": 3.0597855032900716, "weight_of_cost_no_call_goal_post": 0.8049215225412549, "weight_of_cost_call_goal": 6.259576423252607, "weight_of_cost_call_goal_pre": 3.0031838924397753, "weight_of_cost_call_goal_post": 0.9622888316043288}