{"group_ID": 1, "generation_ID": 9, "individual_ID": 14, "rank": 0, "number_of_nan": 10, "search_time": 37.2, "ancestors": [6, 11, 20, 10, 0, 1, 2, 3], "ancestor_ranks": [1, 0, 0, 0, 1, 2, 3, 4], "is_for_training": false, "weight_of_cost_no_call_goal_pre": 3.994375361887336, "weight_of_cost_no_call_goal_post": 1.0628899000018763, "weight_of_cost_call_goal": 15.165192798741122, "weight_of_cost_call_goal_pre": 4.014579542246839, "weight_of_cost_call_goal_post": 1.531487545564352}