{"group_ID": 0, "generation_ID": 8, "individual_ID": 21, "rank": 19, "number_of_nan": 25, "search_time": 24.5, "ancestors": [5, 20, 0, 0, 0, 0, 20], "ancestor_ranks": [0, 0, 0, 0, 0, 0, 1], "is_for_training": true, "weight_of_cost_no_call_goal_pre": 3.3647973819307064, "weight_of_cost_no_call_goal_post": 1.0572973911488068, "weight_of_cost_call_goal": 12.60459550440069, "weight_of_cost_call_goal_pre": 3.746203290804431, "weight_of_cost_call_goal_post": 0.8533174691514296}