{"group_ID": 1, "generation_ID": 8, "individual_ID": 16, "rank": 20, "number_of_nan": 27, "search_time": 13.5, "ancestors": [6, 11, 20, 10, 0, 21, 4], "ancestor_ranks": [1, 0, 0, 0, 1, 4, 6], "is_for_training": true, "weight_of_cost_no_call_goal_pre": 3.385817011257017, "weight_of_cost_no_call_goal_post": 0.9375320345471738, "weight_of_cost_call_goal": 13.50584886132591, "weight_of_cost_call_goal_pre": 3.5501107060538706, "weight_of_cost_call_goal_post": 0.8990895600382474}