{"group_ID": 1, "generation_ID": 9, "individual_ID": 10, "rank": 17, "number_of_nan": 24, "search_time": 28.3, "ancestors": [6, 11, 10, 1, 15, 18, 1, 12], "ancestor_ranks": [1, 0, 1, 5, 8, 1, 2, 0], "is_for_training": true, "weight_of_cost_no_call_goal_pre": 3.219449286674444, "weight_of_cost_no_call_goal_post": 0.829839917517808, "weight_of_cost_call_goal": 6.150710669525873, "weight_of_cost_call_goal_pre": 3.5045989547851244, "weight_of_cost_call_goal_post": 0.7903031051269763}