{"group_ID": 1, "generation_ID": 9, "individual_ID": 6, "rank": 9, "number_of_nan": 6, "search_time": 73.2, "ancestors": [6, 11, 20, 0, 21, 0, 0, 21], "ancestor_ranks": [1, 0, 0, 1, 0, 0, 1, 6], "is_for_training": true, "weight_of_cost_no_call_goal_pre": 3.1472994619711554, "weight_of_cost_no_call_goal_post": 0.8091932293993667, "weight_of_cost_call_goal": 9.325809774415713, "weight_of_cost_call_goal_pre": 3.75552821378924, "weight_of_cost_call_goal_post": 1.0915236392574341}