{"group_ID": 0, "generation_ID": 9, "individual_ID": 21, "rank": 21, "number_of_nan": 27, "search_time": 10.2, "ancestors": [1, 1, 2, 3, 5, 7, 18, 0], "ancestor_ranks": [1, 2, 3, 5, 7, 8, 0, 1], "is_for_training": true, "weight_of_cost_no_call_goal_pre": 2.859151911143754, "weight_of_cost_no_call_goal_post": 0.9816541872940533, "weight_of_cost_call_goal": 10.204093614183058, "weight_of_cost_call_goal_pre": 2.9417873342759897, "weight_of_cost_call_goal_post": 0.9802690864297208}