{"group_ID": 1, "generation_ID": 6, "individual_ID": 6, "rank": 11, "number_of_nan": 9, "search_time": 51.900000000000006, "ancestors": [6, 1, 13, 16, 4], "ancestor_ranks": [1, 3, 6, 4, 6], "is_for_training": true, "weight_of_cost_no_call_goal_pre": 3.961549092238796, "weight_of_cost_no_call_goal_post": 1.2455395081458203, "weight_of_cost_call_goal": 8.310967128823071, "weight_of_cost_call_goal_pre": 4.079659567043771, "weight_of_cost_call_goal_post": 1.272135248099435}