{"group_ID": 1, "generation_ID": 7, "individual_ID": 18, "rank": 20, "number_of_nan": 25, "search_time": 4.6, "ancestors": [6, 11, 10, 11, 12, 14], "ancestor_ranks": [1, 0, 1, 2, 4, 8], "is_for_training": true, "weight_of_cost_no_call_goal_pre": 2.4191242859317352, "weight_of_cost_no_call_goal_post": 1.2222777045534299, "weight_of_cost_call_goal": 5.863356032545036, "weight_of_cost_call_goal_pre": 2.945823777946374, "weight_of_cost_call_goal_post": 1.1017064156082863}