{"group_ID": 1, "generation_ID": 6, "individual_ID": 17, "rank": 20, "number_of_nan": 28, "search_time": 6.199999999999999, "ancestors": [6, 11, 20, 10, 20], "ancestor_ranks": [1, 0, 0, 0, 7], "is_for_training": true, "weight_of_cost_no_call_goal_pre": 2.699657411620067, "weight_of_cost_no_call_goal_post": 1.6653068052308244, "weight_of_cost_call_goal": 13.865560859281207, "weight_of_cost_call_goal_pre": 3.1594652040617213, "weight_of_cost_call_goal_post": 1.707724755796246}