{"group_ID": 0, "generation_ID": 10, "individual_ID": 18, "rank": 16, "number_of_nan": 8, "search_time": 53.4, "ancestors": [7, 12, 3, 5, 17, 2, 3, 5, 7], "ancestor_ranks": [2, 3, 5, 7, 2, 3, 5, 7, 8], "is_for_training": true, "weight_of_cost_no_call_goal_pre": 3.3216589274066575, "weight_of_cost_no_call_goal_post": 0.9253642880668025, "weight_of_cost_call_goal": 11.647062324692785, "weight_of_cost_call_goal_pre": 3.3656628301852973, "weight_of_cost_call_goal_post": 0.8906498413852441}