{"group_ID": 0, "generation_ID": 4, "individual_ID": 20, "rank": 15, "number_of_nan": 10, "search_time": 48.800000000000004, "ancestors": [5, 20, 0], "ancestor_ranks": [0, 0, 0], "is_for_training": true, "weight_of_cost_no_call_goal_pre": 3.10887362315308, "weight_of_cost_no_call_goal_post": 1.2801891631757711, "weight_of_cost_call_goal": 14.04912604595923, "weight_of_cost_call_goal_pre": 4.212496441251794, "weight_of_cost_call_goal_post": 1.0676556812009081}