{"group_ID": 1, "generation_ID": 9, "individual_ID": 13, "rank": 19, "number_of_nan": 25, "search_time": 18.4, "ancestors": [6, 11, 10, 1, 15, 18, 1, 2], "ancestor_ranks": [1, 0, 1, 5, 8, 1, 2, 3], "is_for_training": true, "weight_of_cost_no_call_goal_pre": 3.703736406357998, "weight_of_cost_no_call_goal_post": 0.9223465704435639, "weight_of_cost_call_goal": 6.05825775481844, "weight_of_cost_call_goal_pre": 4.186609242595237, "weight_of_cost_call_goal_post": 0.9087647495315211}