{"group_ID": 0, "generation_ID": 4, "individual_ID": 17, "rank": 17, "number_of_nan": 12, "search_time": 46.599999999999994, "ancestors": [7, 2, 14], "ancestor_ranks": [2, 4, 7], "is_for_training": true, "weight_of_cost_no_call_goal_pre": 3.4610048909404383, "weight_of_cost_no_call_goal_post": 0.9760019304140527, "weight_of_cost_call_goal": 9.31176235521418, "weight_of_cost_call_goal_pre": 4.259996433099492, "weight_of_cost_call_goal_post": 1.0255222959045296}