{"group_ID": 1, "generation_ID": 8, "individual_ID": 19, "rank": 13, "number_of_nan": 8, "search_time": 57.10000000000001, "ancestors": [6, 11, 10, 11, 12, 4, 6], "ancestor_ranks": [1, 0, 1, 2, 4, 6, 9], "is_for_training": true, "weight_of_cost_no_call_goal_pre": 3.2361378266103435, "weight_of_cost_no_call_goal_post": 1.2886534889013355, "weight_of_cost_call_goal": 8.047880214014937, "weight_of_cost_call_goal_pre": 3.375395586036537, "weight_of_cost_call_goal_post": 1.0318815696078765}