{"group_ID": 1, "generation_ID": 2, "individual_ID": 15, "rank": 15, "number_of_nan": 28, "search_time": 6.3999999999999995, "ancestors": [2], "ancestor_ranks": [5], "is_for_training": true, "weight_of_cost_no_call_goal_pre": 3.188158402396242, "weight_of_cost_no_call_goal_post": 0.8731699645078392, "weight_of_cost_call_goal": 9.498266008023245, "weight_of_cost_call_goal_pre": 3.164833428476811, "weight_of_cost_call_goal_post": 0.9915460699841149}