{"group_ID": 1, "generation_ID": 8, "individual_ID": 18, "rank": 17, "number_of_nan": 11, "search_time": 48.50000000000001, "ancestors": [6, 11, 10, 11, 2, 3, 5], "ancestor_ranks": [1, 0, 1, 2, 3, 5, 8], "is_for_training": true, "weight_of_cost_no_call_goal_pre": 3.4887005215946143, "weight_of_cost_no_call_goal_post": 1.1638854878465836, "weight_of_cost_call_goal": 8.512187803331306, "weight_of_cost_call_goal_pre": 3.1271677203645547, "weight_of_cost_call_goal_post": 1.0832959129940818}