{"group_ID": 0, "generation_ID": 9, "individual_ID": 11, "rank": 11, "number_of_nan": 6, "search_time": 60.9, "ancestors": [1, 1, 2, 3, 5, 7, 18, 0], "ancestor_ranks": [1, 2, 3, 5, 7, 8, 0, 1], "is_for_training": true, "weight_of_cost_no_call_goal_pre": 3.2750900633084097, "weight_of_cost_no_call_goal_post": 0.9099789344074471, "weight_of_cost_call_goal": 8.246798806837846, "weight_of_cost_call_goal_pre": 2.574410780112618, "weight_of_cost_call_goal_post": 0.8850583024389769}