{"group_ID": 1, "generation_ID": 9, "individual_ID": 18, "rank": 14, "number_of_nan": 14, "search_time": 45.099999999999994, "ancestors": [6, 11, 20, 10, 0, 21, 4, 6], "ancestor_ranks": [1, 0, 0, 0, 1, 4, 6, 8], "is_for_training": true, "weight_of_cost_no_call_goal_pre": 2.8883979580001533, "weight_of_cost_no_call_goal_post": 1.10674015846695, "weight_of_cost_call_goal": 14.989726006956166, "weight_of_cost_call_goal_pre": 2.9670890130836733, "weight_of_cost_call_goal_post": 0.9913368893103098}