{"group_ID": 0, "generation_ID": 7, "individual_ID": 15, "rank": 14, "number_of_nan": 6, "search_time": 63.699999999999996, "ancestors": [5, 0, 1, 1, 2, 4], "ancestor_ranks": [0, 1, 1, 2, 4, 5], "is_for_training": true, "weight_of_cost_no_call_goal_pre": 3.046692525750937, "weight_of_cost_no_call_goal_post": 0.9298218353301403, "weight_of_cost_call_goal": 12.894073095608796, "weight_of_cost_call_goal_pre": 3.254423968923881, "weight_of_cost_call_goal_post": 1.2371663723430038}