{"group_ID": 1, "generation_ID": 10, "individual_ID": 14, "rank": 17, "number_of_nan": 12, "search_time": 33.5, "ancestors": [6, 11, 10, 1, 15, 18, 1, 2, 3], "ancestor_ranks": [1, 0, 1, 5, 8, 1, 2, 3, 4], "is_for_training": true, "weight_of_cost_no_call_goal_pre": 3.2744275426098888, "weight_of_cost_no_call_goal_post": 0.7440051458170148, "weight_of_cost_call_goal": 7.666456605188288, "weight_of_cost_call_goal_pre": 2.947277190522802, "weight_of_cost_call_goal_post": 0.7055763726074958}