{"group_ID": 0, "generation_ID": 9, "individual_ID": 13, "rank": 20, "number_of_nan": 25, "search_time": 24.7, "ancestors": [5, 20, 0, 0, 0, 0, 20, 1], "ancestor_ranks": [0, 0, 0, 0, 0, 0, 1, 3], "is_for_training": true, "weight_of_cost_no_call_goal_pre": 3.137440688458531, "weight_of_cost_no_call_goal_post": 1.111154541870907, "weight_of_cost_call_goal": 15.969424408274532, "weight_of_cost_call_goal_pre": 4.056018905015083, "weight_of_cost_call_goal_post": 1.080756421011227}