{"group_ID": 1, "generation_ID": 10, "individual_ID": 11, "rank": 20, "number_of_nan": 22, "search_time": 33.400000000000006, "ancestors": [6, 11, 10, 1, 15, 18, 1, 12, 0], "ancestor_ranks": [1, 0, 1, 5, 8, 1, 2, 0, 1], "is_for_training": true, "weight_of_cost_no_call_goal_pre": 3.7712194175119786, "weight_of_cost_no_call_goal_post": 0.7018726691056091, "weight_of_cost_call_goal": 7.320472284022987, "weight_of_cost_call_goal_pre": 2.980136252857809, "weight_of_cost_call_goal_post": 0.8713605082101095}