{"group_ID": 0, "generation_ID": 6, "individual_ID": 20, "rank": 9, "number_of_nan": 6, "search_time": 61.099999999999994, "ancestors": [5, 20, 0, 0, 0], "ancestor_ranks": [0, 0, 0, 0, 0], "is_for_training": true, "weight_of_cost_no_call_goal_pre": 3.716458297914269, "weight_of_cost_no_call_goal_post": 1.1401427183479713, "weight_of_cost_call_goal": 13.399213793917433, "weight_of_cost_call_goal_pre": 4.237530403388688, "weight_of_cost_call_goal_post": 1.2543139001923052}