{"group_ID": 0, "generation_ID": 5, "individual_ID": 18, "rank": 21, "number_of_nan": 29, "search_time": 5.800000000000001, "ancestors": [7, 2, 4, 6], "ancestor_ranks": [2, 4, 6, 8], "is_for_training": true, "weight_of_cost_no_call_goal_pre": 3.4865849834502427, "weight_of_cost_no_call_goal_post": 0.9417389205432763, "weight_of_cost_call_goal": 10.25210112132082, "weight_of_cost_call_goal_pre": 3.1521017047721647, "weight_of_cost_call_goal_post": 0.7284169152384412}