{"group_ID": 0, "generation_ID": 9, "individual_ID": 18, "rank": 18, "number_of_nan": 12, "search_time": 35.9, "ancestors": [5, 0, 21, 14, 1, 3, 4, 6], "ancestor_ranks": [0, 1, 4, 1, 3, 4, 6, 8], "is_for_training": true, "weight_of_cost_no_call_goal_pre": 3.237193173322718, "weight_of_cost_no_call_goal_post": 0.9465063700535288, "weight_of_cost_call_goal": 11.722100071888288, "weight_of_cost_call_goal_pre": 3.229810534572522, "weight_of_cost_call_goal_post": 0.8065577845685467}