{"group_ID": 0, "generation_ID": 10, "individual_ID": 2, "rank": 3, "number_of_nan": 4, "search_time": 78.8, "ancestors": [1, 1, 2, 3, 5, 7, 18, 0, 1], "ancestor_ranks": [1, 2, 3, 5, 7, 8, 0, 1, 2], "is_for_training": true, "weight_of_cost_no_call_goal_pre": 2.7299434194761436, "weight_of_cost_no_call_goal_post": 0.7853289721679555, "weight_of_cost_call_goal": 9.08058072975806, "weight_of_cost_call_goal_pre": 2.8824362096608227, "weight_of_cost_call_goal_post": 1.0086564663611401}