{"group_ID": 0, "generation_ID": 10, "individual_ID": 15, "rank": 8, "number_of_nan": 5, "search_time": 66.6, "ancestors": [5, 20, 0, 0, 0, 0, 0, 2, 4], "ancestor_ranks": [0, 0, 0, 0, 0, 0, 2, 4, 5], "is_for_training": true, "weight_of_cost_no_call_goal_pre": 3.6022601505098297, "weight_of_cost_no_call_goal_post": 0.9373397044790367, "weight_of_cost_call_goal": 9.825847136563949, "weight_of_cost_call_goal_pre": 4.268298224205041, "weight_of_cost_call_goal_post": 1.2242437367896306}