{"group_ID": 1, "generation_ID": 8, "individual_ID": 20, "rank": 19, "number_of_nan": 23, "search_time": 35.0, "ancestors": [6, 11, 20, 10, 0, 21, 14], "ancestor_ranks": [1, 0, 0, 0, 1, 4, 0], "is_for_training": true, "weight_of_cost_no_call_goal_pre": 3.9652624559738983, "weight_of_cost_no_call_goal_post": 1.0886125668587967, "weight_of_cost_call_goal": 16.22600209078172, "weight_of_cost_call_goal_pre": 3.352942709377356, "weight_of_cost_call_goal_post": 1.052484538974106}