{"group_ID": 0, "generation_ID": 9, "individual_ID": 17, "rank": 13, "number_of_nan": 7, "search_time": 55.0, "ancestors": [7, 12, 3, 5, 17, 2, 3, 5], "ancestor_ranks": [2, 3, 5, 7, 2, 3, 5, 7], "is_for_training": true, "weight_of_cost_no_call_goal_pre": 4.047825296784398, "weight_of_cost_no_call_goal_post": 0.7509649323384823, "weight_of_cost_call_goal": 10.469959214297955, "weight_of_cost_call_goal_pre": 4.12264446975677, "weight_of_cost_call_goal_post": 0.7675705904974626}