{"group_ID": 1, "generation_ID": 9, "individual_ID": 11, "rank": 6, "number_of_nan": 6, "search_time": 68.9, "ancestors": [6, 11, 20, 10, 0, 21, 14, 0], "ancestor_ranks": [1, 0, 0, 0, 1, 4, 0, 1], "is_for_training": true, "weight_of_cost_no_call_goal_pre": 2.859276053382153, "weight_of_cost_no_call_goal_post": 0.9551335844665718, "weight_of_cost_call_goal": 16.532561209299196, "weight_of_cost_call_goal_pre": 4.013498229804478, "weight_of_cost_call_goal_post": 1.113075111359155}