{"group_ID": 0, "generation_ID": 5, "individual_ID": 17, "rank": 2, "number_of_nan": 5, "search_time": 71.80000000000001, "ancestors": [7, 12, 3, 5], "ancestor_ranks": [2, 3, 5, 7], "is_for_training": true, "weight_of_cost_no_call_goal_pre": 3.811565008631657, "weight_of_cost_no_call_goal_post": 0.8814450943068719, "weight_of_cost_call_goal": 11.792332269635741, "weight_of_cost_call_goal_pre": 3.579836858314627, "weight_of_cost_call_goal_post": 0.9307030081039479}