{"group_ID": 0, "generation_ID": 10, "individual_ID": 7, "rank": 10, "number_of_nan": 5, "search_time": 71.7, "ancestors": [7, 12, 3, 5, 17, 12, 2, 4, 6], "ancestor_ranks": [2, 3, 5, 7, 2, 2, 4, 6, 7], "is_for_training": true, "weight_of_cost_no_call_goal_pre": 4.037495964790265, "weight_of_cost_no_call_goal_post": 1.0445937313083888, "weight_of_cost_call_goal": 13.093050673203308, "weight_of_cost_call_goal_pre": 4.087092201444684, "weight_of_cost_call_goal_post": 0.749273199810088}