{"group_ID": 1, "generation_ID": 8, "individual_ID": 17, "rank": 15, "number_of_nan": 9, "search_time": 47.7, "ancestors": [6, 11, 10, 1, 15, 18, 21], "ancestor_ranks": [1, 0, 1, 5, 8, 1, 7], "is_for_training": true, "weight_of_cost_no_call_goal_pre": 3.041992477300891, "weight_of_cost_no_call_goal_post": 0.8123130345842184, "weight_of_cost_call_goal": 7.757187192989519, "weight_of_cost_call_goal_pre": 2.694714116853492, "weight_of_cost_call_goal_post": 0.8952860229300899}