{"group_ID": 1, "generation_ID": 7, "individual_ID": 15, "rank": 19, "number_of_nan": 14, "search_time": 26.6, "ancestors": [6, 11, 10, 11, 2, 3], "ancestor_ranks": [1, 0, 1, 2, 3, 5], "is_for_training": true, "weight_of_cost_no_call_goal_pre": 3.3765560871984768, "weight_of_cost_no_call_goal_post": 1.1390330557931634, "weight_of_cost_call_goal": 8.398708490340201, "weight_of_cost_call_goal_pre": 3.5203367235219667, "weight_of_cost_call_goal_post": 0.8801089241057662}