{"group_ID": 1, "generation_ID": 10, "individual_ID": 10, "rank": 18, "number_of_nan": 12, "search_time": 38.900000000000006, "ancestors": [6, 11, 20, 10, 0, 1, 2, 3, 14], "ancestor_ranks": [1, 0, 0, 0, 1, 2, 3, 4, 0], "is_for_training": true, "weight_of_cost_no_call_goal_pre": 3.6854727359944914, "weight_of_cost_no_call_goal_post": 1.6012956489809707, "weight_of_cost_call_goal": 15.080332964740112, "weight_of_cost_call_goal_pre": 3.652566721073782, "weight_of_cost_call_goal_post": 1.425459364340617}