{"group_ID": 0, "generation_ID": 5, "individual_ID": 15, "rank": 15, "number_of_nan": 9, "search_time": 41.900000000000006, "ancestors": [1, 1, 2, 3], "ancestor_ranks": [1, 2, 3, 5], "is_for_training": true, "weight_of_cost_no_call_goal_pre": 3.203627017649221, "weight_of_cost_no_call_goal_post": 0.9150384588643566, "weight_of_cost_call_goal": 10.110345108546639, "weight_of_cost_call_goal_pre": 2.8825983993180175, "weight_of_cost_call_goal_post": 0.7978358340023323}