{"group_ID": 1, "generation_ID": 9, "individual_ID": 12, "rank": 20, "number_of_nan": 27, "search_time": 10.0, "ancestors": [6, 11, 20, 0, 21, 0, 0, 1], "ancestor_ranks": [1, 0, 0, 1, 0, 0, 1, 2], "is_for_training": true, "weight_of_cost_no_call_goal_pre": 3.6664056803946306, "weight_of_cost_no_call_goal_post": 0.8479116199793822, "weight_of_cost_call_goal": 11.428555300904021, "weight_of_cost_call_goal_pre": 4.601716692407639, "weight_of_cost_call_goal_post": 0.9251357622598602}