{"group_ID": 0, "generation_ID": 10, "individual_ID": 0, "rank": 0, "number_of_nan": 8, "search_time": 49.1, "ancestors": [5, 20, 0, 0, 0, 0, 20, 11, 0], "ancestor_ranks": [0, 0, 0, 0, 0, 0, 1, 0, 0], "is_for_training": false, "weight_of_cost_no_call_goal_pre": 4.325979605194039, "weight_of_cost_no_call_goal_post": 0.9666544015891055, "weight_of_cost_call_goal": 12.5784592800757, "weight_of_cost_call_goal_pre": 4.198233076256484, "weight_of_cost_call_goal_post": 0.9089094577964006}