{"group_ID": 1, "generation_ID": 10, "individual_ID": 19, "rank": 15, "number_of_nan": 9, "search_time": 50.199999999999996, "ancestors": [6, 11, 20, 0, 21, 0, 0, 21, 6], "ancestor_ranks": [1, 0, 0, 1, 0, 0, 1, 6, 9], "is_for_training": true, "weight_of_cost_no_call_goal_pre": 3.6198818720790698, "weight_of_cost_no_call_goal_post": 1.297623187238307, "weight_of_cost_call_goal": 9.677744552392268, "weight_of_cost_call_goal_pre": 3.0901032654918534, "weight_of_cost_call_goal_post": 1.1048948892199584}