{"group_ID": 1, "generation_ID": 6, "individual_ID": 13, "rank": 18, "number_of_nan": 26, "search_time": 4.4, "ancestors": [6, 11, 10, 11, 2], "ancestor_ranks": [1, 0, 1, 2, 3], "is_for_training": true, "weight_of_cost_no_call_goal_pre": 2.5143555354418345, "weight_of_cost_no_call_goal_post": 0.9713640725725836, "weight_of_cost_call_goal": 7.1233193838619595, "weight_of_cost_call_goal_pre": 2.7394879942209314, "weight_of_cost_call_goal_post": 0.8514092258743482}