{"group_ID": 0, "generation_ID": 8, "individual_ID": 8, "rank": 10, "number_of_nan": 6, "search_time": 56.2, "ancestors": [5, 0, 1, 21, 3, 5, 6], "ancestor_ranks": [0, 1, 1, 3, 5, 6, 8], "is_for_training": true, "weight_of_cost_no_call_goal_pre": 2.9554089191665507, "weight_of_cost_no_call_goal_post": 0.9251532005095473, "weight_of_cost_call_goal": 11.985864528266374, "weight_of_cost_call_goal_pre": 2.7172779802865077, "weight_of_cost_call_goal_post": 0.9955065279088149}