{"group_ID": 1, "generation_ID": 6, "individual_ID": 4, "rank": 6, "number_of_nan": 7, "search_time": 63.60000000000001, "ancestors": [6, 11, 10, 11, 12], "ancestor_ranks": [1, 0, 1, 2, 4], "is_for_training": true, "weight_of_cost_no_call_goal_pre": 2.5473069276705864, "weight_of_cost_no_call_goal_post": 1.028059009239633, "weight_of_cost_call_goal": 8.393004614688296, "weight_of_cost_call_goal_pre": 3.1728340915259383, "weight_of_cost_call_goal_post": 1.1594318576336544}