{"group_ID": 1, "generation_ID": 6, "individual_ID": 5, "rank": 10, "number_of_nan": 9, "search_time": 50.599999999999994, "ancestors": [6, 11, 20, 20, 3], "ancestor_ranks": [1, 0, 0, 3, 5], "is_for_training": true, "weight_of_cost_no_call_goal_pre": 3.515084054964527, "weight_of_cost_no_call_goal_post": 1.0618840218575176, "weight_of_cost_call_goal": 9.750913966353579, "weight_of_cost_call_goal_pre": 2.8020911240241513, "weight_of_cost_call_goal_post": 1.0567396789545216}