{"group_ID": 1, "generation_ID": 9, "individual_ID": 4, "rank": 4, "number_of_nan": 5, "search_time": 78.3, "ancestors": [5, 11, 9, 14, 1, 1, 2, 10], "is_for_training": true, "weight_of_cost_no_call_goal_pre": 2.9129259937057776, "weight_of_cost_no_call_goal_post": 1.1109722172413856, "weight_of_cost_call_goal": 10.49563764282938, "weight_of_cost_call_goal_pre": 2.292962998740444, "weight_of_cost_call_goal_post": 1.1171226446629727}