{"group_ID": 2, "generation_ID": 7, "individual_ID": 8, "rank": 0, "number_of_nan": 8, "search_time": 67.39999999999999, "ancestors": [4, 8, 0, 0, 0, 0], "is_for_training": true, "weight_of_cost_no_call_goal_pre": 3.3164445585193643, "weight_of_cost_no_call_goal_post": 0.8840677910557373, "weight_of_cost_call_goal": 7.762280896993976, "weight_of_cost_call_goal_pre": 3.6574436819931764, "weight_of_cost_call_goal_post": 1.0180969937905207}