{"group_ID": 2, "generation_ID": 9, "individual_ID": 14, "rank": 11, "number_of_nan": 13, "search_time": 42.6, "ancestors": [6, 15, 4, 15, 4, 5, 15, 5], "is_for_training": true, "weight_of_cost_no_call_goal_pre": 4.136410284902215, "weight_of_cost_no_call_goal_post": 1.110925638484116, "weight_of_cost_call_goal": 8.322308709699886, "weight_of_cost_call_goal_pre": 4.048519857696122, "weight_of_cost_call_goal_post": 1.5041743109395307}