{"group_ID": 0, "generation_ID": 4, "individual_ID": 10, "rank": 13, "number_of_nan": 14, "search_time": 28.1, "ancestors": [2, 8, 9], "is_for_training": true, "weight_of_cost_no_call_goal_pre": 2.1355123878101328, "weight_of_cost_no_call_goal_post": 0.9224841193902902, "weight_of_cost_call_goal": 12.972596416765361, "weight_of_cost_call_goal_pre": 2.1242763747704947, "weight_of_cost_call_goal_post": 0.8476452172830159}