{"group_ID": 1, "generation_ID": 4, "individual_ID": 12, "rank": 11, "number_of_nan": 14, "search_time": 34.2, "ancestors": [7, 0, 12], "is_for_training": true, "weight_of_cost_no_call_goal_pre": 3.2175680581129553, "weight_of_cost_no_call_goal_post": 1.0406184858990626, "weight_of_cost_call_goal": 12.552828864267813, "weight_of_cost_call_goal_pre": 3.442653155997215, "weight_of_cost_call_goal_post": 1.2006707279092288}