{"group_ID": 0, "generation_ID": 3, "individual_ID": 14, "rank": 7, "number_of_nan": 13, "search_time": 36.50000000000001, "ancestors": [1, 3], "is_for_training": true, "weight_of_cost_no_call_goal_pre": 3.1345335512792762, "weight_of_cost_no_call_goal_post": 1.2065366662230101, "weight_of_cost_call_goal": 13.120126416969278, "weight_of_cost_call_goal_pre": 2.6504485432006635, "weight_of_cost_call_goal_post": 0.9708723294774393}