{"group_ID": 0, "generation_ID": 1, "individual_ID": 3, "rank": 2, "number_of_nan": 12, "search_time": 40.900000000000006, "ancestors": [], "is_for_training": true, "weight_of_cost_no_call_goal_pre": 3.4062274524203775, "weight_of_cost_no_call_goal_post": 1.1696479154037234, "weight_of_cost_call_goal": 8.797064176228705, "weight_of_cost_call_goal_pre": 2.6030007187363777, "weight_of_cost_call_goal_post": 1.0813824859159444}