{"group_ID": 0, "generation_ID": 9, "individual_ID": 4, "rank": 4, "number_of_nan": 5, "search_time": 67.80000000000001, "ancestors": [2, 0, 0, 0, 8, 2, 2, 3], "is_for_training": true, "weight_of_cost_no_call_goal_pre": 2.318964696308938, "weight_of_cost_no_call_goal_post": 0.9075387080857521, "weight_of_cost_call_goal": 9.284840946888615, "weight_of_cost_call_goal_pre": 2.210225570941036, "weight_of_cost_call_goal_post": 1.1305559301590002}