{"group_ID": 0, "generation_ID": 6, "individual_ID": 15, "rank": 13, "number_of_nan": 25, "search_time": 1.1, "ancestors": [2, 8, 1, 1, 9], "is_for_training": true, "weight_of_cost_no_call_goal_pre": 2.1059268248560814, "weight_of_cost_no_call_goal_post": 0.9678421117074563, "weight_of_cost_call_goal": 12.402639938905086, "weight_of_cost_call_goal_pre": 1.6194157397453406, "weight_of_cost_call_goal_post": 0.7993269366314847}