{"group_ID": 0, "generation_ID": 10, "individual_ID": 12, "rank": 14, "number_of_nan": 23, "search_time": 24.6, "ancestors": [2, 0, 0, 0, 8, 2, 2, 3, 4], "is_for_training": true, "weight_of_cost_no_call_goal_pre": 2.060148981562867, "weight_of_cost_no_call_goal_post": 1.2315690716396726, "weight_of_cost_call_goal": 10.797847751609275, "weight_of_cost_call_goal_pre": 2.3005653328735574, "weight_of_cost_call_goal_post": 0.9234672344578813}