{"group_ID": 0, "generation_ID": 8, "individual_ID": 14, "rank": 14, "number_of_nan": 11, "search_time": 56.39999999999999, "ancestors": [2, 0, 0, 0, 0, 0, 8], "is_for_training": true, "weight_of_cost_no_call_goal_pre": 2.3324153012490747, "weight_of_cost_no_call_goal_post": 0.9560074127482903, "weight_of_cost_call_goal": 7.989472518750476, "weight_of_cost_call_goal_pre": 2.1840669584672923, "weight_of_cost_call_goal_post": 1.3556187142352851}