{"group_ID": 1, "generation_ID": 6, "individual_ID": 11, "rank": 8, "number_of_nan": 8, "search_time": 91.3, "ancestors": [5, 11, 1, 1, 3], "is_for_training": true, "weight_of_cost_no_call_goal_pre": 3.0716916694178686, "weight_of_cost_no_call_goal_post": 0.9511414186825766, "weight_of_cost_call_goal": 12.095564431806885, "weight_of_cost_call_goal_pre": 3.1956860090895103, "weight_of_cost_call_goal_post": 0.8153146331223935}