{"group_ID": 2, "generation_ID": 7, "individual_ID": 6, "rank": 11, "number_of_nan": 13, "search_time": 44.400000000000006, "ancestors": [6, 15, 4, 15, 12, 4], "is_for_training": true, "weight_of_cost_no_call_goal_pre": 3.6397955077385813, "weight_of_cost_no_call_goal_post": 1.1529119295215748, "weight_of_cost_call_goal": 7.12077812430459, "weight_of_cost_call_goal_pre": 4.940432945578385, "weight_of_cost_call_goal_post": 1.0929003445657193}