{"group_ID": 2, "generation_ID": 10, "individual_ID": 11, "rank": 0, "number_of_nan": 12, "search_time": 21.6, "ancestors": [4, 0, 1, 2, 2, 2, 10, 2, 11], "is_for_training": false, "weight_of_cost_no_call_goal_pre": 3.164360645741385, "weight_of_cost_no_call_goal_post": 0.8059097989496103, "weight_of_cost_call_goal": 13.052803201275971, "weight_of_cost_call_goal_pre": 2.4075993517468715, "weight_of_cost_call_goal_post": 1.005616607684713}