{"group_ID": 1, "generation_ID": 10, "individual_ID": 15, "rank": 11, "number_of_nan": 6, "search_time": 89.9, "ancestors": [5, 11, 1, 9, 2, 2, 3, 4, 7], "is_for_training": true, "weight_of_cost_no_call_goal_pre": 2.929863401874638, "weight_of_cost_no_call_goal_post": 1.143548584552082, "weight_of_cost_call_goal": 16.254400329397633, "weight_of_cost_call_goal_pre": 2.5070725249366332, "weight_of_cost_call_goal_post": 1.0314902579017964}