{"group_ID": 0, "generation_ID": 5, "individual_ID": 15, "rank": 15, "number_of_nan": 15, "search_time": 26.599999999999998, "ancestors": [1, 11, 4, 5], "is_for_training": true, "weight_of_cost_no_call_goal_pre": 3.361776780149209, "weight_of_cost_no_call_goal_post": 1.1577589429355086, "weight_of_cost_call_goal": 9.787872812067956, "weight_of_cost_call_goal_pre": 3.992856125845382, "weight_of_cost_call_goal_post": 1.0555731644694444}