{"group_ID": 1, "generation_ID": 9, "individual_ID": 13, "rank": 12, "number_of_nan": 24, "search_time": 3.7, "ancestors": [5, 11, 1, 1, 3, 3, 12, 3], "is_for_training": true, "weight_of_cost_no_call_goal_pre": 3.170785970669425, "weight_of_cost_no_call_goal_post": 0.8165271549420977, "weight_of_cost_call_goal": 12.548182792530623, "weight_of_cost_call_goal_pre": 2.4365307070385134, "weight_of_cost_call_goal_post": 1.0270846851229425}