{"group_ID": 1, "generation_ID": 11, "individual_ID": 7, "rank": 10, "number_of_nan": 6, "search_time": 61.800000000000004, "ancestors": [1, 12, 0, 0, 8, 13, 0, 8, 0, 8], "is_for_training": true, "weight_of_cost_no_call_goal_pre": 4.399398805369305, "weight_of_cost_no_call_goal_post": 0.9597686708307721, "weight_of_cost_call_goal": 11.000394092182903, "weight_of_cost_call_goal_pre": 5.22224544749506, "weight_of_cost_call_goal_post": 1.0039874192461071}