{"group_ID": 0, "generation_ID": 10, "individual_ID": 10, "rank": 11, "number_of_nan": 8, "search_time": 73.5, "ancestors": [2, 0, 0, 8, 2, 4, 4, 15, 2], "is_for_training": true, "weight_of_cost_no_call_goal_pre": 3.0453766073686483, "weight_of_cost_no_call_goal_post": 0.8732859646597687, "weight_of_cost_call_goal": 9.098728821195758, "weight_of_cost_call_goal_pre": 2.878147091981987, "weight_of_cost_call_goal_post": 0.6607392596246662}