{"group_ID": 2, "generation_ID": 4, "individual_ID": 11, "rank": 14, "number_of_nan": 23, "search_time": 30.0, "ancestors": [2, 13, 10], "is_for_training": true, "weight_of_cost_no_call_goal_pre": 3.6443446130024757, "weight_of_cost_no_call_goal_post": 0.9743527602116996, "weight_of_cost_call_goal": 7.908750416891497, "weight_of_cost_call_goal_pre": 3.732525137686527, "weight_of_cost_call_goal_post": 0.8771224193634061}