{"group_ID": 1, "generation_ID": 10, "individual_ID": 13, "rank": 12, "number_of_nan": 8, "search_time": 88.6, "ancestors": [5, 11, 1, 1, 3, 3, 12, 3, 5], "is_for_training": true, "weight_of_cost_no_call_goal_pre": 2.772873243079343, "weight_of_cost_no_call_goal_post": 0.9850127248040136, "weight_of_cost_call_goal": 13.004097366488386, "weight_of_cost_call_goal_pre": 2.5999297918187656, "weight_of_cost_call_goal_post": 1.0585267693892508}