{"group_ID": 2, "generation_ID": 11, "individual_ID": 12, "rank": 3, "number_of_nan": 8, "search_time": 70.5, "ancestors": [4, 8, 0, 0, 0, 0, 8, 0, 8, 2], "is_for_training": true, "weight_of_cost_no_call_goal_pre": 4.403371018865673, "weight_of_cost_no_call_goal_post": 0.9465341458261772, "weight_of_cost_call_goal": 9.117738914923288, "weight_of_cost_call_goal_pre": 4.410678702791728, "weight_of_cost_call_goal_post": 1.2218093747926415}