{"group_ID": 1, "generation_ID": 9, "individual_ID": 10, "rank": 10, "number_of_nan": 10, "search_time": 46.1, "ancestors": [1, 12, 0, 0, 0, 0, 1, 1], "is_for_training": true, "weight_of_cost_no_call_goal_pre": 2.6360568021845183, "weight_of_cost_no_call_goal_post": 1.1024245498475718, "weight_of_cost_call_goal": 9.978114337091448, "weight_of_cost_call_goal_pre": 3.3694074304365658, "weight_of_cost_call_goal_post": 1.0613118110330626}