{"group_ID": 2, "generation_ID": 9, "individual_ID": 10, "rank": 13, "number_of_nan": 24, "search_time": 14.100000000000001, "ancestors": [4, 0, 1, 2, 2, 2, 10, 10], "is_for_training": true, "weight_of_cost_no_call_goal_pre": 2.259930290633563, "weight_of_cost_no_call_goal_post": 1.06492229632194, "weight_of_cost_call_goal": 12.242601296019206, "weight_of_cost_call_goal_pre": 2.1354333962976835, "weight_of_cost_call_goal_post": 0.9064984803234064}