{"group_ID": 2, "generation_ID": 11, "individual_ID": 11, "rank": 5, "number_of_nan": 8, "search_time": 85.2, "ancestors": [4, 0, 9, 1, 1, 1, 1, 3, 4, 15], "is_for_training": true, "weight_of_cost_no_call_goal_pre": 2.663877686480631, "weight_of_cost_no_call_goal_post": 1.0377727102406766, "weight_of_cost_call_goal": 10.703919628805476, "weight_of_cost_call_goal_pre": 1.9865864709255798, "weight_of_cost_call_goal_post": 1.1890054797815068}