{"group_ID": 2, "generation_ID": 6, "individual_ID": 11, "rank": 9, "number_of_nan": 13, "search_time": 46.2, "ancestors": [2, 13, 10, 3, 3], "is_for_training": true, "weight_of_cost_no_call_goal_pre": 3.1773364426743815, "weight_of_cost_no_call_goal_post": 0.7937234417096354, "weight_of_cost_call_goal": 9.868289885495724, "weight_of_cost_call_goal_pre": 3.8377629226664456, "weight_of_cost_call_goal_post": 0.7776091403655456}