{"group_ID": 2, "generation_ID": 10, "individual_ID": 2, "rank": 4, "number_of_nan": 9, "search_time": 56.2, "ancestors": [4, 8, 0, 0, 0, 0, 8, 0, 8], "is_for_training": true, "weight_of_cost_no_call_goal_pre": 3.2374488309070837, "weight_of_cost_no_call_goal_post": 1.2049328267097703, "weight_of_cost_call_goal": 7.870315586163264, "weight_of_cost_call_goal_pre": 3.807746575566662, "weight_of_cost_call_goal_post": 1.1560074638312154}