{"group_ID": 2, "generation_ID": 10, "individual_ID": 7, "rank": 10, "number_of_nan": 12, "search_time": 51.2, "ancestors": [4, 0, 9, 1, 1, 1, 1, 3, 4], "is_for_training": true, "weight_of_cost_no_call_goal_pre": 2.664143774564606, "weight_of_cost_no_call_goal_post": 1.1750186837206735, "weight_of_cost_call_goal": 10.20948276736274, "weight_of_cost_call_goal_pre": 2.6062145156303975, "weight_of_cost_call_goal_post": 1.134750826583054}