{"group_ID": 2, "generation_ID": 7, "individual_ID": 11, "rank": 15, "number_of_nan": 26, "search_time": 0.5, "ancestors": [2, 13, 10, 3, 3, 3], "is_for_training": true, "weight_of_cost_no_call_goal_pre": 3.137404108768461, "weight_of_cost_no_call_goal_post": 0.8896910448266453, "weight_of_cost_call_goal": 8.558846165717192, "weight_of_cost_call_goal_pre": 4.036941139679527, "weight_of_cost_call_goal_post": 0.7606007456989728}