{"group_ID": 1, "generation_ID": 5, "individual_ID": 8, "rank": 5, "number_of_nan": 8, "search_time": 70.30000000000001, "ancestors": [1, 12, 0, 0], "is_for_training": true, "weight_of_cost_no_call_goal_pre": 2.6602258996013948, "weight_of_cost_no_call_goal_post": 1.0678149806252333, "weight_of_cost_call_goal": 9.24491874948939, "weight_of_cost_call_goal_pre": 3.5222160945627126, "weight_of_cost_call_goal_post": 1.0513953735067643}