{"group_ID": 2, "generation_ID": 3, "individual_ID": 8, "rank": 9, "number_of_nan": 18, "search_time": 77.10000000000001, "ancestors": [4, 8], "is_for_training": true, "weight_of_cost_no_call_goal_pre": 2.8748499149351874, "weight_of_cost_no_call_goal_post": 0.7653477214736043, "weight_of_cost_call_goal": 10.08093640687073, "weight_of_cost_call_goal_pre": 3.122208342135132, "weight_of_cost_call_goal_post": 0.9212834575518797}