{"group_ID": 0, "generation_ID": 5, "individual_ID": 14, "rank": 13, "number_of_nan": 13, "search_time": 45.300000000000004, "ancestors": [3, 2, 3, 12], "is_for_training": true, "weight_of_cost_no_call_goal_pre": 3.0908958528914274, "weight_of_cost_no_call_goal_post": 0.8728030549777193, "weight_of_cost_call_goal": 9.086853722146383, "weight_of_cost_call_goal_pre": 3.1135750658248194, "weight_of_cost_call_goal_post": 0.8409652720551062}