{"group_ID": 1, "generation_ID": 11, "individual_ID": 9, "rank": 11, "number_of_nan": 6, "search_time": 83.0, "ancestors": [1, 12, 0, 0, 8, 13, 0, 0, 1, 1], "is_for_training": true, "weight_of_cost_no_call_goal_pre": 3.510131957497319, "weight_of_cost_no_call_goal_post": 1.1101628435786954, "weight_of_cost_call_goal": 11.111621529982179, "weight_of_cost_call_goal_pre": 3.9331805771698147, "weight_of_cost_call_goal_post": 0.8315551779248808}