{"group_ID": 2, "generation_ID": 8, "individual_ID": 14, "rank": 14, "number_of_nan": 25, "search_time": 1.2999999999999998, "ancestors": [4, 0, 1, 2, 2, 2, 2], "is_for_training": true, "weight_of_cost_no_call_goal_pre": 3.349020518850042, "weight_of_cost_no_call_goal_post": 0.8156998562107723, "weight_of_cost_call_goal": 9.747249823661335, "weight_of_cost_call_goal_pre": 2.696813536049291, "weight_of_cost_call_goal_post": 1.1815727012948405}