{"group_ID": 2, "generation_ID": 10, "individual_ID": 14, "rank": 14, "number_of_nan": 25, "search_time": 3.2, "ancestors": [4, 0, 1, 2, 2, 2, 10, 2, 3], "is_for_training": true, "weight_of_cost_no_call_goal_pre": 2.9067941961609476, "weight_of_cost_no_call_goal_post": 0.9016240504006289, "weight_of_cost_call_goal": 9.661535672325122, "weight_of_cost_call_goal_pre": 3.0397163910395832, "weight_of_cost_call_goal_post": 1.2340966609515318}