{"group_ID": 0, "generation_ID": 10, "individual_ID": 15, "rank": 9, "number_of_nan": 5, "search_time": 82.0, "ancestors": [2, 0, 0, 0, 0, 0, 8, 6, 7], "is_for_training": true, "weight_of_cost_no_call_goal_pre": 2.1103494260088613, "weight_of_cost_no_call_goal_post": 1.1099033138488914, "weight_of_cost_call_goal": 6.4975204656653025, "weight_of_cost_call_goal_pre": 2.3992672334089566, "weight_of_cost_call_goal_post": 1.0853430340859653}