{"group_ID": 1, "generation_ID": 11, "individual_ID": 3, "rank": 4, "number_of_nan": 5, "search_time": 69.89999999999999, "ancestors": [1, 12, 0, 0, 0, 0, 1, 9, 6, 14], "is_for_training": true, "weight_of_cost_no_call_goal_pre": 3.797567474263482, "weight_of_cost_no_call_goal_post": 0.9336827492708, "weight_of_cost_call_goal": 5.931112787360205, "weight_of_cost_call_goal_pre": 2.9578281529748116, "weight_of_cost_call_goal_post": 1.0051300496358078}