{"group_ID": 1, "generation_ID": 4, "individual_ID": 13, "rank": 10, "number_of_nan": 14, "search_time": 29.199999999999996, "ancestors": [6, 10, 3], "is_for_training": true, "weight_of_cost_no_call_goal_pre": 2.4989178556220697, "weight_of_cost_no_call_goal_post": 1.0308956566521041, "weight_of_cost_call_goal": 9.095555349171223, "weight_of_cost_call_goal_pre": 2.41487665400654, "weight_of_cost_call_goal_post": 1.1173880039628195}