{"group_ID": 2, "generation_ID": 9, "individual_ID": 6, "rank": 9, "number_of_nan": 13, "search_time": 33.800000000000004, "ancestors": [6, 15, 4, 15, 4, 5, 15, 5], "is_for_training": true, "weight_of_cost_no_call_goal_pre": 4.734985557998361, "weight_of_cost_no_call_goal_post": 1.4387892336122234, "weight_of_cost_call_goal": 8.286954580843823, "weight_of_cost_call_goal_pre": 3.611827623733015, "weight_of_cost_call_goal_post": 1.2631262390376765}