{"group_ID": 1, "generation_ID": 11, "individual_ID": 13, "rank": 15, "number_of_nan": 26, "search_time": 0.6000000000000001, "ancestors": [5, 11, 9, 14, 1, 1, 2, 10, 4, 4], "is_for_training": true, "weight_of_cost_no_call_goal_pre": 1.9169734544009236, "weight_of_cost_no_call_goal_post": 1.0427266760951432, "weight_of_cost_call_goal": 10.454764709003692, "weight_of_cost_call_goal_pre": 2.413786953359884, "weight_of_cost_call_goal_post": 1.237173341439243}