{"group_ID": 2, "generation_ID": 10, "individual_ID": 8, "rank": 15, "number_of_nan": 26, "search_time": 1.4, "ancestors": [4, 8, 0, 0, 0, 0, 8, 0, 0], "is_for_training": true, "weight_of_cost_no_call_goal_pre": 3.6368223624606504, "weight_of_cost_no_call_goal_post": 1.010333290668252, "weight_of_cost_call_goal": 7.111321647591676, "weight_of_cost_call_goal_pre": 3.8157465513849993, "weight_of_cost_call_goal_post": 1.0525700817866133}