{"group_ID": 2, "generation_ID": 11, "individual_ID": 14, "rank": 2, "number_of_nan": 8, "search_time": 69.4, "ancestors": [4, 8, 0, 0, 0, 0, 0, 1, 1, 4], "is_for_training": true, "weight_of_cost_no_call_goal_pre": 3.974956153932839, "weight_of_cost_no_call_goal_post": 0.8577895994999387, "weight_of_cost_call_goal": 8.707868846841052, "weight_of_cost_call_goal_pre": 3.2629953211605183, "weight_of_cost_call_goal_post": 0.7969585052289706}