{"group_ID": 2, "generation_ID": 9, "individual_ID": 12, "rank": 12, "number_of_nan": 16, "search_time": 19.199999999999996, "ancestors": [4, 0, 9, 1, 1, 1, 1, 3], "is_for_training": true, "weight_of_cost_no_call_goal_pre": 2.8071158716540885, "weight_of_cost_no_call_goal_post": 1.339878494449591, "weight_of_cost_call_goal": 8.969233594238936, "weight_of_cost_call_goal_pre": 2.1812106578329846, "weight_of_cost_call_goal_post": 1.2994634590127618}