{"group_ID": 0, "generation_ID": 8, "individual_ID": 13, "rank": 15, "number_of_nan": 13, "search_time": 44.2, "ancestors": [2, 8, 9, 2, 3, 6, 15], "is_for_training": true, "weight_of_cost_no_call_goal_pre": 1.7732693576570915, "weight_of_cost_no_call_goal_post": 0.9094928797501447, "weight_of_cost_call_goal": 12.703580059506862, "weight_of_cost_call_goal_pre": 1.7681299631238414, "weight_of_cost_call_goal_post": 0.7738545895444251}