{"group_ID": 0, "generation_ID": 8, "individual_ID": 9, "rank": 11, "number_of_nan": 8, "search_time": 47.199999999999996, "ancestors": [2, 0, 0, 0, 0, 0, 0], "is_for_training": true, "weight_of_cost_no_call_goal_pre": 2.6091746743540627, "weight_of_cost_no_call_goal_post": 0.8489447548872783, "weight_of_cost_call_goal": 10.383920667446361, "weight_of_cost_call_goal_pre": 2.478621423525258, "weight_of_cost_call_goal_post": 1.0439827312159735}