{"group_ID": 1, "generation_ID": 8, "individual_ID": 13, "rank": 12, "number_of_nan": 8, "search_time": 81.80000000000001, "ancestors": [5, 11, 1, 1, 3, 3, 4], "is_for_training": true, "weight_of_cost_no_call_goal_pre": 3.0686856517351924, "weight_of_cost_no_call_goal_post": 0.8333814963369514, "weight_of_cost_call_goal": 11.587310422565599, "weight_of_cost_call_goal_pre": 2.7884227151333496, "weight_of_cost_call_goal_post": 1.0296463019054436}