{"group_ID": 1, "generation_ID": 6, "individual_ID": 12, "rank": 14, "number_of_nan": 21, "search_time": 43.8, "ancestors": [3, 9, 15, 11, 12], "is_for_training": true, "weight_of_cost_no_call_goal_pre": 2.4115761882302134, "weight_of_cost_no_call_goal_post": 0.4996262564107647, "weight_of_cost_call_goal": 10.745350521132938, "weight_of_cost_call_goal_pre": 3.067985335374498, "weight_of_cost_call_goal_post": 0.49356427380802426}