{"group_ID": 2, "generation_ID": 3, "individual_ID": 15, "rank": 12, "number_of_nan": 22, "search_time": 31.199999999999996, "ancestors": [5, 3], "is_for_training": true, "weight_of_cost_no_call_goal_pre": 3.520384374272738, "weight_of_cost_no_call_goal_post": 0.9183123482242804, "weight_of_cost_call_goal": 10.476387306620708, "weight_of_cost_call_goal_pre": 2.861200364853736, "weight_of_cost_call_goal_post": 1.0529857968405045}