{"group_ID": 2, "generation_ID": 5, "individual_ID": 9, "rank": 13, "number_of_nan": 25, "search_time": 1.2999999999999998, "ancestors": [4, 0, 9, 1], "is_for_training": true, "weight_of_cost_no_call_goal_pre": 2.227819087966464, "weight_of_cost_no_call_goal_post": 1.2124729389140256, "weight_of_cost_call_goal": 11.723107498423404, "weight_of_cost_call_goal_pre": 2.994090933858401, "weight_of_cost_call_goal_post": 1.160532584223056}