{"group_ID": 1, "generation_ID": 11, "individual_ID": 12, "rank": 8, "number_of_nan": 5, "search_time": 92.1, "ancestors": [5, 11, 9, 14, 1, 1, 2, 2, 3, 3], "is_for_training": true, "weight_of_cost_no_call_goal_pre": 3.361001213099243, "weight_of_cost_no_call_goal_post": 1.0935688320863646, "weight_of_cost_call_goal": 9.80015589116208, "weight_of_cost_call_goal_pre": 3.256066698586144, "weight_of_cost_call_goal_post": 1.0546085219336683}