{"group_ID": 2, "generation_ID": 10, "individual_ID": 9, "rank": 12, "number_of_nan": 21, "search_time": 23.4, "ancestors": [4, 8, 0, 0, 0, 0, 0, 1, 9], "is_for_training": true, "weight_of_cost_no_call_goal_pre": 4.636043389125647, "weight_of_cost_no_call_goal_post": 0.7470947769262718, "weight_of_cost_call_goal": 10.543659698462784, "weight_of_cost_call_goal_pre": 3.4300790498888327, "weight_of_cost_call_goal_post": 0.8355812961156045}