{"group_ID": 2, "generation_ID": 7, "individual_ID": 14, "rank": 14, "number_of_nan": 19, "search_time": 42.2, "ancestors": [6, 15, 4, 15, 12, 4], "is_for_training": true, "weight_of_cost_no_call_goal_pre": 5.199383834450227, "weight_of_cost_no_call_goal_post": 1.275767475787764, "weight_of_cost_call_goal": 7.610361381248353, "weight_of_cost_call_goal_pre": 5.2570555821089195, "weight_of_cost_call_goal_post": 1.1128855863578482}