{"group_ID": 0, "generation_ID": 11, "individual_ID": 9, "rank": 2, "number_of_nan": 4, "search_time": 83.99999999999999, "ancestors": [2, 0, 0, 0, 0, 0, 0, 1, 1, 1], "is_for_training": true, "weight_of_cost_no_call_goal_pre": 2.838464280533317, "weight_of_cost_no_call_goal_post": 0.9714966983326296, "weight_of_cost_call_goal": 7.338539103336854, "weight_of_cost_call_goal_pre": 2.112642427253333, "weight_of_cost_call_goal_post": 0.8602399105935684}