{"group_ID": 1, "generation_ID": 10, "individual_ID": 12, "rank": 13, "number_of_nan": 15, "search_time": 24.2, "ancestors": [5, 11, 9, 14, 1, 1, 2, 10, 4], "is_for_training": true, "weight_of_cost_no_call_goal_pre": 2.063416096118896, "weight_of_cost_no_call_goal_post": 0.9509458372219762, "weight_of_cost_call_goal": 9.984835099242236, "weight_of_cost_call_goal_pre": 2.6352899429520193, "weight_of_cost_call_goal_post": 1.2813704904189773}