{"group_ID": 1, "generation_ID": 6, "individual_ID": 8, "rank": 11, "number_of_nan": 13, "search_time": 27.300000000000004, "ancestors": [1, 12, 0, 0, 0], "is_for_training": true, "weight_of_cost_no_call_goal_pre": 3.6118554242978274, "weight_of_cost_no_call_goal_post": 1.041772853171399, "weight_of_cost_call_goal": 7.633180870260892, "weight_of_cost_call_goal_pre": 3.136954996103372, "weight_of_cost_call_goal_post": 0.8049073892038247}