{"group_ID": 1, "generation_ID": 10, "individual_ID": 5, "rank": 6, "number_of_nan": 5, "search_time": 97.7, "ancestors": [5, 11, 1, 1, 3, 3, 12, 3, 5], "is_for_training": true, "weight_of_cost_no_call_goal_pre": 3.030921556277307, "weight_of_cost_no_call_goal_post": 1.022903594966445, "weight_of_cost_call_goal": 12.324143051735335, "weight_of_cost_call_goal_pre": 2.8753857574763604, "weight_of_cost_call_goal_post": 0.9775428162400969}