{"group_ID": 0, "generation_ID": 11, "individual_ID": 15, "rank": 15, "number_of_nan": 24, "search_time": 11.6, "ancestors": [2, 0, 0, 0, 0, 0, 8, 6, 7, 7], "is_for_training": true, "weight_of_cost_no_call_goal_pre": 2.132972615668616, "weight_of_cost_no_call_goal_post": 1.272388191598443, "weight_of_cost_call_goal": 6.4089076702110725, "weight_of_cost_call_goal_pre": 1.9936862741641073, "weight_of_cost_call_goal_post": 1.0324930014964935}