{"group_ID": 0, "generation_ID": 11, "individual_ID": 10, "rank": 11, "number_of_nan": 6, "search_time": 76.0, "ancestors": [2, 0, 0, 8, 2, 4, 4, 15, 2, 2], "is_for_training": true, "weight_of_cost_no_call_goal_pre": 2.536165300941414, "weight_of_cost_no_call_goal_post": 0.8749255743449121, "weight_of_cost_call_goal": 8.862347995065893, "weight_of_cost_call_goal_pre": 2.6031028084076926, "weight_of_cost_call_goal_post": 0.9179245839622102}