{"group_ID": 1, "generation_ID": 6, "individual_ID": 10, "rank": 15, "number_of_nan": 25, "search_time": 1.2000000000000002, "ancestors": [5, 11, 1, 9, 2], "is_for_training": true, "weight_of_cost_no_call_goal_pre": 2.2607382482285368, "weight_of_cost_no_call_goal_post": 0.9377553591327846, "weight_of_cost_call_goal": 12.272453576043992, "weight_of_cost_call_goal_pre": 2.913161844327164, "weight_of_cost_call_goal_post": 1.0487602190808736}