{"group_ID": 2, "generation_ID": 10, "individual_ID": 10, "rank": 11, "number_of_nan": 14, "search_time": 31.799999999999997, "ancestors": [4, 8, 0, 0, 0, 0, 8, 0, 8], "is_for_training": true, "weight_of_cost_no_call_goal_pre": 4.469379717193288, "weight_of_cost_no_call_goal_post": 1.2576151894987295, "weight_of_cost_call_goal": 8.705771644251808, "weight_of_cost_call_goal_pre": 4.218702637497709, "weight_of_cost_call_goal_post": 1.2542788343190172}