{"group_ID": 0, "generation_ID": 10, "individual_ID": 11, "rank": 12, "number_of_nan": 13, "search_time": 38.099999999999994, "ancestors": [2, 0, 0, 8, 10, 1, 1, 2, 3], "is_for_training": true, "weight_of_cost_no_call_goal_pre": 2.558239573531297, "weight_of_cost_no_call_goal_post": 0.8787234253053208, "weight_of_cost_call_goal": 10.189036223150321, "weight_of_cost_call_goal_pre": 2.149457306050594, "weight_of_cost_call_goal_post": 0.8039131938885841}