{"group_ID": 1, "generation_ID": 4, "individual_ID": 8, "rank": 14, "number_of_nan": 25, "search_time": 1.2000000000000002, "ancestors": [1, 12, 0], "is_for_training": true, "weight_of_cost_no_call_goal_pre": 2.5447820387917788, "weight_of_cost_no_call_goal_post": 1.0682458624344844, "weight_of_cost_call_goal": 9.322545559708633, "weight_of_cost_call_goal_pre": 2.528974409666203, "weight_of_cost_call_goal_post": 0.7679109582426503}