{"group_ID": 2, "generation_ID": 6, "individual_ID": 13, "rank": 5, "number_of_nan": 13, "search_time": 39.0, "ancestors": [6, 15, 4, 15, 4], "is_for_training": true, "weight_of_cost_no_call_goal_pre": 3.8551757225909165, "weight_of_cost_no_call_goal_post": 0.9719892057574775, "weight_of_cost_call_goal": 6.918758580204727, "weight_of_cost_call_goal_pre": 3.541150737358185, "weight_of_cost_call_goal_post": 1.1400578212052521}