{"group_ID": 1, "generation_ID": 3, "individual_ID": 10, "rank": 10, "number_of_nan": 23, "search_time": 30.100000000000005, "ancestors": [4, 14], "is_for_training": true, "weight_of_cost_no_call_goal_pre": 2.7377074972664914, "weight_of_cost_no_call_goal_post": 0.7387434859964969, "weight_of_cost_call_goal": 10.178187895759498, "weight_of_cost_call_goal_pre": 3.159227994056159, "weight_of_cost_call_goal_post": 0.9588151235289675}