{"group_ID": 1, "generation_ID": 9, "individual_ID": 15, "rank": 11, "number_of_nan": 10, "search_time": 72.3, "ancestors": [5, 11, 1, 9, 2, 2, 3, 4], "is_for_training": true, "weight_of_cost_no_call_goal_pre": 2.5170227193751025, "weight_of_cost_no_call_goal_post": 1.0474380739468159, "weight_of_cost_call_goal": 15.097496989833036, "weight_of_cost_call_goal_pre": 2.954925720356513, "weight_of_cost_call_goal_post": 1.067754268030997}