{"group_ID": 1, "generation_ID": 5, "individual_ID": 7, "rank": 10, "number_of_nan": 13, "search_time": 46.900000000000006, "ancestors": [7, 0, 12, 4], "is_for_training": true, "weight_of_cost_no_call_goal_pre": 3.0906731593693495, "weight_of_cost_no_call_goal_post": 0.8573958975432074, "weight_of_cost_call_goal": 11.919100050052345, "weight_of_cost_call_goal_pre": 3.1812489035564075, "weight_of_cost_call_goal_post": 1.1337167307372025}