{"group_ID": 2, "generation_ID": 6, "individual_ID": 9, "rank": 14, "number_of_nan": 25, "search_time": 1.2999999999999998, "ancestors": [4, 0, 9, 1, 1], "is_for_training": true, "weight_of_cost_no_call_goal_pre": 2.7267909053552932, "weight_of_cost_no_call_goal_post": 0.961377709668138, "weight_of_cost_call_goal": 10.312589773375477, "weight_of_cost_call_goal_pre": 2.654223599512783, "weight_of_cost_call_goal_post": 1.0320993010288517}