{"group_ID": 0, "generation_ID": 5, "individual_ID": 13, "rank": 14, "number_of_nan": 13, "search_time": 46.900000000000006, "ancestors": [3, 2, 3, 4], "is_for_training": true, "weight_of_cost_no_call_goal_pre": 2.2259532496680703, "weight_of_cost_no_call_goal_post": 1.1662738131022803, "weight_of_cost_call_goal": 7.14352107686223, "weight_of_cost_call_goal_pre": 3.0741503866127915, "weight_of_cost_call_goal_post": 0.9681139276775047}