{"group_ID": 1, "generation_ID": 11, "individual_ID": 10, "rank": 13, "number_of_nan": 12, "search_time": 53.400000000000006, "ancestors": [1, 12, 0, 0, 0, 0, 1, 1, 2, 2], "is_for_training": true, "weight_of_cost_no_call_goal_pre": 3.313959984216914, "weight_of_cost_no_call_goal_post": 1.1001343224926237, "weight_of_cost_call_goal": 9.093725054991202, "weight_of_cost_call_goal_pre": 2.8255917027864714, "weight_of_cost_call_goal_post": 1.1239300866099131}