{"group_ID": 0, "generation_ID": 11, "individual_ID": 11, "rank": 9, "number_of_nan": 5, "search_time": 72.39999999999999, "ancestors": [2, 0, 0, 8, 10, 1, 1, 2, 3, 3], "is_for_training": true, "weight_of_cost_no_call_goal_pre": 2.1060073377288897, "weight_of_cost_no_call_goal_post": 0.8638133513689932, "weight_of_cost_call_goal": 11.55421787360718, "weight_of_cost_call_goal_pre": 1.7563188624489385, "weight_of_cost_call_goal_post": 0.7246087421487595}