{"group_ID": 1, "generation_ID": 4, "individual_ID": 15, "rank": 9, "number_of_nan": 14, "search_time": 28.299999999999997, "ancestors": [6, 10, 11], "is_for_training": true, "weight_of_cost_no_call_goal_pre": 3.251408797311346, "weight_of_cost_no_call_goal_post": 1.0181766654506321, "weight_of_cost_call_goal": 10.30556713606541, "weight_of_cost_call_goal_pre": 3.2793534875323176, "weight_of_cost_call_goal_post": 1.0524247392435115}