{"group_ID": 1, "generation_ID": 11, "individual_ID": 11, "rank": 14, "number_of_nan": 24, "search_time": 4.5, "ancestors": [1, 12, 0, 0, 0, 0, 1, 9, 6, 14], "is_for_training": true, "weight_of_cost_no_call_goal_pre": 2.5937530805281694, "weight_of_cost_no_call_goal_post": 1.0533286556596002, "weight_of_cost_call_goal": 7.042941108851189, "weight_of_cost_call_goal_pre": 2.7707304101688814, "weight_of_cost_call_goal_post": 1.0034805688344315}