{"group_ID": 1, "generation_ID": 11, "individual_ID": 15, "rank": 7, "number_of_nan": 5, "search_time": 89.4, "ancestors": [1, 12, 0, 0, 8, 13, 0, 8, 0, 8], "is_for_training": true, "weight_of_cost_no_call_goal_pre": 4.770168351876058, "weight_of_cost_no_call_goal_post": 0.8681759227137409, "weight_of_cost_call_goal": 11.314294201291444, "weight_of_cost_call_goal_pre": 4.552016842715216, "weight_of_cost_call_goal_post": 1.0266722240549018}