{"group_ID": 2, "generation_ID": 6, "individual_ID": 15, "rank": 12, "number_of_nan": 21, "search_time": 40.800000000000004, "ancestors": [4, 8, 0, 8, 5], "is_for_training": true, "weight_of_cost_no_call_goal_pre": 3.33485651706796, "weight_of_cost_no_call_goal_post": 0.7132855303442617, "weight_of_cost_call_goal": 8.328395031276278, "weight_of_cost_call_goal_pre": 3.306630316154058, "weight_of_cost_call_goal_post": 0.6365238824661571}