{"group_ID": 1, "generation_ID": 11, "individual_ID": 8, "rank": 1, "number_of_nan": 4, "search_time": 78.39999999999999, "ancestors": [1, 12, 0, 0, 8, 13, 0, 8, 0, 0], "is_for_training": true, "weight_of_cost_no_call_goal_pre": 4.394360250089047, "weight_of_cost_no_call_goal_post": 0.6827879688884645, "weight_of_cost_call_goal": 8.336731989051328, "weight_of_cost_call_goal_pre": 4.054454489260108, "weight_of_cost_call_goal_post": 0.8261976059641364}