{"group_ID": 1, "generation_ID": 7, "individual_ID": 11, "rank": 13, "number_of_nan": 11, "search_time": 67.3, "ancestors": [5, 11, 1, 9, 2, 2], "is_for_training": true, "weight_of_cost_no_call_goal_pre": 2.495181331957414, "weight_of_cost_no_call_goal_post": 1.240353909732155, "weight_of_cost_call_goal": 14.983164931703419, "weight_of_cost_call_goal_pre": 3.006854885790824, "weight_of_cost_call_goal_post": 1.1491307547915424}