{"group_ID": 2, "generation_ID": 7, "individual_ID": 13, "rank": 10, "number_of_nan": 13, "search_time": 39.099999999999994, "ancestors": [6, 15, 4, 15, 4, 13], "is_for_training": true, "weight_of_cost_no_call_goal_pre": 3.7213622641069177, "weight_of_cost_no_call_goal_post": 1.290186511696575, "weight_of_cost_call_goal": 6.608318386238038, "weight_of_cost_call_goal_pre": 4.124103489684287, "weight_of_cost_call_goal_post": 1.1199854963720879}