{"group_ID": 0, "generation_ID": 6, "individual_ID": 14, "rank": 14, "number_of_nan": 26, "search_time": 0.5, "ancestors": [2, 8, 9, 2, 3], "is_for_training": true, "weight_of_cost_no_call_goal_pre": 2.4567840724426535, "weight_of_cost_no_call_goal_post": 0.9274571362023627, "weight_of_cost_call_goal": 12.407419123656354, "weight_of_cost_call_goal_pre": 1.6844286173141882, "weight_of_cost_call_goal_post": 0.9951240461218068}