{"group_ID": 1, "generation_ID": 5, "individual_ID": 10, "rank": 12, "number_of_nan": 15, "search_time": 29.799999999999997, "ancestors": [5, 11, 1, 9], "is_for_training": true, "weight_of_cost_no_call_goal_pre": 2.288156050090928, "weight_of_cost_no_call_goal_post": 1.3023015068783221, "weight_of_cost_call_goal": 12.734221804708788, "weight_of_cost_call_goal_pre": 3.110014322482845, "weight_of_cost_call_goal_post": 1.2592397393553578}