{"group_ID": 1, "generation_ID": 7, "individual_ID": 14, "rank": 8, "number_of_nan": 7, "search_time": 76.89999999999999, "ancestors": [1, 12, 0, 0, 8, 5], "is_for_training": true, "weight_of_cost_no_call_goal_pre": 3.1410798686137515, "weight_of_cost_no_call_goal_post": 0.9308523336433178, "weight_of_cost_call_goal": 10.73137480932234, "weight_of_cost_call_goal_pre": 3.1724960662573403, "weight_of_cost_call_goal_post": 1.0157362220374502}