{"group_ID": 0, "generation_ID": 11, "individual_ID": 8, "rank": 14, "number_of_nan": 24, "search_time": 4.4, "ancestors": [2, 0, 0, 8, 2, 4, 12, 0, 0, 0], "is_for_training": true, "weight_of_cost_no_call_goal_pre": 2.9346484389514598, "weight_of_cost_no_call_goal_post": 0.9002982496633405, "weight_of_cost_call_goal": 7.888366316366205, "weight_of_cost_call_goal_pre": 2.9164618133941764, "weight_of_cost_call_goal_post": 0.740746277688854}