{"group_ID": 2, "generation_ID": 8, "individual_ID": 10, "rank": 2, "number_of_nan": 10, "search_time": 71.2, "ancestors": [4, 0, 1, 2, 2, 2, 10], "is_for_training": true, "weight_of_cost_no_call_goal_pre": 2.5116030458480423, "weight_of_cost_no_call_goal_post": 1.0942310297707065, "weight_of_cost_call_goal": 10.930442184486736, "weight_of_cost_call_goal_pre": 2.407192295128454, "weight_of_cost_call_goal_post": 1.0906867135098104}