{"group_ID": 1, "generation_ID": 8, "individual_ID": 11, "rank": 14, "number_of_nan": 24, "search_time": 4.1, "ancestors": [5, 11, 1, 1, 3, 3, 12], "is_for_training": true, "weight_of_cost_no_call_goal_pre": 3.390031877232895, "weight_of_cost_no_call_goal_post": 0.8670343062853417, "weight_of_cost_call_goal": 12.36777860040426, "weight_of_cost_call_goal_pre": 2.939020015895675, "weight_of_cost_call_goal_post": 0.7973746542075854}