{"group_ID": 1, "generation_ID": 10, "individual_ID": 10, "rank": 15, "number_of_nan": 25, "search_time": 2.1, "ancestors": [1, 12, 0, 0, 0, 0, 1, 1, 2], "is_for_training": true, "weight_of_cost_no_call_goal_pre": 3.6424953744839965, "weight_of_cost_no_call_goal_post": 0.7581369319725322, "weight_of_cost_call_goal": 7.132359154657503, "weight_of_cost_call_goal_pre": 3.464382396857613, "weight_of_cost_call_goal_post": 0.8722227587910082}