{"group_ID": 2, "generation_ID": 9, "individual_ID": 15, "rank": 15, "number_of_nan": 26, "search_time": 1.1, "ancestors": [4, 0, 1, 2, 2, 2, 2, 6], "is_for_training": true, "weight_of_cost_no_call_goal_pre": 3.0252292496734956, "weight_of_cost_no_call_goal_post": 0.8193205325006108, "weight_of_cost_call_goal": 8.93210490708192, "weight_of_cost_call_goal_pre": 3.4878462530357917, "weight_of_cost_call_goal_post": 0.8431547856172794}