{"group_ID": 0, "generation_ID": 9, "individual_ID": 10, "rank": 11, "number_of_nan": 8, "search_time": 67.7, "ancestors": [2, 0, 0, 8, 2, 4, 4, 15], "is_for_training": true, "weight_of_cost_no_call_goal_pre": 2.855772201668515, "weight_of_cost_no_call_goal_post": 0.6604716803727666, "weight_of_cost_call_goal": 10.659083968944161, "weight_of_cost_call_goal_pre": 3.1129675640424237, "weight_of_cost_call_goal_post": 0.729662959147898}