{"group_ID": 1, "generation_ID": 9, "individual_ID": 14, "rank": 15, "number_of_nan": 26, "search_time": 0.7, "ancestors": [1, 12, 0, 0, 0, 0, 1, 9], "is_for_training": true, "weight_of_cost_no_call_goal_pre": 3.8433731337145187, "weight_of_cost_no_call_goal_post": 1.070105931863298, "weight_of_cost_call_goal": 8.070525125975035, "weight_of_cost_call_goal_pre": 3.2672181089466195, "weight_of_cost_call_goal_post": 0.9097214240075078}