{"group_ID": 0, "generation_ID": 9, "individual_ID": 11, "rank": 10, "number_of_nan": 7, "search_time": 73.6, "ancestors": [2, 0, 0, 8, 10, 1, 1, 2], "is_for_training": true, "weight_of_cost_no_call_goal_pre": 1.780531883732171, "weight_of_cost_no_call_goal_post": 0.9712161873969022, "weight_of_cost_call_goal": 10.827466461196607, "weight_of_cost_call_goal_pre": 1.8590802795648145, "weight_of_cost_call_goal_post": 0.6731863475190968}