{"group_ID": 2, "generation_ID": 10, "individual_ID": 13, "rank": 8, "number_of_nan": 11, "search_time": 53.1, "ancestors": [4, 0, 1, 2, 2, 2, 10, 10, 2], "is_for_training": true, "weight_of_cost_no_call_goal_pre": 2.5047410470010654, "weight_of_cost_no_call_goal_post": 1.0098858928514174, "weight_of_cost_call_goal": 9.004744312691425, "weight_of_cost_call_goal_pre": 2.613544621752811, "weight_of_cost_call_goal_post": 1.198805103665885}