{"group_ID": 2, "generation_ID": 11, "individual_ID": 5, "rank": 9, "number_of_nan": 9, "search_time": 85.2, "ancestors": [4, 0, 1, 2, 2, 2, 10, 2, 11, 3], "is_for_training": true, "weight_of_cost_no_call_goal_pre": 3.3140366221178663, "weight_of_cost_no_call_goal_post": 1.0454813469878859, "weight_of_cost_call_goal": 11.349931338566753, "weight_of_cost_call_goal_pre": 2.938277666479347, "weight_of_cost_call_goal_post": 0.9473938197924721}