{"group_ID": 0, "generation_ID": 11, "individual_ID": 13, "rank": 12, "number_of_nan": 20, "search_time": 27.6, "ancestors": [2, 8, 1, 1, 1, 3, 3, 4, 5, 5], "is_for_training": true, "weight_of_cost_no_call_goal_pre": 2.5506011313527237, "weight_of_cost_no_call_goal_post": 1.1765298848647503, "weight_of_cost_call_goal": 11.038439922046589, "weight_of_cost_call_goal_pre": 1.8649400509252394, "weight_of_cost_call_goal_post": 0.8475054057332735}