{"group_ID": 0, "generation_ID": 3, "individual_ID": 8, "rank": 14, "number_of_nan": 24, "search_time": 4.199999999999999, "ancestors": [2, 0], "is_for_training": true, "weight_of_cost_no_call_goal_pre": 2.648906359924685, "weight_of_cost_no_call_goal_post": 1.069285676041923, "weight_of_cost_call_goal": 10.24507949134863, "weight_of_cost_call_goal_pre": 2.007634115118592, "weight_of_cost_call_goal_post": 1.141461617926949}