{"group_ID": 0, "generation_ID": 9, "individual_ID": 15, "rank": 13, "number_of_nan": 14, "search_time": 26.299999999999997, "ancestors": [2, 0, 0, 0, 0, 0, 8, 6], "is_for_training": true, "weight_of_cost_no_call_goal_pre": 2.854401555518188, "weight_of_cost_no_call_goal_post": 1.0535939659887121, "weight_of_cost_call_goal": 7.5990288782846, "weight_of_cost_call_goal_pre": 2.2249565285794994, "weight_of_cost_call_goal_post": 0.9883950685469636}