{"group_ID": 2, "generation_ID": 5, "individual_ID": 4, "rank": 5, "number_of_nan": 13, "search_time": 45.300000000000004, "ancestors": [6, 15, 4, 15], "is_for_training": true, "weight_of_cost_no_call_goal_pre": 3.5132406687396265, "weight_of_cost_no_call_goal_post": 1.040290678706011, "weight_of_cost_call_goal": 7.475216004379296, "weight_of_cost_call_goal_pre": 4.121560646617704, "weight_of_cost_call_goal_post": 1.2004775530649667}