{"group_ID": 0, "generation_ID": 11, "individual_ID": 5, "rank": 6, "number_of_nan": 5, "search_time": 68.0, "ancestors": [2, 8, 1, 1, 1, 3, 3, 4, 5, 5], "is_for_training": true, "weight_of_cost_no_call_goal_pre": 2.6184751300737883, "weight_of_cost_no_call_goal_post": 0.9409749859001862, "weight_of_cost_call_goal": 10.122294844670577, "weight_of_cost_call_goal_pre": 2.1407737971940044, "weight_of_cost_call_goal_post": 1.0041525435172902}