{"group_ID": 1, "generation_ID": 6, "individual_ID": 15, "rank": 13, "number_of_nan": 14, "search_time": 29.1, "ancestors": [4, 14, 2, 2, 5], "is_for_training": true, "weight_of_cost_no_call_goal_pre": 2.410697642383466, "weight_of_cost_no_call_goal_post": 0.7894598936478439, "weight_of_cost_call_goal": 10.605861467017013, "weight_of_cost_call_goal_pre": 2.8899820719121236, "weight_of_cost_call_goal_post": 0.9672069276069893}