{"group_ID": 2, "generation_ID": 11, "individual_ID": 13, "rank": 13, "number_of_nan": 24, "search_time": 4.5, "ancestors": [4, 0, 1, 2, 2, 2, 10, 2, 11, 3], "is_for_training": true, "weight_of_cost_no_call_goal_pre": 2.533523966515599, "weight_of_cost_no_call_goal_post": 1.0566729356690938, "weight_of_cost_call_goal": 11.801407162654746, "weight_of_cost_call_goal_pre": 3.4114871980627806, "weight_of_cost_call_goal_post": 0.8600369424769783}