{"group_ID": 2, "generation_ID": 11, "individual_ID": 15, "rank": 12, "number_of_nan": 11, "search_time": 61.1, "ancestors": [4, 0, 1, 2, 2, 2, 10, 10, 2, 5], "is_for_training": true, "weight_of_cost_no_call_goal_pre": 2.3781271884471136, "weight_of_cost_no_call_goal_post": 1.1770590437588262, "weight_of_cost_call_goal": 9.747143482315053, "weight_of_cost_call_goal_pre": 2.8594318395840572, "weight_of_cost_call_goal_post": 1.0751246702093733}