{"group_ID": 2, "generation_ID": 8, "individual_ID": 15, "rank": 11, "number_of_nan": 20, "search_time": 47.7, "ancestors": [2, 13, 10, 3, 3, 3, 3], "is_for_training": true, "weight_of_cost_no_call_goal_pre": 2.934716688054461, "weight_of_cost_no_call_goal_post": 1.0839054188764232, "weight_of_cost_call_goal": 8.225900781915598, "weight_of_cost_call_goal_pre": 3.5179241334972797, "weight_of_cost_call_goal_post": 1.1125165821158134}