{"group_ID": 2, "generation_ID": 6, "individual_ID": 12, "rank": 11, "number_of_nan": 15, "search_time": 22.099999999999998, "ancestors": [6, 15, 4, 15, 12], "is_for_training": true, "weight_of_cost_no_call_goal_pre": 5.662160059635491, "weight_of_cost_no_call_goal_post": 1.0059400924690116, "weight_of_cost_call_goal": 7.8934367832595065, "weight_of_cost_call_goal_pre": 4.394885812328184, "weight_of_cost_call_goal_post": 1.1017397942072285}