{"group_ID": 0, "generation_ID": 11, "individual_ID": 0, "rank": 0, "number_of_nan": 6, "search_time": 71.5, "ancestors": [2, 0, 0, 8, 2, 4, 12, 0, 0, 0], "is_for_training": false, "weight_of_cost_no_call_goal_pre": 2.8359171986569516, "weight_of_cost_no_call_goal_post": 0.8427175546063997, "weight_of_cost_call_goal": 8.196813566798959, "weight_of_cost_call_goal_pre": 2.467408294615259, "weight_of_cost_call_goal_post": 0.8038820774015908}