{"group_ID": 2, "generation_ID": 7, "individual_ID": 12, "rank": 13, "number_of_nan": 14, "search_time": 32.3, "ancestors": [6, 15, 12, 12, 14, 14], "is_for_training": true, "weight_of_cost_no_call_goal_pre": 3.5883177516378786, "weight_of_cost_no_call_goal_post": 1.499450973253103, "weight_of_cost_call_goal": 6.190608273606108, "weight_of_cost_call_goal_pre": 4.352038706958437, "weight_of_cost_call_goal_post": 1.5444856959053865}