{"group_ID": 2, "generation_ID": 8, "individual_ID": 13, "rank": 10, "number_of_nan": 14, "search_time": 33.5, "ancestors": [6, 15, 4, 15, 4, 5, 15], "is_for_training": true, "weight_of_cost_no_call_goal_pre": 3.4610848902743063, "weight_of_cost_no_call_goal_post": 1.4157878603791274, "weight_of_cost_call_goal": 7.188782470372882, "weight_of_cost_call_goal_pre": 3.821695909937353, "weight_of_cost_call_goal_post": 1.0319116157347175}