{"group_ID": 1, "generation_ID": 10, "individual_ID": 11, "rank": 8, "number_of_nan": 6, "search_time": 72.89999999999999, "ancestors": [5, 11, 9, 14, 1, 1, 2, 2, 3], "is_for_training": true, "weight_of_cost_no_call_goal_pre": 3.082383134571926, "weight_of_cost_no_call_goal_post": 0.9768259915203086, "weight_of_cost_call_goal": 12.766660215522728, "weight_of_cost_call_goal_pre": 3.0596847950249715, "weight_of_cost_call_goal_post": 1.188090266577109}