{"group_ID": 1, "generation_ID": 7, "individual_ID": 7, "rank": 11, "number_of_nan": 8, "search_time": 86.5, "ancestors": [5, 11, 9, 14, 1, 9], "is_for_training": true, "weight_of_cost_no_call_goal_pre": 2.7277613650533974, "weight_of_cost_no_call_goal_post": 1.256630401594405, "weight_of_cost_call_goal": 9.773823256764759, "weight_of_cost_call_goal_pre": 3.4033336137924097, "weight_of_cost_call_goal_post": 0.9715138251525846}