{"group_ID": 2, "generation_ID": 3, "individual_ID": 6, "rank": 13, "number_of_nan": 22, "search_time": 31.900000000000002, "ancestors": [5, 11], "is_for_training": true, "weight_of_cost_no_call_goal_pre": 3.2487627581185525, "weight_of_cost_no_call_goal_post": 0.9749124503728596, "weight_of_cost_call_goal": 10.811630165953899, "weight_of_cost_call_goal_pre": 3.131109373313471, "weight_of_cost_call_goal_post": 1.0424321890372594}