{"group_ID": 0, "generation_ID": 10, "individual_ID": 9, "rank": 13, "number_of_nan": 13, "search_time": 45.400000000000006, "ancestors": [2, 0, 0, 0, 0, 0, 0, 1, 1], "is_for_training": true, "weight_of_cost_no_call_goal_pre": 1.9951602929980765, "weight_of_cost_no_call_goal_post": 1.068501706455658, "weight_of_cost_call_goal": 10.535010712464436, "weight_of_cost_call_goal_pre": 1.9994715176307978, "weight_of_cost_call_goal_post": 0.9377300123107327}