{"group_ID": 0, "generation_ID": 7, "individual_ID": 13, "rank": 13, "number_of_nan": 21, "search_time": 33.8, "ancestors": [2, 8, 1, 1, 1, 11], "is_for_training": true, "weight_of_cost_no_call_goal_pre": 1.8332828707250073, "weight_of_cost_no_call_goal_post": 1.1603758369536894, "weight_of_cost_call_goal": 10.66808315811955, "weight_of_cost_call_goal_pre": 1.7171983331841416, "weight_of_cost_call_goal_post": 0.9086835089014258}