{"group_ID": 1, "generation_ID": 8, "individual_ID": 14, "rank": 13, "number_of_nan": 21, "search_time": 31.2, "ancestors": [3, 9, 15, 11, 12, 4, 5], "is_for_training": true, "weight_of_cost_no_call_goal_pre": 2.4516555311199, "weight_of_cost_no_call_goal_post": 0.4745206148127835, "weight_of_cost_call_goal": 12.388703048474133, "weight_of_cost_call_goal_pre": 2.612289767785299, "weight_of_cost_call_goal_post": 0.5136846856150853}