{"group_ID": 1, "generation_ID": 9, "individual_ID": 12, "rank": 13, "number_of_nan": 25, "search_time": 2.4000000000000004, "ancestors": [5, 11, 9, 14, 1, 1, 2, 10], "is_for_training": true, "weight_of_cost_no_call_goal_pre": 2.2932514482572786, "weight_of_cost_no_call_goal_post": 1.1129845633648794, "weight_of_cost_call_goal": 11.498159927375317, "weight_of_cost_call_goal_pre": 2.5499432460570977, "weight_of_cost_call_goal_post": 0.8947693579801361}