{"group_ID": 0, "generation_ID": 8, "individual_ID": 10, "rank": 9, "number_of_nan": 5, "search_time": 73.2, "ancestors": [2, 0, 0, 8, 10, 1, 1], "is_for_training": true, "weight_of_cost_no_call_goal_pre": 2.2063478042989293, "weight_of_cost_no_call_goal_post": 0.9191594353041349, "weight_of_cost_call_goal": 11.982469220799606, "weight_of_cost_call_goal_pre": 1.838082896481398, "weight_of_cost_call_goal_post": 0.7325256806799875}