{"group_ID": 0, "generation_ID": 11, "individual_ID": 12, "rank": 10, "number_of_nan": 6, "search_time": 72.49999999999999, "ancestors": [2, 0, 0, 0, 8, 2, 2, 3, 4, 4], "is_for_training": true, "weight_of_cost_no_call_goal_pre": 2.2021732238818146, "weight_of_cost_no_call_goal_post": 1.0787392460717853, "weight_of_cost_call_goal": 9.644965189629396, "weight_of_cost_call_goal_pre": 1.9263139810540408, "weight_of_cost_call_goal_post": 1.3376475818451312}