{"group_ID": 0, "generation_ID": 2, "individual_ID": 12, "rank": 7, "number_of_nan": 13, "search_time": 38.099999999999994, "ancestors": [6], "is_for_training": true, "weight_of_cost_no_call_goal_pre": 2.7503199485146856, "weight_of_cost_no_call_goal_post": 0.8506051913068291, "weight_of_cost_call_goal": 11.337557782157443, "weight_of_cost_call_goal_pre": 2.8008844170397578, "weight_of_cost_call_goal_post": 0.835305188886803}