{"group_ID": 0, "generation_ID": 11, "individual_ID": 14, "rank": 13, "number_of_nan": 21, "search_time": 52.6, "ancestors": [2, 8, 9, 2, 3, 6, 15, 5, 6, 6], "is_for_training": true, "weight_of_cost_no_call_goal_pre": 1.3423910510376216, "weight_of_cost_no_call_goal_post": 0.990237064357007, "weight_of_cost_call_goal": 13.797634313824414, "weight_of_cost_call_goal_pre": 1.8594824680099458, "weight_of_cost_call_goal_post": 0.8408838570962893}