{"group_ID": 0, "generation_ID": 7, "individual_ID": 4, "rank": 7, "number_of_nan": 5, "search_time": 72.30000000000001, "ancestors": [2, 0, 0, 8, 2, 4], "is_for_training": true, "weight_of_cost_no_call_goal_pre": 2.523421545376138, "weight_of_cost_no_call_goal_post": 1.1613929206236018, "weight_of_cost_call_goal": 8.77776280727211, "weight_of_cost_call_goal_pre": 2.6213087850739436, "weight_of_cost_call_goal_post": 0.8047077065185687}