{"group_ID": 2, "generation_ID": 3, "individual_ID": 0, "rank": 0, "number_of_nan": 10, "search_time": 58.39999999999999, "ancestors": [4, 8], "is_for_training": true, "weight_of_cost_no_call_goal_pre": 3.4878866280001013, "weight_of_cost_no_call_goal_post": 1.018859857125043, "weight_of_cost_call_goal": 8.827745970072618, "weight_of_cost_call_goal_pre": 3.5615922467846923, "weight_of_cost_call_goal_post": 0.8512819091620728}