{"group_ID": 1, "generation_ID": 8, "individual_ID": 7, "rank": 11, "number_of_nan": 7, "search_time": 76.5, "ancestors": [3, 9, 15, 11, 12, 4, 13], "is_for_training": true, "weight_of_cost_no_call_goal_pre": 2.2875904961278577, "weight_of_cost_no_call_goal_post": 0.6546924578561293, "weight_of_cost_call_goal": 9.164541231798546, "weight_of_cost_call_goal_pre": 2.2812975549366086, "weight_of_cost_call_goal_post": 0.6339826431269915}