{"group_ID": 1, "generation_ID": 7, "individual_ID": 10, "rank": 12, "number_of_nan": 9, "search_time": 58.900000000000006, "ancestors": [5, 11, 9, 14, 1, 1], "is_for_training": true, "weight_of_cost_no_call_goal_pre": 2.8255115470180487, "weight_of_cost_no_call_goal_post": 1.281931876776267, "weight_of_cost_call_goal": 12.527903848157449, "weight_of_cost_call_goal_pre": 3.1658782443967226, "weight_of_cost_call_goal_post": 1.2168571512753568}