{"group_ID": 0, "generation_ID": 8, "individual_ID": 11, "rank": 12, "number_of_nan": 9, "search_time": 48.0, "ancestors": [2, 0, 0, 0, 8, 2, 2], "is_for_training": true, "weight_of_cost_no_call_goal_pre": 1.8143984557673707, "weight_of_cost_no_call_goal_post": 0.9138301226954509, "weight_of_cost_call_goal": 7.783222972861272, "weight_of_cost_call_goal_pre": 2.3505307496859467, "weight_of_cost_call_goal_post": 1.1341659633767665}