{"group_ID": 2, "generation_ID": 9, "individual_ID": 5, "rank": 8, "number_of_nan": 12, "search_time": 52.900000000000006, "ancestors": [4, 0, 9, 1, 1, 1, 9, 4], "is_for_training": true, "weight_of_cost_no_call_goal_pre": 2.66506399495322, "weight_of_cost_no_call_goal_post": 1.0962572688372272, "weight_of_cost_call_goal": 11.131457720771314, "weight_of_cost_call_goal_pre": 2.1600108260188677, "weight_of_cost_call_goal_post": 1.316381468453268}