{"group_ID": 0, "generation_ID": 11, "individual_ID": 2, "rank": 3, "number_of_nan": 4, "search_time": 98.69999999999999, "ancestors": [2, 0, 0, 8, 2, 4, 4, 15, 2, 2], "is_for_training": true, "weight_of_cost_no_call_goal_pre": 3.0431638087413293, "weight_of_cost_no_call_goal_post": 0.9627857579508797, "weight_of_cost_call_goal": 10.34038192329224, "weight_of_cost_call_goal_pre": 2.8508681452748807, "weight_of_cost_call_goal_post": 0.8039278563146345}