{"group_ID": 2, "generation_ID": 10, "individual_ID": 12, "rank": 13, "number_of_nan": 24, "search_time": 23.3, "ancestors": [4, 8, 0, 0, 0, 0, 0, 1, 1], "is_for_training": true, "weight_of_cost_no_call_goal_pre": 2.8637066993306153, "weight_of_cost_no_call_goal_post": 0.7144549603294092, "weight_of_cost_call_goal": 8.986590272648673, "weight_of_cost_call_goal_pre": 3.8429895668345897, "weight_of_cost_call_goal_post": 0.8668787042858784}