{"group_ID": 0, "generation_ID": 7, "individual_ID": 15, "rank": 5, "number_of_nan": 5, "search_time": 69.6, "ancestors": [2, 8, 9, 2, 3, 6], "is_for_training": true, "weight_of_cost_no_call_goal_pre": 2.2019730514941775, "weight_of_cost_no_call_goal_post": 0.8604006232074475, "weight_of_cost_call_goal": 13.607671614462747, "weight_of_cost_call_goal_pre": 1.6519979096636472, "weight_of_cost_call_goal_post": 0.9371786375736858}