{"group_ID": 0, "generation_ID": 6, "individual_ID": 11, "rank": 5, "number_of_nan": 6, "search_time": 75.19999999999999, "ancestors": [2, 8, 1, 1, 1], "is_for_training": true, "weight_of_cost_no_call_goal_pre": 2.0279989572386867, "weight_of_cost_no_call_goal_post": 0.9094727316308729, "weight_of_cost_call_goal": 9.003823180522845, "weight_of_cost_call_goal_pre": 1.778855945730498, "weight_of_cost_call_goal_post": 0.9859949405698794}