{"group_ID": 1, "generation_ID": 8, "individual_ID": 15, "rank": 8, "number_of_nan": 6, "search_time": 91.6, "ancestors": [3, 9, 15, 11, 12, 4, 13], "is_for_training": true, "weight_of_cost_no_call_goal_pre": 2.198924053498522, "weight_of_cost_no_call_goal_post": 0.5295953492416723, "weight_of_cost_call_goal": 10.683933518595609, "weight_of_cost_call_goal_pre": 1.8749748437900693, "weight_of_cost_call_goal_post": 0.735988567132238}