{"group_ID": 1, "generation_ID": 10, "individual_ID": 9, "rank": 14, "number_of_nan": 25, "search_time": 1.1, "ancestors": [1, 12, 0, 0, 8, 13, 0, 0, 1], "is_for_training": true, "weight_of_cost_no_call_goal_pre": 3.2165723474500605, "weight_of_cost_no_call_goal_post": 1.0713273542237651, "weight_of_cost_call_goal": 9.55143571872766, "weight_of_cost_call_goal_pre": 3.78763825908059, "weight_of_cost_call_goal_post": 1.0116397497684038}