{"group_ID": 1, "generation_ID": 9, "individual_ID": 8, "rank": 14, "number_of_nan": 26, "search_time": 0.5, "ancestors": [1, 12, 0, 0, 8, 13, 0, 8], "is_for_training": true, "weight_of_cost_no_call_goal_pre": 4.080041563944147, "weight_of_cost_no_call_goal_post": 0.8714274587743454, "weight_of_cost_call_goal": 10.713794352897175, "weight_of_cost_call_goal_pre": 5.476581607701282, "weight_of_cost_call_goal_post": 0.9916925766885666}