{"group_ID": 0, "generation_ID": 10, "individual_ID": 14, "rank": 10, "number_of_nan": 8, "search_time": 60.4, "ancestors": [2, 8, 9, 2, 3, 6, 15, 5, 6], "is_for_training": true, "weight_of_cost_no_call_goal_pre": 1.596886127353707, "weight_of_cost_no_call_goal_post": 0.812618317396776, "weight_of_cost_call_goal": 15.720330564083163, "weight_of_cost_call_goal_pre": 1.451157032957334, "weight_of_cost_call_goal_post": 0.7744240904003473}