{"group_ID": 0, "generation_ID": 3, "individual_ID": 0, "rank": 0, "number_of_nan": 6, "search_time": 62.800000000000004, "ancestors": [2, 0], "is_for_training": false, "weight_of_cost_no_call_goal_pre": 3.5366257270068804, "weight_of_cost_no_call_goal_post": 1.1436815163974063, "weight_of_cost_call_goal": 8.802106786554138, "weight_of_cost_call_goal_pre": 2.4265138381385114, "weight_of_cost_call_goal_post": 0.9751034922559861}