{"group_ID": 1, "generation_ID": 9, "individual_ID": 11, "rank": 9, "number_of_nan": 8, "search_time": 62.4, "ancestors": [5, 11, 9, 14, 1, 1, 2, 2], "is_for_training": true, "weight_of_cost_no_call_goal_pre": 2.753165839697826, "weight_of_cost_no_call_goal_post": 1.1984500188875375, "weight_of_cost_call_goal": 10.766701981154666, "weight_of_cost_call_goal_pre": 2.9003934207827022, "weight_of_cost_call_goal_post": 1.0865854738752345}