{"group_ID": 0, "generation_ID": 4, "individual_ID": 9, "rank": 14, "number_of_nan": 14, "search_time": 45.300000000000004, "ancestors": [2, 8, 1], "is_for_training": true, "weight_of_cost_no_call_goal_pre": 1.797230670333563, "weight_of_cost_no_call_goal_post": 1.1473549891504053, "weight_of_cost_call_goal": 10.768973145279, "weight_of_cost_call_goal_pre": 1.8581468622542583, "weight_of_cost_call_goal_post": 0.8930387985913503}