{"group_ID": 2, "generation_ID": 8, "individual_ID": 12, "rank": 13, "number_of_nan": 22, "search_time": 44.9, "ancestors": [4, 0, 9, 1, 1, 1, 9], "is_for_training": true, "weight_of_cost_no_call_goal_pre": 2.4893486526664277, "weight_of_cost_no_call_goal_post": 1.381243404626748, "weight_of_cost_call_goal": 11.031278012909977, "weight_of_cost_call_goal_pre": 2.0769190974928007, "weight_of_cost_call_goal_post": 1.0953412482229563}