{"group_ID": 0, "generation_ID": 8, "individual_ID": 8, "rank": 10, "number_of_nan": 5, "search_time": 76.0, "ancestors": [2, 0, 0, 8, 2, 4, 12], "is_for_training": true, "weight_of_cost_no_call_goal_pre": 2.3917375021554004, "weight_of_cost_no_call_goal_post": 0.8112718948362093, "weight_of_cost_call_goal": 8.931045645536706, "weight_of_cost_call_goal_pre": 2.1244702725882316, "weight_of_cost_call_goal_post": 0.6610479236399434}