{"group_ID": 0, "generation_ID": 9, "individual_ID": 12, "rank": 12, "number_of_nan": 9, "search_time": 46.400000000000006, "ancestors": [2, 0, 0, 0, 8, 2, 2, 3], "is_for_training": true, "weight_of_cost_no_call_goal_pre": 2.2245070085035192, "weight_of_cost_no_call_goal_post": 0.9470460372761854, "weight_of_cost_call_goal": 10.862129748132443, "weight_of_cost_call_goal_pre": 2.573748932266503, "weight_of_cost_call_goal_post": 1.1252051284531372}