{"group_ID": 1, "generation_ID": 6, "individual_ID": 14, "rank": 12, "number_of_nan": 13, "search_time": 28.6, "ancestors": [3, 9, 15, 11, 4], "is_for_training": true, "weight_of_cost_no_call_goal_pre": 2.7134935074468802, "weight_of_cost_no_call_goal_post": 0.6463223292908568, "weight_of_cost_call_goal": 9.282845901235316, "weight_of_cost_call_goal_pre": 2.3229794878810166, "weight_of_cost_call_goal_post": 0.7751671879448214}