{"group_ID": 2, "generation_ID": 7, "individual_ID": 4, "rank": 8, "number_of_nan": 13, "search_time": 37.300000000000004, "ancestors": [6, 15, 12, 12, 14, 14], "is_for_training": true, "weight_of_cost_no_call_goal_pre": 4.12486467317114, "weight_of_cost_no_call_goal_post": 1.4993807863476698, "weight_of_cost_call_goal": 5.367994129470922, "weight_of_cost_call_goal_pre": 3.900891516322288, "weight_of_cost_call_goal_post": 1.4338203109480852}