{"group_ID": 1, "generation_ID": 7, "individual_ID": 8, "rank": 15, "number_of_nan": 24, "search_time": 5.3, "ancestors": [1, 12, 0, 0, 8, 13], "is_for_training": true, "weight_of_cost_no_call_goal_pre": 3.8432773108149365, "weight_of_cost_no_call_goal_post": 1.1298662362169103, "weight_of_cost_call_goal": 10.676924001060936, "weight_of_cost_call_goal_pre": 3.100048208514131, "weight_of_cost_call_goal_post": 1.105688500734199}