{"group_ID": 2, "generation_ID": 6, "individual_ID": 10, "rank": 13, "number_of_nan": 22, "search_time": 44.9, "ancestors": [4, 0, 1, 2, 2], "is_for_training": true, "weight_of_cost_no_call_goal_pre": 3.3084275074081955, "weight_of_cost_no_call_goal_post": 1.0890935488945817, "weight_of_cost_call_goal": 11.256395478609484, "weight_of_cost_call_goal_pre": 2.7864084329668293, "weight_of_cost_call_goal_post": 1.1999840887505664}