{"group_ID": 0, "generation_ID": 10, "individual_ID": 13, "rank": 8, "number_of_nan": 5, "search_time": 71.6, "ancestors": [2, 8, 1, 1, 1, 3, 3, 4, 5], "is_for_training": true, "weight_of_cost_no_call_goal_pre": 2.4595804840756763, "weight_of_cost_no_call_goal_post": 0.9125284227882238, "weight_of_cost_call_goal": 10.60073754228829, "weight_of_cost_call_goal_pre": 2.2059868601936437, "weight_of_cost_call_goal_post": 0.9132985587539179}