{"group_ID": 1, "generation_ID": 7, "individual_ID": 15, "rank": 9, "number_of_nan": 7, "search_time": 78.30000000000001, "ancestors": [5, 11, 9, 14, 1, 9], "is_for_training": true, "weight_of_cost_no_call_goal_pre": 3.8689047700308863, "weight_of_cost_no_call_goal_post": 0.8523465550329049, "weight_of_cost_call_goal": 7.869097938001791, "weight_of_cost_call_goal_pre": 3.6623712603155285, "weight_of_cost_call_goal_post": 0.9654844806750219}