{"group_ID": 2, "generation_ID": 11, "individual_ID": 10, "rank": 15, "number_of_nan": 25, "search_time": 3.5999999999999996, "ancestors": [4, 8, 0, 0, 0, 0, 0, 1, 9, 1], "is_for_training": true, "weight_of_cost_no_call_goal_pre": 4.121607184297914, "weight_of_cost_no_call_goal_post": 0.6891686553080855, "weight_of_cost_call_goal": 11.983791227851144, "weight_of_cost_call_goal_pre": 4.592171250522419, "weight_of_cost_call_goal_post": 0.665251822183878}