{"group_ID": 2, "generation_ID": 11, "individual_ID": 8, "rank": 6, "number_of_nan": 8, "search_time": 89.5, "ancestors": [4, 0, 1, 2, 2, 2, 10, 2, 11, 11], "is_for_training": true, "weight_of_cost_no_call_goal_pre": 2.0051810948592017, "weight_of_cost_no_call_goal_post": 0.9148899349820836, "weight_of_cost_call_goal": 14.96581429129367, "weight_of_cost_call_goal_pre": 2.733551697563716, "weight_of_cost_call_goal_post": 1.187031865247874}