{"group_ID": 1, "generation_ID": 11, "individual_ID": 14, "rank": 12, "number_of_nan": 9, "search_time": 76.9, "ancestors": [5, 11, 1, 1, 3, 3, 12, 3, 5, 5], "is_for_training": true, "weight_of_cost_no_call_goal_pre": 2.4477043753706, "weight_of_cost_no_call_goal_post": 1.0483568763184334, "weight_of_cost_call_goal": 13.030872750766562, "weight_of_cost_call_goal_pre": 2.9316329932253016, "weight_of_cost_call_goal_post": 0.8210986499231745}