{"group_ID": 2, "generation_ID": 7, "individual_ID": 3, "rank": 7, "number_of_nan": 13, "search_time": 36.9, "ancestors": [2, 13, 10, 3, 3, 3], "is_for_training": true, "weight_of_cost_no_call_goal_pre": 3.3960797610995797, "weight_of_cost_no_call_goal_post": 1.0488869246115995, "weight_of_cost_call_goal": 9.656754225913875, "weight_of_cost_call_goal_pre": 3.6400944981426187, "weight_of_cost_call_goal_post": 0.9368248977206984}