{"group_ID": 1, "generation_ID": 5, "individual_ID": 12, "rank": 4, "number_of_nan": 7, "search_time": 73.89999999999999, "ancestors": [3, 9, 15, 11], "is_for_training": true, "weight_of_cost_no_call_goal_pre": 2.3898933473437545, "weight_of_cost_no_call_goal_post": 0.7601059335921017, "weight_of_cost_call_goal": 10.89990941945649, "weight_of_cost_call_goal_pre": 2.8359204149147694, "weight_of_cost_call_goal_post": 0.5759762380550585}