{"group_ID": 0, "generation_ID": 9, "individual_ID": 14, "rank": 15, "number_of_nan": 26, "search_time": 0.7, "ancestors": [2, 8, 9, 2, 3, 6, 15, 5], "is_for_training": true, "weight_of_cost_no_call_goal_pre": 1.8061333048667998, "weight_of_cost_no_call_goal_post": 0.9259748461721359, "weight_of_cost_call_goal": 12.219734448193892, "weight_of_cost_call_goal_pre": 1.8951536796969037, "weight_of_cost_call_goal_post": 0.755874818662314}