{"group_ID": 0, "generation_ID": 7, "individual_ID": 14, "rank": 15, "number_of_nan": 25, "search_time": 1.0, "ancestors": [2, 8, 9, 2, 11, 5], "is_for_training": true, "weight_of_cost_no_call_goal_pre": 1.6061097505124802, "weight_of_cost_no_call_goal_post": 0.9197915500761393, "weight_of_cost_call_goal": 12.508414284471632, "weight_of_cost_call_goal_pre": 1.5939510759650637, "weight_of_cost_call_goal_post": 1.283955475327818}