{"group_ID": 0, "generation_ID": 11, "individual_ID": 7, "rank": 8, "number_of_nan": 5, "search_time": 69.7, "ancestors": [2, 0, 0, 0, 0, 0, 8, 6, 7, 7], "is_for_training": true, "weight_of_cost_no_call_goal_pre": 2.528889861920686, "weight_of_cost_no_call_goal_post": 0.8208535690595901, "weight_of_cost_call_goal": 7.312217389188803, "weight_of_cost_call_goal_pre": 2.4902044085032244, "weight_of_cost_call_goal_post": 1.1623033991099923}