{"group_ID": 1, "generation_ID": 4, "individual_ID": 10, "rank": 15, "number_of_nan": 25, "search_time": 1.2999999999999998, "ancestors": [4, 14, 2], "is_for_training": true, "weight_of_cost_no_call_goal_pre": 2.2835892961683064, "weight_of_cost_no_call_goal_post": 0.9767220981590063, "weight_of_cost_call_goal": 11.304579567002996, "weight_of_cost_call_goal_pre": 2.9509926389649035, "weight_of_cost_call_goal_post": 0.942045735903921}