{"group_ID": 0, "generation_ID": 3, "individual_ID": 5, "rank": 6, "number_of_nan": 13, "search_time": 35.900000000000006, "ancestors": [3, 10], "is_for_training": true, "weight_of_cost_no_call_goal_pre": 2.2609126449778936, "weight_of_cost_no_call_goal_post": 1.0618430213834975, "weight_of_cost_call_goal": 9.464067381958428, "weight_of_cost_call_goal_pre": 2.3037072080810694, "weight_of_cost_call_goal_post": 0.8957682406250644}