{"group_ID": 2, "generation_ID": 4, "individual_ID": 10, "rank": 12, "number_of_nan": 16, "search_time": 18.799999999999997, "ancestors": [4, 0, 1], "is_for_training": true, "weight_of_cost_no_call_goal_pre": 3.030244920854926, "weight_of_cost_no_call_goal_post": 0.9579643510458719, "weight_of_cost_call_goal": 11.962697864103644, "weight_of_cost_call_goal_pre": 2.603142796413535, "weight_of_cost_call_goal_post": 1.0641929123869531}