{"group_ID": 2, "generation_ID": 9, "individual_ID": 13, "rank": 14, "number_of_nan": 25, "search_time": 1.2999999999999998, "ancestors": [4, 0, 9, 1, 1, 1, 9, 4], "is_for_training": true, "weight_of_cost_no_call_goal_pre": 1.8387547539655922, "weight_of_cost_no_call_goal_post": 1.1420445840696085, "weight_of_cost_call_goal": 12.619933021901147, "weight_of_cost_call_goal_pre": 2.4978858392446726, "weight_of_cost_call_goal_post": 1.207226752126798}